0
1
2
3
4
5
6
7
8
9
10
11
12
13
14
15
16
17
18
19
20
21
22
23
24
25
26
27
28
29
30
31
32
33
34
35
36
37
38
39
40
41
42
43
44
45
46
47
48
49
50
51
52
53
54
55
56
57
58
59
60
61
62
63
64
65
66
67
68
69
70
71
72
73
74
75
76
77
78
79
80
81
82
83
84
85
86
87
88
89
90
91
92
93
94
96
98
104
105
106
107
108
110
111
116
117
119
123
127
134
136
138
139
157
171
197
198
220
222
223
225
226
227
228
231
233
234
238
239
241
242
244
245
248
249
253
254
255
256
257
258
259
260
261
262
263
264
265
266
267
268
269
270
271
272
273
274
275
276
277
278
279
280
281
282
283
284
285
286
287
288
289
290
291
292
293
294
295
296
298
299
300
301
302
303
304
305
306
307
308
309
310
311
312
313
314
315
316
318
319
320
321
322
323
324
325
326
327
328
329
330
331
332
333
334
335
336
337
338
339
340
341
342
343
344
345
346
347
348
349
350
351
352
353
354
355
356
357
358
359
360
361
362
363
364
365
366
367
368
369
370
371
372
374
375
376
377
378
379
380
381
382
383
384
385
386
387
388
389
390
391
392
393
394
395
396
397
398
399
400
401
402
403
404
405
406
407
408
409
410
411
412
413
414
415
416
417
418
419
420
421
423
424
425
426
427
428
429
430
431
432
433
434
435
436
437
438
439
440
441
442
443
444
445
446
447
448
449
450
451
452
453
455
456
457
458
459
460
461
462
463
464
466
467
468
469
470
471
472
473
474
475
476
477
478
479
480
481
482
483
484
485
486
487
488
489
490
491
492
493
494
495
496
497
498
499
500
501
502
503
504
505
506
507
508
509
510
511
512
513
514
516
517
518
519
520
521
522
523
524
525
526
527
528
529
530
531
532
533
534
535
536
537
538
539
540
541
542
543
544
545
547
548
549
550
551
552
553
554
555
557
558
559
560
561
562
563
564
565
566
567
568
569
570
571
572
573
574
575
576
577
578
579
580
581
582
583
585
586
587
588
589
590
591
592
593
594
595
596
597
598
599
600
601
602
603
604
605
606
607
608
609
610
611
612
613
614
615
616
617
618
619
620
622
623
624
625
626
627
628
629
630
631
632
633
634
635
636
637
638
639
640
641
642
643
644
645
646
647
648
649
650
651
652
653
654
655
656
657
658
659
660
661
662
663
664
665
666
667
668
669
670
671
672
673
674
675
676
677
678
680
681
682
683
684
685
686
687
688
689
691
692
693
694
695
696
697
698
699
700
701
702
703
704
706
707
708
709
710
711
712
713
714
715
716
717
718
719
721
722
723
724
725
726
727
728
729
730
731
732
733
734
735
736
737
738
739
740
741
742
743
744
745
746
747
748
749
750
751
752
753
754
755
756
757
758
759
760
761
762
763
764
765
766
767
768
769
770
771
772
773
774
775
776
777
778
779
780
781
782
783
784
785
786
787
788
789
790
791
792
793
794
795
796
797
798
799
800
801
802
803
804
805
806
807
808
809
810
811
812
813
814
815
816
817
818
819
821
822
823
824
825
826
829
830
831
832
833
834
835
836
837
838
839
840
841
842
843
844
846
847
848
849
850
851
852
853
854
855
856
857
858
859
860
861
862
863
864
866
867
868
869
870
871
872
873
874
875
876
877
878
879
880
881
882
883
884
885
886
887
888
889
890
891
892
893
894
895
896
897
898
899
900
901
902
903
904
905
906
907
908
909
910
911
912
913
914
915
916
917
918
919
920
922
923
924
925
926
927
928
929
930
931
932
933
935
936
937
938
939
940
941
942
943
944
945
946
947
948
949
950
951
952
953
954
955
956
957
958
959
960
961
962
963
964
965
966
967
968
969
971
972
973
974
975
976
977
978
979
980
981
982
983
984
985
986
987
988
989
991
992
993
994
995
996
997
998
999
1000
1001
1002
1003
1004
1005
1006
1007
1008
1009
1010
1011
1012
1013
1014
1015
1016
1017
1018
1019
1020
1021
1022
1023
1024
1025
1026
1027
1028
1029
1030
1032
1033
1034
1035
1036
1037
1038
1039
1040
1041
1042
1043
1044
1045
1046
1047
1048
1049
1050
1051
1052
1053
1054
1055
1056
1057
1058
1059
1060
1061
1062
1063
1064
1065
1066
1067
1068
1070
1071
1072
1073
1074
1075
1076
1077
1078
1079
1080
1081
1082
1083
1084
1085
1086
1087
1088
1089
1090
1091
1092
1093
1094
1095
1096
1097
1098
1099
1100
1101
1102
1103
1104
1105
1106
1109
1110
1111
1112
1113
1114
1115
1116
1117
1118
1119
1120
1121
1122
1123
1124
1125
1126
1128
1129
1130
1131
1132
1133
1134
1135
1136
1137
1138
1139
1140
1141
1142
1143
1144
1145
1146
1147
1148
1149
1150
1151
1152
1153
1154
1155
1156
1157
1158
1159
1160
1161
1162
1163
1164
1165
1166
1167
1170
1171
1172
1173
1174
1175
1176
1178
1179
1180
1181
1182
1183
1184
1185
1186
1187
1188
1189
1190
1191
1192
1193
1194
1195
1196
1197
1198
1199
1200
1201
1202
1203
1204
1205
1206
1207
1208
1209
1210
1211
1212
1213
1214
1215
1216
1217
1218
1219
1220
1221
1222
1223
1224
1225
1226
1227
1228
1229
1231
1234
1235
1236
1237
1238
1239
1240
1241
1242
1243
1244
1245
1246
1247
1248
1249
1250
1251
1252
1253
1254
1255
1256
1257
1258
1259
1260
1261
1262
1263
1264
1265
1266
1267
1268
1269
1270
1271
1272
1273
1274
1275
1277
1278
1279
1280
1281
1282
1283
1284
1285
1286
1287
1288
1289
1290
1291
1292
1293
1294
1295
1296
1297
1298
1299
1300
1301
1302
1303
1304
1305
1306
1307
1308
1309
1310
1311
1312
1313
1314
1315
1316
1317
1318
1319
1320
1322
1323
1324
1325
1326
1327
1328
1329
1330
1331
1332
1333
1334
1335
1336
1338
1339
1340
1341
1342
1344
1345
1346
1347
1348
1349
1350
1351
1352
1353
1354
1355
1356
1358
1360
1361
1362
1363
1364
1365
1366
1367
1368
1369
1370
1371
1372
1373
1374
1375
1376
1378
1379
1380
1381
1382
1383
1384
1385
1386
1387
1388
1389
1390
1391
1393
1394
1395
1396
1399
1400
1401
1402
1404
1405
1406
1407
1408
1409
1410
1411
1412
1413
1414
1415
1416
1418
1419
1420
1421
1422
1423
1425
1426
1427
1428
1429
1430
1432
1433
1434
1435
1436
1437
1438
1439
1440
1441
1442
1443
1445
1446
1447
1448
1449
1451
1452
1453
1454
1455
1456
1457
1458
1459
1460
1461
1462
1463
1464
1465
1466
1467
1468
1469
1470
1471
1472
1473
1474
1475
1476
1477
1478
1479
1480
1481
1482
1483
1484
1485
1487
1488
1489
1490
1492
1493
1494
1495
1496
1497
1498
1499
1500
1501
1502
1503
1505
1506
1508
1509
1510
1511
1512
1513
1514
1515
1516
1518
1519
1520
1521
1522
1523
1524
1525
1526
1527
1528
1529
1530
1531
1532
1533
1534
1535
1536
1537
1538
1539
1540
1541
1542
1543
1544
1545
1546
1547
1548
1549
1550
1551
1552
1553
1554
1555
1556
1557
1558
1559
1560
1561
1562
1563
1564
1565
1566
1567
1568
1569
1570
1572
1573
1574
1575
1576
1577
1578
1579
1580
1581
1582
1583
1584
1585
1586
1587
1588
1589
1590
1591
1592
1593
1594
1595
1596
1597
1598
1599
1600
1601
1602
1603
1605
1606
1607
1608
1609
1610
1611
1612
1613
1614
1615
1616
1617
1618
1619
1620
1621
1622
1623
1624
1625
1626
1627
1628
1630
1631
1632
1633
1634
1635
1636
1637
1638
1639
1640
1641
1642
1643
1644
1645
1646
1647
1648
1649
1650
1652
1653
1654
1655
1656
1657
1658
1659
1660
1661
1662
1663
1664
1665
1666
1667
1668
1669
1670
1671
1672
1673
1674
1675
1676
1678
1679
1680
1681
1682
1683
1684
1685
1686
1687
1688
1689
1690
1691
1692
1693
1694
1695
1696
1697
1698
1699
1700
1701
1702
1703
1704
1705
1706
1707
1708
1709
1711
1712
1713
1714
1715
1716
1718
1719
1720
1721
1722
1723
1724
1725
1727
1728
1729
1730
1731
1732
1733
1734
1736
1737
1738
1740
1741
1742
1743
1744
1745
1746
1748
1749
1750
1752
1753
1754
1755
1756
1757
1759
1760
1761
1762
1763
1764
1765
1766
1767
1768
1769
1770
1771
1772
1773
1774
1775
1776
1777
1778
1779
1780
1781
1782
1783
1784
1785
1786
1787
1788
1789
1790
1791
1792
1793
1794
1795
1796
1797
1798
1799
1800
1801
1802
1803
1804
1805
1806
1807
1808
1809
1810
1811
1812
1813
1814
1815
1816
1817
1818
1819
1820
1821
1822
1824
1825
1826
1827
1828
1829
1830
1831
1832
1833
1834
1835
1836
1837
1840
1841
1842
1843
1844
1845
1846
1847
1848
1849
1850
1851
1852
1853
1854
1855
1856
1857
1858
1859
1860
1861
1862
1864
1865
1866
1867
1868
1869
1870
1871
1872
1874
1875
1876
1877
1878
1879
1880
1881
1882
1883
1884
1885
1886
1887
1888
1889
1890
1891
1892
1893
1894
1895
1896
1897
1898
1899
1900
1901
1902
1904
1905
1906
1908
1910
1911
1912
1913
1914
1915
1916
1917
1918
1919
1921
1922
1923
1924
1925
1926
1927
1928
1929
1930
1931
1932
1934
1935
1936
1937
1938
1939
1940
1941
1942
1943
1944
1945
1946
1947
1948
1949
1950
1951
1952
1953
1954
1956
1957
1958
1959
1960
1962
1964
1965
1966
1967
1968
1970
1971
1972
1973
1975
1977
1979
1980
1981
1982
1983
1984
1985
1986
1987
1988
1989
1990
1992
1993
1994
1996
1998
1999
2000
2001
2002
2003
2004
2006
2007
2009
2010
2011
2012
2013
2014
2015
2017
2018
2019
2020
2021
2022
2023
2024
2025
2027
2028
2029
2030
2032
2033
2034
2035
2036
2037
2038
2039
2042
2043
2044
2045
2046
2047
2048
2050
2051
2052
2053
2054
2055
2056
2057
2058
2059
2060
2061
2063
2064
2068
2069
2070
2072
2073
2074
2075
2076
2077
2078
2079
2080
2081
2082
2083
2084
2085
2086
2087
2088
2089
2090
2091
2093
2094
2095
2096
2098
2099
2100
2101
2102
2103
2104
2105
2106
2107
2108
2109
2110
2112
2113
2114
2116
2117
2119
2120
2121
2122
2123
2124
2126
2127
2128
2129
2130
2131
2132
2133
2134
2135
2136
2137
2138
2139
2140
2141
2143
2144
2145
2146
2147
2148
2149
2150
2151
2152
2153
2154
2155
2156
2159
2160
2162
2163
2164
2166
2167
2168
2169
2170
2171
2172
2173
2174
2176
2177
2178
2179
2180
2181
2182
2184
2185
2186
2187
2188
2189
2190
2191
2192
2193
2194
2195
2196
2197
2198
2199
2200
2201
2202
2203
2204
2205
2206
2207
2208
2209
2210
2211
2212
2213
2215
2216
2217
2220
2221
2222
2224
2225
2226
2229
2230
2231
2232
2233
2234
2235
2236
2237
2238
2239
2240
2241
2242
2243
2244
2246
2247
2248
2249
2250
2251
2252
2253
2254
2255
2256
2257
2258
2259
2260
2261
2262
2263
2264
2265
2266
2267
2268
2269
2270
2271
2272
2274
2275
2276
2277
2278
2279
2280
2282
2283
2284
2285
2286
2287
2288
2290
2291
2292
2293
2294
2295
2296
2297
2298
2299
2301
2302
2303
2304
2305
2306
2307
2308
2309
2310
2311
2312
2313
2315
2316
2318
2319
2320
2321
2322
2323
2324
2325
2327
2328
2329
2330
2331
2332
2333
2334
2335
2336
2337
2338
2341
2342
2343
2344
2345
2346
2347
2348
2349
2350
2351
2353
2354
2355
2356
2357
2358
2359
2360
2361
2362
2363
2364
2365
2366
2367
2368
2369
2370
2372
2373
2374
2376
2378
2379
2380
2381
2382
2383
2384
2387
2388
2389
2390
2391
2392
2393
2394
2395
2396
2397
2398
2399
2400
2402
2403
2404
2405
2406
2407
2408
2410
2411
2412
2413
2414
2415
2416
2418
2420
2421
2422
2423
2424
2425
2426
2427
2428
2429
2430
2431
2432
2433
2434
2435
2436
2438
2439
2440
2441
2442
2443
2444
2445
2446
2447
2448
2450
2452
2453
2454
2455
2456
2458
2459
2460
2461
2462
2463
2464
2465
2466
2467
2468
2469
2470
2471
2472
2473
2474
2475
2476
2477
2478
2479
2480
2481
2482
2483
2484
2485
2486
2487
2488
2489
2490
2491
2492
2493
2494
2495
2496
2497
2498
2499
2500
2502
2503
2504
2505
2506
2507
2508
2510
2511
2512
2513
2514
2515
2516
2517
2518
2519
2520
2521
2522
2523
2524
2525
2526
2528
2530
2531
2532
2533
2534
2535
2536
2537
2538
2540
2541
2542
2543
2544
2545
2546
2547
2548
2549
2551
2552
2553
2554
2555
2556
2557
2558
2559
2560
2561
2562
2563
2564
2565
2567
2568
2569
2570
2571
2572
2573
2574
2575
2576
2577
2578
2579
2580
2581
2582
2583
2585
2586
2587
2588
2589
2590
2591
2592
2593
2594
2595
2597
2598
2599
2600
2601
2602
2603
2604
2605
2606
2607
2608
2609
2610
2612
2613
2614
2615
2616
2617
2618
2619
2621
2622
2623
2624
2625
2626
2627
2628
2629
2630
2631
2632
2634
2636
2637
2638
2639
2640
2641
2642
2643
2644
2645
2646
2647
2648
2649
2650
2651
2652
2653
2654
2655
2656
2657
2658
2659
2660
2661
2662
2663
2664
2665
2666
2668
2669
2670
2673
2674
2675
2676
2677
2678
2679
2680
2681
2682
2683
2684
2685
2686
2688
2689
2690
2691
2692
2693
2694
2695
2696
2697
2698
2699
2700
2701
2702
2703
2704
2705
2706
2707
2708
2709
2710
2711
2712
2713
2714
2715
2716
2717
2718
2719
2720
2721
2722
2723
2724
2725
2726
2729
2730
2731
2732
2733
2734
2735
2736
2737
2738
2739
2740
2741
2742
2743
2744
2745
2746
2747
2748
2749
2750
2751
2752
2754
2755
2756
2757
2758
2759
2760
2761
2762
2763
2764
2765
2766
2767
2768
2769
2770
2771
2772
2773
2774
2775
2776
2777
2779
2780
2781
2782
2783
2784
2785
2786
2787
2788
2789
2790
2791
2792
2793
2794
2795
2796
2797
2798
2799
2800
2801
2802
2803
2804
2805
2806
2809
2810
2811
2812
2813
2814
2815
2816
2817
2818
2820
2821
2822
2823
2824
2825
2826
2827
2828
2829
2830
2831
2832
2833
2835
2836
2837
2838
2839
2840
2841
2842
2843
2844
2845
2846
2847
2848
2849
2850
2851
2852
2854
2855
2856
2857
2858
2859
2860
2861
2862
2863
2864
2865
2866
2867
2868
2869
2870
2871
2872
2873
2874
2875
2876
2877
2878
2879
2880
2881
2882
2883
2884
2885
2886
2887
2890
2891
2892
2893
2894
2895
2896
2897
2898
2899
2900
2901
2902
2903
2904
2905
2906
2907
2908
2909
2910
2911
2912
2913
2914
2915
2917
2918
2919
2920
2921
2922
2923
2924
2925
2926
2928
2929
2930
2931
2932
2933
2934
2935
2936
2937
2938
2939
2940
2942
2943
2944
2945
2946
2947
2948
2949
2950
2951
2952
2953
2954
2955
2956
2957
2958
2959
2960
2961
2962
2963
2964
2965
2967
2968
2969
2971
2972
2973
2974
2975
2976
2977
2978
2979
2980
2981
2982
2983
2984
2985
2986
2987
2988
2989
2990
2991
2992
2993
2994
2995
2996
2997
2998
3000
3001
3002
3003
3004
3005
3006
3007
3008
3009
3010
3012
3013
3014
3016
3017
3018
3019
3020
3021
3022
3023
3024
3026
3027
3028
3030
3031
3032
3033
3034
3035
3036
3037
3038
3039
3040
3041
3042
3043
3044
3045
3046
3047
3048
3049
3050
3051
3052
3053
3054
3055
3056
3057
3058
3059
3060
3061
3062
3063
3064
3065
3066
3067
3069
3070
3071
3072
3074
3075
3076
3077
3078
3079
3080
3081
3082
3083
3084
3085
3086
3087
3088
3089
3090
3091
3092
3093
3094
3095
3096
3097
3098
3099
3100
3101
3102
3104
3105
3106
3107
3108
3109
3110
3111
3112
3113
3114
3115
3117
3118
3122
3123
3124
3125
3126
3127
3128
3129
3130
3131
3132
3133
3134
3135
3136
3137
3138
3140
3141
3143
3144
3145
3146
3147
3148
3149
3150
3151
3152
3153
3154
3155
3156
3157
3158
3159
3160
3161
3162
3163
3164
3165
3166
3167
3168
3170
3171
3172
3173
3174
3175
3176
3177
3178
3179
3180
3181
3182
3183
3184
3185
3186
3187
3189
3190
3191
3192
3193
3194
3195
3196
3197
3198
3199
3200
3201
3202
3203
3204
3205
3207
3208
3209
3210
3212
3213
3214
3215
3216
3217
3218
3219
3221
3222
3223
3224
3225
3226
3228
3229
3231
3232
3233
3234
3235
3237
3238
3239
3240
3241
3242
3243
3244
3246
3247
3248
3250
3251
3252
3253
3254
3255
3256
3257
3258
3259
3260
3262
3263
3264
3266
3267
3268
3269
3270
3271
3272
3273
3274
3276
3277
3278
3280
3281
3282
3283
3284
3285
3286
3287
3288
3289
3290
3291
3292
3294
3295
3296
3297
3298
3299
3300
3301
3302
3303
3304
3305
3307
3308
3309
3310
3311
3312
3313
3314
3315
3316
3317
3318
3319
3320
3321
3322
3323
3324
3325
3327
3328
3329
3330
3331
3334
3335
3336
3337
3338
3339
3340
3342
3343
3344
3345
3346
3347
3348
3349
3350
3351
3352
3354
3356
3357
3358
3359
3361
3362
3364
3365
3366
3367
3368
3369
3370
3371
3372
3373
3374
3375
3376
3377
3378
3379
3380
3381
3382
3383
3384
3385
3387
3388
3389
3390
3391
3392
3393
3394
3395
3397
3398
3399
3400
3401
3402
3403
3404
3405
3406
3407
3408
3409
3410
3411
3412
3413
3414
3415
3417
3418
3419
3420
3421
3422
3423
3424
3425
3426
3427
3428
3429
3430
3431
3432
3433
3434
3435
3436
3437
3438
3439
3440
3442
3443
3444
3445
3446
3447
3449
3450
3451
3452
3455
3456
3458
3459
3460
3461
3462
3463
3464
3465
3466
3467
3468
3470
3471
3472
3473
3474
3476
3477
3478
3479
3480
3481
3482
3484
3485
3486
3487
3488
3489
3490
3491
3492
3493
3494
3495
3496
3497
3498
3499
3500
3501
3502
3503
3504
3505
3506
3507
3508
3510
3511
3512
3513
3514
3515
3516
3517
3518
3519
3520
3521
3522
3523
3524
3525
3526
3527
3528
3529
3531
3533
3534
3535
3536
3538
3539
3540
3541
3542
3543
3544
3545
3546
3547
3548
3549
3552
3553
3554
3555
3556
3557
3558
3559
3560
3561
3562
3563
3564
3565
3566
3567
3568
3569
3570
3571
3572
3573
3574
3575
3576
3577
3578
3579
3580
3581
3582
3583
3584
3585
3586
3587
3588
3591
3593
3594
3595
3596
3597
3598
3599
3600
3601
3602
3603
3604
3605
3606
3608
3609
3611
3612
3613
3614
3615
3616
3617
3618
3619
3620
3621
3622
3623
3624
3625
3626
3627
3628
3629
3630
3631
3632
3633
3634
3635
3636
3637
3638
3639
3641
3642
3643
3644
3645
3646
3648
3650
3651
3653
3654
3655
3656
3657
3658
3659
3660
3661
3662
3663
3665
3666
3667
3668
3669
3670
3671
3672
3674
3675
3676
3677
3678
3679
3680
3681
3682
3683
3684
3685
3687
3689
3690
3691
3692
3693
3694
3695
3696
3697
3700
3701
3702
3703
3704
3705
3706
3707
3708
3710
3711
3712
3713
3714
3715
3716
3717
3718
3719
3720
3721
3722
3723
3724
3725
3726
3727
3728
3729
3730
3731
3732
3733
3734
3736
3737
3738
3739
3741
3742
3743
3744
3745
3746
3747
3748
3749
3750
3751
3752
3753
3754
3755
3756
3757
3758
3759
3760
3761
3762
3763
3764
3765
3766
3768
3769
3770
3771
3772
3773
3774
3775
3776
3777
3778
3779
3780
3781
3782
3783
3784
3785
3786
3787
3788
3789
3790
3791
3792
3793
3794
3795
3796
3797
3798
3799
3800
3801
3802
3803
3804
3805
3806
3807
3808
3809
3810
3811
3812
3813
3814
3815
3816
3817
3818
3819
3820
3821
3822
3826
3827
3828
3829
3830
3831
3833
3834
3835
3836
3837
3838
3839
3840
3841
3842
3843
3844
3845
3846
3847
3848
3850
3851
3852
3853
3854
3855
3856
3857
3858
3859
3860
3861
3864
3865
3866
3867
3868
3869
3870
3871
3874
3875
3876
3877
3878
3879
3881
3882
3883
3884
3885
3886
3888
3889
3890
3891
3892
3895
3896
3897
3899
3900
3902
3903
3904
3905
3906
3908
3909
3910
3911
3913
3914
3915
3916
3919
3920
3921
3922
3923
3924
3925
3926
3927
3928
3929
3930
3931
3933
3935
3936
3937
3938
3939
3940
3941
3942
3943
3944
3945
3946
3947
3948
3949
3950
3951
3952
3953
3954
3955
3956
3957
3958
3959
3960
3961
3962
3963
3965
3967
3968
3969
3970
3971
3972
3974
3975
3976
3977
3978
3979
3980
3981
3982
3983
3984
3985
3986
3987
3988
3989
3990
3991
3992
3993
3994
3995
3996
3997
3998
3999
4000
4001
4002
4003
4004
4005
4007
4008
4009
4010
4011
4012
4013
4014
4016
4017
4019
4020
4021
4022
4024
4025
4026
4027
4028
4030
4031
4032
4033
4034
4035
4036
4037
4038
4039
4040
4041
4042
4044
4045
4046
4047
4048
4050
4051
4052
4053
4054
4055
4056
4057
4058
4059
4060
4062
4063
4064
4065
4066
4067
4068
4069
4070
4071
4072
4073
4074
4075
4076
4077
4078
4079
4080
4081
4082
4083
4084
4086
4087
4088
4089
4090
4091
4092
4093
4094
4095
4097
4098
4099
4100
4101
4102
4104
4105
4106
4107
4108
4109
4111
4112
4114
4115
4116
4117
4118
4119
4120
4121
4122
4123
4124
4125
4126
4127
4128
4129
4130
4131
4132
4133
4134
4135
4136
4137
4138
4139
4140
4141
4142
4143
4144
4145
4146
4147
4148
4149
4150
4151
4152
4154
4155
4156
4157
4158
4159
4160
4161
4162
4164
4165
4166
4167
4168
4169
4170
4171
4172
4173
4174
4175
4176
4177
4178
4179
4180
4181
4182
4183
4184
4185
4186
4188
4189
4190
4191
4192
4193
4194
4195
4196
4197
4199
4200
4201
4202
4203
4204
4205
4206
4207
4209
4210
4211
4212
4213
4216
4217
4219
4220
4221
4222
4223
4224
4225
4226
4227
4228
4229
4230
4232
4233
4234
4236
4237
4238
4239
4240
4241
4242
4243
4244
4245
4246
4247
4248
4249
4251
4252
4253
4254
4255
4256
4257
4258
4259
4260
4261
4262
4263
4265
4266
4267
4268
4269
4270
4271
4272
4273
4274
4275
4276
4277
4278
4279
4281
4282
4283
4284
4285
4286
4288
4289
4290
4291
4292
4293
4294
4295
4297
4299
4300
4301
4302
4303
4304
4306
4307
4308
4309
4310
4311
4312
4313
4314
4315
4319
4320
4321
4322
4324
4325
4327
4328
4329
4330
4331
4332
4333
4334
4335
4336
4337
4338
4339
4340
4341
4342
4343
4344
4345
4346
4347
4348
4350
4351
4352
4354
4355
4356
4357
4359
4360
4361
4362
4363
4364
4368
4369
4370
4371
4372
4373
4374
4375
4376
4377
4378
4379
4380
4381
4382
4383
4384
4385
4386
4387
4389
4390
4391
4392
4393
4394
4395
4396
4397
4398
4399
4400
4401
4402
4404
4405
4406
4407
4409
4410
4412
4413
4415
4416
4417
4418
4419
4420
4421
4422
4423
4424
4425
4426
4427
4428
4429
4430
4431
4432
4433
4434
4435
4436
4437
4438
4439
4440
4441
4442
4443
4444
4445
4446
4447
4448
4449
4450
4451
4452
4453
4454
4455
4456
4457
4459
4460
4461
4462
4463
4464
4465
4466
4467
4468
4469
4470
4471
4472
4473
4475
4476
4477
4478
4479
4480
4481
4482
4483
4484
4485
4486
4487
4488
4489
4490
4492
4493
4494
4495
4496
4497
4498
4499
4500
4501
4502
4503
4505
4506
4507
4508
4511
4512
4514
4515
4516
4517
4518
4519
4520
4521
4522
4523
4524
4525
4526
4527
4528
4529
4530
4531
4532
4534
4535
4536
4537
4538
4540
4541
4542
4543
4545
4546
4547
4549
4551
4552
4553
4554
4555
4556
4557
4559
4560
4561
4562
4563
4564
4565
4566
4567
4568
4570
4571
4573
4574
4575
4577
4580
4581
4582
4583
4584
4585
4586
4587
4588
4589
4590
4591
4592
4593
4594
4595
4598
4599
4600
4601
4602
4603
4605
4606
4607
4609
4610
4611
4612
4613
4614
4615
4616
4617
4618
4619
4620
4621
4622
4623
4625
4627
4628
4629
4630
4631
4632
4633
4634
4635
4636
4637
4638
4639
4641
4642
4643
4644
4645
4649
4650
4651
4652
4653
4654
4655
4656
4657
4658
4659
4660
4661
4662
4663
4664
4665
4666
4667
4668
4670
4671
4672
4673
4674
4675
4676
4677
4678
4679
4680
4682
4684
4686
4687
4688
4689
4690
4691
4692
4693
4694
4695
4696
4697
4698
4699
4700
4701
4702
4703
4704
4706
4707
4708
4710
4711
4712
4713
4714
4716
4717
4718
4719
4720
4721
4722
4723
4725
4726
4727
4729
4730
4732
4733
4734
4735
4736
4737
4738
4740
4741
4742
4744
4745
4746
4747
4748
4749
4750
4751
4752
4754
4755
4756
4757
4758
4759
4761
4762
4763
4764
4765
4766
4767
4768
4769
4770
4771
4773
4774
4775
4776
4777
4778
4779
4780
4781
4782
4783
4784
4785
4786
4788
4789
4790
4791
4792
4793
4794
4795
4796
4797
4798
4799
4800
4801
4802
4803
4804
4805
4807
4808
4809
4810
4811
4813
4814
4816
4818
4820
4821
4822
4823
4826
4827
4828
4829
4830
4831
4832
4833
4834
4835
4836
4837
4838
4839
4840
4841
4842
4843
4844
4845
4846
4847
4848
4849
4850
4851
4852
4853
4854
4855
4856
4858
4859
4860
4861
4862
4863
4864
4866
4867
4868
4869
4870
4871
4873
4874
4875
4876
4877
4878
4879
4880
4881
4882
4883
4884
4885
4886
4887
4888
4889
4890
4891
4892
4893
4895
4896
4897
4898
4899
4900
4902
4904
4905
4906
4909
4910
4911
4912
4913
4914
4915
4916
4917
4918
4920
4921
4922
4923
4924
4925
4927
4928
4929
4933
4935
4936
4937
4938
4939
4940
4941
4942
4944
4945
4946
4947
4948
4950
4951
4952
4953
4954
4955
4956
4958
4959
4961
4962
4963
4964
4965
4967
4968
4970
4971
4972
4973
4974
4976
4977
4978
4979
4980
4981
4982
4983
4984
4985
4987
4988
4989
4990
4992
4993
4994
4996
4997
4998
5000
5001
5002
5003
5004
5005
5006
5008
5009
5010
5011
5012
5013
5015
5016
5018
5019
5020
5021
5022
5024
5025
5026
5027
5028
5029
5031
5032
5033
5034
5036
5037
5038
5039
5040
5041
5042
5043
5044
5045
5046
5047
5048
5049
5052
5053
5054
5055
5056
5057
5058
5059
5061
5062
5064
5065
5066
5067
5068
5069
5070
5071
5072
5073
5074
5075
5076
5077
5078
5079
5081
5082
5083
5084
5085
5086
5087
5088
5089
5090
5091
5093
5094
5095
5096
5097
5098
5099
5101
5102
5103
5104
5105
5106
5108
5109
5110
5111
5112
5114
5115
5116
5117
5118
5119
5120
5121
5122
5124
5125
5127
5128
5129
5130
5131
5132
5133
5134
5136
5137
5138
5139
5140
5141
5142
5143
5144
5145
5146
5147
5148
5149
5150
5151
5154
5157
5158
5159
5160
5161
5162
5163
5164
5165
5166
5167
5168
5169
5170
5171
5173
5174
5175
5176
5177
5179
5180
5181
5182
5183
5185
5186
5187
5188
5189
5190
5191
5192
5193
5194
5195
5196
5197
5198
5199
5200
5201
5202
5203
5204
5206
5207
5208
5209
5210
5211
5212
5213
5214
5215
5216
5217
5218
5219
5220
5221
5222
5223
5224
5225
5226
5227
5228
5229
5230
5231
5232
5235
5236
5237
5238
5240
5242
5243
5245
5246
5247
5248
5249
5251
5252
5253
5254
5255
5256
5257
5258
5259
5260
5261
5262
5263
5264
5265
5266
5267
5268
5269
5270
5271
5272
5273
5274
5275
5276
5279
5280
5281
5282
5283
5284
5285
5286
5287
5288
5289
5290
5291
5292
5293
5295
5296
5297
5298
5299
5300
5302
5303
5304
5305
5306
5307
5308
5309
5310
5312
5313
5314
5315
5316
5317
5318
5319
5320
5321
5323
5324
5326
5327
5328
5330
5331
5332
5333
5334
5335
5337
5338
5339
5340
5341
5342
5343
5344
5345
5346
5347
5348
5350
5351
5352
5353
5354
5356
5357
5358
5359
5361
5362
5363
5364
5365
5366
5367
5368
5369
5370
5371
5372
5373
5374
5375
5376
5378
5379
5380
5381
5382
5383
5384
5385
5386
5387
5388
5390
5391
5392
5394
5395
5396
5397
5398
5399
5400
5401
5402
5403
5404
5405
5406
5407
5408
5409
5411
5412
5413
5414
5415
5416
5417
5418
5419
5420
5421
5423
5424
5425
5426
5427
5428
5429
5430
5432
5433
5434
5435
5436
5437
5438
5439
5440
5441
5442
5443
5444
5445
5446
5447
5448
5449
5450
5451
5453
5454
5455
5456
5457
5458
5459
5460
5461
5462
5464
5466
5467
5468
5469
5470
5471
5472
5473
5474
5475
5476
5477
5478
5479
5480
5481
5483
5484
5485
5486
5487
5488
5490
5491
5492
5493
5494
5495
5496
5497
5498
5499
5500
5501
5502
5503
5505
5506
5508
5509
5510
5511
5512
5514
5515
5516
5517
5518
5520
5521
5522
5523
5524
5526
5527
5528
5529
5530
5531
5532
5533
5534
5536
5537
5538
5539
5540
5541
5544
5545
5546
5547
5548
5549
5550
5551
5552
5553
5555
5557
5559
5560
5561
5562
5563
5564
5565
5566
5567
5568
5570
5571
5572
5574
5575
5576
5577
5578
5579
5582
5583
5584
5585
5586
5587
5588
5589
5590
5591
5592
5593
5594
5595
5596
5597
5598
5599
5600
5601
5602
5603
5604
5605
5606
5607
5608
5609
5610
5611
5612
5614
5615
5616
5617
5618
5619
5620
5621
5622
5623
5626
5627
5629
5631
5632
5634
5636
5637
5638
5639
5640
5641
5642
5643
5644
5645
5646
5647
5648
5649
5650
5651
5652
5653
5654
5655
5656
5657
5658
5659
5660
5661
5662
5666
5667
5668
5670
5671
5672
5673
5674
5675
5676
5677
5678
5680
5681
5682
5683
5684
5685
5686
5687
5689
5691
5692
5693
5695
5696
5697
5698
5699
5700
5701
5702
5704
5705
5706
5707
5708
5709
5710
5711
5712
5713
5714
5715
5716
5717
5718
5721
5722
5723
5724
5725
5726
5727
5728
5730
5731
5732
5733
5734
5736
5737
5738
5739
5740
5741
5742
5743
5745
5746
5748
5749
5750
5751
5752
5753
5755
5757
5758
5759
5761
5762
5763
5764
5765
5767
5768
5769
5770
5772
5774
5775
5776
5778
5779
5780
5781
5782
5784
5785
5786
5787
5788
5789
5790
5791
5792
5793
5794
5795
5796
5798
5799
5800
5801
5802
5803
5805
5807
5808
5810
5812
5813
5815
5816
5817
5818
5819
5820
5821
5822
5823
5824
5825
5826
5827
5829
5830
5832
5833
5834
5836
5837
5838
5839
5840
5842
5843
5844
5846
5847
5848
5849
5850
5851
5852
5853
5854
5855
5856
5857
5860
5861
5862
5863
5864
5865
5866
5867
5868
5869
5870
5871
5872
5874
5875
5876
5877
5878
5879
5880
5882
5883
5886
5887
5888
5889
5891
5893
5894
5895
5896
5898
5899
5900
5901
5902
5903
5904
5905
5906
5907
5909
5910
5911
5912
5913
5914
5915
5916
5917
5918
5920
5921
5922
5924
5925
5926
5927
5930
5931
5932
5933
5934
5935
5936
5937
5938
5939
5940
5941
5943
5944
5945
5946
5947
5949
5950
5951
5952
5953
5954
5955
5956
5957
5958
5959
5961
5962
5963
5964
5966
5967
5968
5969
5970
5971
5972
5973
5975
5976
5977
5978
5979
5981
5982
5983
5984
5985
5986
5987
5988
5989
5991
5994
5995
5996
5997
5998
5999
6000
6001
6003
6004
6005
6006
6007
6008
6009
6011
6012
6013
6014
6015
6016
6017
6018
6019
6020
6021
6022
6023
6025
6026
6027
6028
6030
6031
6032
6033
6035
6036
6037
6038
6039
6040
6041
6042
6043
6044
6045
6046
6047
6048
6051
6052
6053
6054
6056
6057
6058
6059
6060
6061
6063
6064
6065
6066
6067
6068
6069
6070
6071
6072
6073
6074
6075
6077
6078
6079
6080
6081
6082
6083
6084
6085
6087
6088
6089
6090
6091
6092
6093
6094
6095
6097
6098
6099
6101
6102
6103
6105
6106
6107
6108
6109
6110
6111
6112
6113
6118
6119
6120
6121
6122
6123
6124
6125
6126
6127
6129
6130
6131
6132
6133
6134
6135
6136
6138
6139
6140
6141
6142
6143
6144
6146
6148
6149
6150
6151
6152
6153
6154
6156
6157
6158
6160
6162
6163
6164
6165
6167
6168
6169
6170
6171
6172
6173
6174
6175
6176
6177
6178
6179
6180
6182
6183
6184
6185
6186
6187
6188
6189
6191
6192
6193
6195
6196
6197
6198
6199
6201
6202
6203
6204
6205
6206
6207
6208
6209
6211
6212
6213
6214
6215
6217
6218
6220
6221
6222
6223
6224
6225
6226
6227
6228
6229
6230
6231
6232
6233
6234
6235
6236
6237
6238
6239
6241
6243
6244
6245
6246
6248
6249
6250
6252
6253
6254
6255
6256
6257
6258
6259
6260
6261
6262
6263
6264
6265
6266
6267
6268
6269
6272
6273
6274
6275
6276
6277
6278
6279
6280
6281
6282
6283
6284
6286
6288
6289
6290
6292
6293
6295
6296
6297
6298
6299
6301
6302
6304
6305
6306
6308
6309
6310
6311
6312
6314
6316
6317
6318
6319
6320
6321
6322
6323
6324
6325
6326
6327
6328
6329
6330
6331
6332
6333
6334
6335
6336
6337
6338
6339
6340
6341
6342
6343
6344
6345
6346
6347
6348
6349
6350
6351
6352
6353
6354
6355
6356
6357
6358
6359
6360
6361
6362
6363
6364
6365
6366
6368
6369
6370
6371
6373
6374
6375
6376
6377
6378
6379
6380
6381
6382
6383
6384
6385
6386
6387
6390
6391
6392
6393
6394
6395
6396
6397
6398
6399
6400
6401
6402
6403
6404
6405
6406
6407
6408
6409
6410
6411
6414
6415
6416
6417
6418
6419
6420
6421
6424
6426
6427
6428
6429
6430
6433
6434
6435
6436
6437
6438
6439
6440
6441
6442
6443
6445
6446
6447
6448
6449
6450
6451
6452
6453
6454
6455
6456
6457
6459
6461
6463
6464
6465
6466
6467
6469
6470
6472
6473
6474
6475
6476
6477
6478
6479
6480
6481
6483
6485
6486
6487
6488
6489
6491
6492
6493
6494
6496
6497
6498
6500
6501
6502
6503
6504
6505
6507
6508
6509
6510
6511
6512
6513
6515
6516
6517
6518
6519
6520
6521
6522
6523
6525
6526
6527
6528
6529
6530
6531
6532
6533
6534
6535
6536
6537
6538
6539
6541
6542
6543
6544
6545
6546
6547
6548
6549
6550
6551
6552
6553
6554
6555
6556
6557
6558
6559
6560
6561
6562
6563
6564
6565
6566
6568
6569
6570
6572
6573
6574
6575
6576
6577
6578
6579
6580
6581
6582
6583
6584
6587
6588
6589
6590
6591
6592
6593
6594
6595
6596
6598
6599
6600
6601
6602
6603
6604
6605
6606
6607
6608
6609
6611
6612
6613
6614
6615
6616
6618
6620
6621
6622
6623
6624
6625
6627
6628
6629
6630
6631
6632
6633
6634
6635
6636
6637
6638
6639
6640
6641
6642
6643
6644
6645
6646
6647
6648
6649
6650
6651
6652
6653
6654
6655
6656
6657
6659
6660
6661
6662
6663
6664
6665
6666
6667
6669
6670
6672
6673
6674
6675
6676
6677
6679
6681
6683
6684
6686
6687
6689
6692
6693
6694
6695
6696
6697
6698
6699
6700
6701
6702
6703
6704
6705
6707
6708
6711
6712
6713
6714
6715
6716
6717
6718
6719
6720
6721
6722
6723
6724
6725
6726
6728
6729
6730
6731
6734
6735
6736
6737
6738
6739
6741
6742
6743
6744
6745
6746
6747
6748
6749
6750
6751
6752
6753
6754
6755
6756
6757
6758
6759
6761
6762
6763
6764
6765
6766
6767
6768
6769
6771
6773
6774
6775
6777
6778
6779
6780
6781
6783
6784
6788
6790
6791
6792
6794
6795
6796
6797
6798
6799
6801
6802
6803
6804
6805
6806
6807
6808
6809
6810
6811
6812
6813
6814
6815
6816
6817
6818
6819
6820
6821
6823
6824
6826
6829
6830
6832
6833
6834
6835
6836
6838
6839
6841
6842
6843
6844
6845
6846
6847
6848
6849
6850
6851
6852
6853
6854
6855
6856
6857
6858
6859
6860
6861
6862
6863
6864
6865
6866
6867
6868
6869
6870
6872
6873
6875
6876
6878
6879
6880
6881
6884
6886
6887
6889
6891
6892
6893
6895
6897
6898
6900
6901
6902
6903
6905
6906
6907
6909
6910
6911
6912
6913
6914
6915
6916
6917
6918
6919
6920
6921
6922
6923
6924
6925
6926
6927
6928
6929
6930
6931
6933
6934
6935
6937
6940
6941
6942
6943
6944
6945
6946
6947
6948
6949
6950
6951
6952
6953
6954
6956
6957
6958
6959
6960
6961
6962
6964
6965
6966
6967
6968
6969
6970
6971
6972
6973
6974
6975
6976
6977
6978
6979
6980
6982
6983
6984
6985
6986
6988
6989
6990
6991
6992
6994
6995
6996
6998
6999
7001
7002
7003
7004
7005
7006
7007
7008
7009
7010
7011
7012
7014
7016
7017
7018
7019
7020
7021
7022
7023
7024
7025
7026
7027
7028
7029
7030
7031
7033
7034
7035
7036
7037
7038
7039
7041
7042
7043
7044
7045
7047
7048
7049
7052
7054
7055
7056
7057
7058
7059
7060
7062
7063
7064
7065
7066
7067
7068
7070
7071
7072
7073
7075
7076
7077
7078
7079
7080
7081
7082
7083
7085
7086
7087
7088
7089
7090
7091
7092
7093
7094
7095
7096
7097
7098
7099
7101
7102
7106
7107
7108
7109
7110
7111
7112
7113
7114
7115
7116
7117
7119
7120
7123
7124
7125
7126
7127
7128
7129
7130
7131
7132
7133
7134
7135
7136
7137
7139
7141
7142
7143
7144
7145
7146
7147
7148
7150
7151
7153
7154
7155
7156
7157
7159
7160
7161
7162
7163
7164
7165
7166
7167
7168
7169
7170
7171
7172
7173
7174
7175
7176
7177
7178
7179
7181
7182
7183
7185
7186
7187
7188
7189
7190
7191
7192
7193
7194
7195
7196
7198
7199
7202
7205
7206
7207
7208
7209
7210
7211
7213
7214
7220
7221
7222
7223
7224
7225
7226
7227
7229
7230
7231
7232
7233
7234
7236
7238
7239
7240
7241
7242
7243
7244
7245
7246
7247
7249
7250
7252
7253
7255
7256
7258
7259
7260
7261
7262
7263
7265
7267
7268
7271
7272
7274
7276
7277
7278
7279
7280
7281
7283
7284
7285
7286
7287
7288
7289
7290
7294
7295
7297
7298
7300
7301
7302
7303
7304
7305
7307
7308
7309
7310
7312
7314
7315
7317
7318
7319
7320
7321
7322
7324
7325
7326
7327
7328
7330
7331
7332
7333
7334
7335
7336
7337
7338
7339
7341
7342
7343
7344
7345
7346
7348
7349
7350
7351
7352
7353
7354
7355
7357
7359
7361
7362
7363
7364
7365
7366
7367
7368
7369
7370
7371
7372
7373
7374
7376
7378
7379
7380
7381
7382
7383
7384
7385
7386
7387
7389
7390
7391
7392
7393
7394
7395
7397
7398
7399
7401
7402
7403
7404
7406
7407
7408
7410
7413
7415
7416
7417
7418
7419
7420
7421
7423
7424
7425
7426
7427
7428
7429
7430
7431
7432
7433
7434
7435
7436
7437
7438
7439
7440
7441
7442
7443
7444
7445
7446
7447
7448
7449
7450
7451
7453
7454
7455
7457
7458
7459
7460
7461
7462
7463
7464
7465
7466
7467
7468
7469
7470
7472
7473
7474
7476
7477
7478
7479
7480
7481
7483
7484
7485
7487
7489
7491
7492
7493
7494
7495
7496
7497
7498
7499
7500
7501
7502
7503
7505
7506
7508
7509
7511
7512
7514
7515
7516
7518
7520
7521
7522
7523
7524
7525
7526
7527
7528
7529
7530
7531
7532
7533
7534
7535
7537
7538
7539
7540
7541
7542
7543
7544
7545
7546
7547
7548
7549
7551
7552
7553
7554
7555
7556
7557
7559
7560
7561
7563
7564
7565
7566
7567
7569
7570
7571
7572
7573
7574
7575
7576
7578
7579
7580
7581
7582
7583
7584
7585
7586
7587
7588
7589
7590
7591
7592
7593
7594
7595
7596
7597
7598
7601
7602
7604
7605
7606
7607
7608
7609
7610
7611
7612
7613
7615
7616
7617
7618
7619
7620
7621
7622
7624
7625
7626
7628
7629
7632
7633
7634
7635
7636
7637
7638
7639
7640
7641
7642
7643
7644
7645
7647
7648
7649
7650
7651
7652
7653
7654
7655
7657
7658
7659
7660
7661
7662
7663
7664
7665
7666
7667
7669
7670
7671
7672
7673
7674
7675
7676
7677
7678
7679
7681
7682
7683
7684
7685
7686
7687
7689
7690
7691
7692
7693
7694
7695
7696
7697
7698
7699
7700
7701
7703
7704
7705
7707
7708
7709
7710
7711
7712
7713
7714
7715
7716
7717
7718
7719
7720
7722
7723
7724
7725
7726
7727
7728
7729
7730
7731
7732
7733
7734
7735
7736
7737
7738
7739
7741
7742
7743
7744
7745
7747
7748
7749
7751
7752
7753
7755
7756
7757
7759
7760
7761
7762
7763
7764
7765
7766
7767
7768
7770
7771
7772
7773
7775
7776
7777
7778
7779
7780
7781
7782
7783
7784
7785
7786
7787
7788
7789
7790
7791
7792
7793
7794
7795
7796
7798
7799
7800
7802
7803
7804
7805
7806
7807
7808
7810
7811
7812
7813
7815
7819
7820
7821
7822
7823
7824
7825
7827
7828
7830
7831
7832
7833
7834
7836
7837
7838
7839
7840
7841
7842
7843
7844
7848
7849
7850
7851
7852
7853
7854
7855
7856
7857
7859
7860
7861
7862
7863
7864
7865
7867
7869
7870
7871
7872
7873
7874
7875
7876
7879
7880
7881
7883
7884
7885
7886
7887
7888
7889
7890
7891
7892
7894
7896
7897
7898
7899
7900
7902
7903
7905
7906
7907
7909
7910
7911
7912
7913
7914
7915
7916
7917
7919
7920
7922
7923
7924
7926
7927
7928
7929
7930
7931
7932
7933
7934
7935
7936
7937
7941
7942
7943
7944
7945
7946
7947
7948
7949
7950
7953
7954
7955
7956
7960
7963
7964
7965
7966
7967
7968
7969
7970
7972
7974
7975
7976
7977
7979
7980
7981
7982
7983
7984
7986
7987
7988
7989
7990
7993
7994
7995
7998
7999
8001
8002
8003
8005
8006
8007
8008
8009
8010
8011
8012
8013
8014
8015
8016
8017
8018
8019
8020
8021
8022
8023
8024
8026
8027
8028
8029
8030
8031
8032
8033
8034
8036
8037
8038
8039
8040
8041
8042
8043
8044
8045
8046
8047
8049
8050
8051
8052
8053
8054
8055
8056
8057
8058
8059
8060
8061
8062
8063
8064
8065
8066
8068
8069
8070
8071
8072
8073
8074
8075
8076
8077
8078
8079
8080
8081
8082
8083
8084
8085
8086
8087
8088
8090
8091
8092
8094
8095
8096
8097
8098
8099
8100
8101
8102
8103
8104
8105
8106
8107
8108
8111
8112
8113
8114
8115
8116
8117
8119
8120
8121
8122
8123
8125
8126
8127
8128
8129
8130
8132
8133
8134
8135
8136
8137
8138
8139
8140
8141
8142
8143
8144
8145
8146
8148
8150
8151
8152
8153
8154
8155
8156
8158
8159
8160
8161
8162
8163
8164
8165
8166
8167
8168
8169
8170
8171
8172
8173
8174
8176
8177
8178
8179
8180
8181
8182
8184
8185
8186
8187
8188
8189
8190
8191
8192
8193
8194
8195
8196
8197
8198
8199
8200
8202
8203
8204
8205
8206
8207
8208
8209
8210
8211
8212
8213
8214
8215
8216
8217
8218
8219
8220
8221
8222
8223
8224
8225
8227
8229
8230
8231
8232
8233
8235
8236
8238
8239
8240
8241
8242
8243
8244
8245
8246
8248
8250
8251
8252
8253
8254
8255
8256
8259
8260
8261
8262
8263
8264
8265
8266
8268
8269
8272
8273
8274
8275
8276
8279
8280
8281
8282
8284
8285
8286
8287
8288
8289
8290
8291
8292
8293
8294
8295
8296
8297
8298
8299
8300
8302
8303
8304
8305
8306
8307
8308
8309
8311
8312
8313
8314
8315
8316
8317
8318
8319
8320
8322
8323
8324
8326
8327
8329
8330
8332
8333
8334
8335
8336
8337
8338
8339
8340
8341
8343
8344
8345
8346
8347
8348
8349
8350
8351
8352
8354
8355
8357
8358
8359
8361
8362
8363
8364
8365
8366
8367
8368
8369
8371
8372
8373
8376
8377
8378
8379
8380
8381
8383
8384
8385
8386
8387
8388
8389
8390
8391
8392
8393
8394
8395
8396
8397
8398
8400
8401
8402
8403
8404
8405
8406
8409
8410
8411
8412
8413
8415
8416
8417
8418
8419
8420
8421
8422
8423
8425
8427
8428
8430
8431
8432
8433
8434
8435
8438
8439
8440
8441
8442
8443
8444
8445
8446
8447
8448
8449
8450
8451
8452
8453
8454
8455
8457
8459
8460
8461
8462
8464
8465
8466
8467
8468
8469
8470
8471
8472
8473
8474
8476
8477
8478
8479
8480
8481
8482
8483
8484
8485
8486
8487
8488
8489
8490
8491
8492
8493
8495
8497
8498
8499
8500
8501
8502
8503
8504
8505
8506
8507
8509
8510
8511
8512
8513
8514
8516
8517
8519
8520
8522
8523
8524
8526
8527
8529
8530
8531
8532
8533
8534
8535
8536
8537
8539
8540
8541
8543
8545
8547
8548
8549
8551
8552
8553
8554
8555
8556
8557
8558
8559
8561
8562
8563
8564
8565
8566
8568
8569
8570
8571
8573
8574
8577
8578
8580
8581
8582
8583
8584
8585
8586
8588
8589
8591
8592
8593
8595
8597
8598
8599
8600
8601
8602
8604
8605
8606
8608
8609
8610
8611
8612
8613
8614
8615
8616
8617
8618
8619
8620
8621
8622
8623
8624
8625
8626
8627
8628
8629
8632
8633
8634
8635
8636
8637
8638
8639
8640
8642
8643
8644
8645
8646
8647
8649
8652
8653
8655
8656
8657
8658
8659
8660
8661
8662
8663
8666
8667
8668
8669
8670
8671
8672
8673
8674
8677
8678
8679
8680
8681
8682
8683
8684
8685
8686
8687
8689
8691
8692
8693
8695
8696
8697
8698
8699
8700
8701
8702
8703
8704
8705
8707
8708
8710
8712
8713
8714
8716
8717
8719
8720
8721
8722
8723
8724
8725
8727
8728
8729
8731
8732
8733
8735
8736
8737
8738
8739
8741
8742
8743
8744
8745
8746
8747
8748
8749
8750
8751
8752
8753
8754
8755
8756
8757
8758
8759
8760
8761
8762
8764
8765
8767
8769
8770
8771
8772
8773
8775
8776
8779
8780
8782
8783
8784
8785
8786
8790
8791
8792
8793
8794
8795
8796
8797
8798
8799
8800
8801
8804
8805
8806
8807
8808
8809
8811
8812
8813
8814
8815
8817
8818
8820
8821
8823
8825
8826
8827
8828
8831
8833
8834
8835
8836
8837
8838
8839
8842
8843
8844
8845
8846
8847
8848
8849
8850
8851
8852
8853
8854
8855
8856
8857
8858
8859
8860
8861
8862
8863
8864
8866
8867
8868
8869
8871
8872
8873
8874
8875
8876
8877
8878
8879
8880
8881
8882
8883
8884
8885
8886
8887
8888
8889
8890
8891
8892
8893
8894
8895
8896
8897
8898
8900
8901
8902
8903
8904
8905
8906
8907
8908
8910
8911
8912
8913
8914
8915
8916
8917
8919
8920
8921
8922
8923
8924
8925
8926
8927
8928
8929
8930
8931
8932
8933
8934
8937
8938
8940
8941
8942
8944
8945
8946
8947
8948
8949
8950
8951
8952
8953
8955
8956
8957
8958
8959
8960
8961
8962
8963
8964
8967
8968
8969
8970
8971
8972
8973
8974
8976
8977
8978
8979
8980
8981
8982
8983
8984
8985
8987
8988
8989
8990
8991
8992
8993
8994
8995
8996
8997
8999
9000
9001
9002
9003
9004
9006
9007
9009
9010
9011
9012
9013
9014
9015
9016
9017
9018
9019
9020
9021
9023
9024
9025
9026
9027
9028
9029
9030
9031
9032
9033
9034
9035
9037
9038
9039
9040
9041
9042
9043
9044
9045
9046
9047
9048
9050
9051
9052
9053
9054
9055
9057
9060
9061
9063
9064
9065
9066
9067
9069
9070
9071
9072
9075
9076
9077
9078
9079
9082
9084
9085
9086
9087
9088
9089
9090
9093
9095
9096
9097
9099
9100
9101
9102
9103
9104
9105
9106
9107
9108
9109
9110
9111
9112
9113
9114
9115
9116
9117
9118
9119
9121
9123
9124
9125
9128
9129
9131
9132
9133
9134
9135
9138
9139
9140
9141
9143
9144
9145
9147
9148
9149
9150
9151
9152
9153
9154
9155
9156
9157
9158
9159
9161
9162
9163
9164
9165
9167
9168
9169
9170
9171
9172
9173
9174
9175
9176
9178
9180
9181
9182
9183
9184
9185
9186
9188
9189
9190
9191
9192
9194
9195
9197
9199
9200
9201
9202
9203
9204
9205
9206
9207
9208
9209
9210
9211
9212
9213
9214
9215
9216
9217
9218
9219
9220
9221
9222
9223
9226
9227
9228
9229
9230
9231
9232
9233
9234
9235
9236
9237
9238
9239
9240
9241
9244
9245
9247
9248
9249
9250
9251
9252
9253
9254
9255
9257
9258
9259
9261
9262
9263
9264
9265
9266
9267
9268
9272
9273
9274
9277
9278
9279
9280
9281
9282
9283
9284
9286
9287
9290
9292
9293
9296
9297
9298
9299
9301
9302
9303
9304
9305
9306
9307
9308
9309
9310
9311
9317
9318
9319
9321
9324
9325
9326
9327
9328
9331
9332
9333
9334
9335
9336
9338
9339
9340
9341
9342
9343
9345
9347
9348
9350
9351
9352
9353
9354
9356
9357
9358
9360
9361
9362
9363
9364
9366
9367
9368
9369
9370
9371
9372
9373
9374
9375
9376
9378
9379
9380
9381
9383
9384
9385
9386
9387
9388
9389
9390
9391
9392
9393
9395
9397
9398
9399
9400
9402
9403
9404
9405
9406
9407
9408
9409
9410
9411
9412
9413
9414
9415
9416
9417
9418
9419
9420
9421
9422
9423
9424
9425
9427
9428
9430
9431
9432
9433
9434
9435
9437
9438
9439
9440
9441
9442
9443
9444
9445
9446
9447
9449
9450
9451
9452
9453
9454
9455
9457
9459
9460
9461
9463
9464
9465
9466
9467
9468
9469
9471
9472
9474
9475
9476
9477
9478
9479
9480
9481
9482
9483
9484
9485
9486
9487
9488
9489
9490
9491
9492
9493
9494
9495
9496
9497
9500
9501
9502
9503
9504
9505
9506
9508
9509
9510
9511
9512
9513
9514
9515
9516
9517
9518
9519
9520
9521
9522
9523
9524
9525
9526
9527
9529
9530
9533
9534
9535
9536
9537
9538
9539
9540
9541
9542
9543
9544
9545
9546
9550
9551
9553
9554
9557
9558
9559
9561
9563
9564
9565
9566
9568
9569
9570
9571
9572
9573
9574
9575
9576
9580
9581
9582
9583
9584
9585
9586
9588
9589
9590
9591
9592
9593
9596
9597
9598
9599
9600
9601
9602
9603
9604
9605
9606
9608
9609
9610
9611
9612
9613
9614
9615
9619
9620
9621
9623
9624
9625
9626
9628
9630
9632
9633
9634
9635
9636
9637
9638
9639
9640
9641
9642
9646
9648
9649
9651
9652
9653
9655
9656
9657
9658
9659
9660
9662
9663
9664
9665
9666
9667
9668
9669
9670
9671
9672
9673
9674
9675
9676
9677
9679
9680
9681
9682
9684
9685
9686
9687
9688
9689
9690
9691
9692
9694
9695
9696
9697
9698
9699
9703
9704
9705
9707
9708
9709
9710
9711
9712
9713
9714
9716
9717
9718
9720
9721
9722
9723
9724
9725
9726
9727
9728
9730
9731
9732
9733
9734
9735
9736
9737
9738
9739
9740
9742
9743
9744
9745
9746
9747
9749
9750
9751
9752
9754
9757
9758
9760
9761
9764
9766
9767
9768
9769
9770
9771
9772
9773
9774
9775
9776
9777
9779
9780
9781
9783
9784
9785
9786
9787
9789
9790
9791
9793
9795
9796
9797
9798
9799
9801
9802
9803
9805
9806
9807
9808
9809
9810
9811
9812
9813
9814
9815
9816
9817
9818
9819
9822
9823
9824
9825
9826
9827
9828
9829
9830
9831
9832
9833
9834
9835
9838
9839
9840
9842
9843
9844
9845
9846
9847
9848
9849
9850
9851
9852
9853
9855
9856
9857
9859
9861
9862
9865
9867
9868
9869
9870
9871
9872
9874
9875
9877
9878
9879
9880
9881
9882
9883
9884
9885
9886
9888
9889
9892
9893
9894
9895
9896
9897
9900
9903
9906
9907
9908
9909
9910
9911
9912
9914
9915
9916
9919
9920
9922
9923
9926
9927
9928
9930
9931
9933
9934
9936
9937
9938
9939
9940
9943
9944
9945
9946
9947
9948
9949
9950
9951
9952
9953
9954
9956
9958
9959
9960
9961
9962
9963
9964
9966
9967
9968
9969
9970
9971
9972
9973
9974
9975
9976
9977
9978
9979
9980
9981
9982
9984
9985
9986
9987
9988
9989
9990
9992
9994
9995
9996
9997
9998
10000
10001
10002
10003
10004
10005
10006
10008
10009
10010
10011
10012
10013
10014
10015
10016
10017
10018
10020
10022
10024
10025
10027
10028
10029
10031
10032
10033
10034
10035
10036
10037
10039
10040
10041
10042
10044
10045
10046
10047
10049
10050
10052
10053
10054
10055
10056
10060
10061
10062
10063
10065
10066
10069
10071
10072
10073
10074
10076
10077
10078
10079
10080
10082
10083
10084
10085
10086
10087
10088
10089
10090
10091
10092
10094
10095
10096
10098
10102
10103
10104
10105
10106
10108
10110
10111
10112
10113
10114
10115
10116
10118
10120
10121
10122
10123
10124
10125
10126
10128
10130
10131
10132
10133
10134
10135
10136
10137
10138
10139
10140
10141
10142
10143
10144
10146
10147
10150
10151
10152
10153
10155
10156
10158
10159
10160
10162
10163
10165
10166
10167
10168
10169
10172
10173
10174
10175
10177
10178
10179
10180
10181
10182
10183
10184
10185
10186
10187
10188
10189
10190
10191
10192
10193
10194
10196
10197
10198
10199
10201
10202
10203
10204
10205
10206
10207
10208
10209
10210
10211
10212
10213
10217
10219
10220
10222
10223
10226
10229
10230
10231
10232
10234
10235
10236
10237
10238
10239
10240
10242
10243
10244
10245
10247
10248
10249
10250
10252
10253
10254
10255
10256
10257
10258
10259
10260
10261
10263
10264
10266
10267
10268
10269
10270
10271
10272
10273
10274
10275
10276
10277
10278
10279
10281
10282
10283
10284
10286
10287
10288
10289
10290
10291
10292
10294
10296
10297
10298
10299
10300
10301
10302
10303
10304
10305
10306
10307
10308
10309
10310
10311
10312
10313
10314
10315
10317
10318
10320
10321
10322
10324
10326
10327
10329
10330
10331
10332
10333
10334
10335
10336
10337
10338
10339
10340
10341
10342
10343
10344
10345
10346
10348
10349
10350
10351
10352
10356
10357
10358
10361
10362
10364
10365
10368
10369
10371
10372
10373
10374
10375
10376
10377
10378
10379
10380
10381
10382
10383
10384
10385
10386
10388
10390
10391
10392
10393
10394
10398
10399
10400
10401
10402
10403
10404
10405
10406
10407
10408
10409
10410
10412
10413
10414
10415
10416
10417
10418
10419
10420
10424
10425
10426
10427
10428
10429
10430
10431
10432
10433
10434
10435
10438
10439
10440
10442
10445
10446
10449
10450
10451
10452
10453
10454
10455
10456
10457
10458
10459
10460
10461
10462
10463
10464
10465
10466
10467
10468
10469
10470
10471
10472
10473
10475
10476
10477
10478
10479
10480
10481
10482
10483
10484
10485
10486
10487
10488
10489
10490
10492
10493
10494
10495
10497
10498
10499
10500
10501
10502
10503
10504
10505
10506
10507
10509
10511
10512
10513
10514
10515
10516
10517
10518
10519
10520
10521
10522
10523
10524
10525
10526
10527
10529
10530
10533
10534
10535
10536
10537
10538
10539
10540
10541
10542
10543
10544
10545
10547
10548
10549
10550
10551
10552
10553
10557
10558
10560
10561
10562
10563
10564
10568
10569
10570
10573
10574
10577
10578
10579
10580
10581
10582
10583
10584
10585
10587
10588
10589
10590
10591
10592
10593
10596
10597
10598
10601
10602
10603
10604
10605
10606
10607
10608
10610
10611
10612
10613
10614
10615
10616
10618
10621
10623
10624
10625
10627
10629
10631
10632
10633
10634
10635
10636
10639
10640
10641
10642
10643
10644
10646
10647
10648
10649
10650
10652
10653
10654
10655
10657
10658
10659
10660
10661
10662
10663
10665
10666
10669
10672
10673
10674
10675
10676
10677
10678
10679
10680
10681
10682
10684
10685
10686
10690
10691
10692
10693
10694
10695
10696
10697
10698
10699
10701
10702
10703
10705
10706
10707
10708
10709
10710
10711
10712
10713
10714
10715
10716
10717
10719
10720
10721
10722
10723
10724
10725
10727
10728
10729
10730
10731
10732
10733
10734
10735
10736
10737
10738
10739
10740
10741
10742
10743
10744
10746
10747
10749
10751
10752
10753
10754
10755
10756
10757
10758
10759
10760
10761
10762
10764
10765
10766
10768
10769
10770
10771
10772
10773
10774
10775
10776
10777
10778
10779
10781
10782
10783
10785
10786
10788
10789
10790
10791
10792
10793
10794
10795
10796
10800
10801
10804
10805
10806
10807
10808
10810
10811
10812
10813
10814
10816
10817
10818
10822
10825
10826
10828
10829
10830
10832
10834
10835
10836
10837
10838
10839
10840
10841
10842
10843
10845
10846
10847
10849
10850
10851
10852
10853
10854
10855
10856
10857
10858
10859
10860
10861
10862
10863
10864
10865
10866
10867
10869
10870
10872
10873
10875
10876
10877
10879
10880
10882
10883
10885
10886
10887
10888
10889
10890
10891
10892
10893
10894
10895
10896
10897
10898
10899
10900
10901
10903
10904
10906
10907
10908
10910
10911
10912
10913
10914
10916
10917
10918
10919
10920
10921
10922
10923
10924
10925
10926
10929
10930
10931
10932
10933
10934
10936
10937
10938
10939
10941
10942
10944
10945
10947
10948
10949
10950
10951
10952
10953
10956
10957
10958
10959
10960
10963
10964
10965
10966
10968
10969
10970
10971
10972
10973
10974
10975
10976
10977
10978
10979
10980
10981
10982
10984
10985
10986
10988
10990
10991
10993
10994
10997
10999
11000
11002
11004
11006
11008
11009
11010
11012
11013
11015
11016
11017
11018
11019
11021
11023
11024
11025
11026
11031
11033
11034
11035
11036
11038
11039
11040
11041
11043
11044
11045
11046
11047
11048
11049
11051
11055
11057
11058
11059
11060
11061
11062
11064
11065
11067
11068
11069
11071
11072
11073
11074
11076
11077
11078
11079
11080
11081
11083
11084
11085
11086
11087
11088
11090
11091
11092
11093
11095
11096
11097
11098
11099
11100
11101
11102
11104
11105
11106
11107
11108
11109
11111
11112
11113
11114
11116
11117
11118
11119
11120
11121
11122
11123
11124
11125
11126
11127
11128
11129
11130
11132
11133
11134
11135
11136
11137
11139
11140
11141
11142
11143
11144
11145
11147
11148
11149
11150
11151
11152
11153
11154
11155
11156
11157
11158
11159
11160
11161
11162
11163
11164
11165
11166
11167
11168
11169
11170
11171
11172
11173
11174
11176
11177
11178
11179
11180
11181
11182
11183
11184
11185
11186
11188
11189
11190
11191
11192
11194
11195
11196
11197
11198
11201
11202
11203
11204
11205
11206
11207
11208
11209
11210
11211
11212
11216
11217
11218
11219
11220
11221
11222
11223
11224
11225
11227
11228
11229
11230
11231
11232
11233
11234
11236
11238
11239
11240
11241
11242
11243
11244
11246
11247
11248
11249
11250
11252
11253
11254
11256
11257
11258
11260
11261
11262
11263
11264
11265
11266
11267
11268
11269
11271
11272
11273
11274
11277
11278
11279
11280
11282
11284
11285
11286
11288
11290
11291
11292
11293
11294
11295
11296
11297
11298
11300
11301
11302
11304
11305
11306
11308
11309
11311
11312
11313
11314
11315
11316
11317
11318
11319
11320
11321
11322
11324
11325
11326
11327
11329
11330
11331
11332
11333
11334
11335
11336
11337
11338
11339
11340
11341
11342
11343
11344
11346
11347
11348
11349
11350
11351
11352
11353
11354
11355
11356
11357
11358
11359
11360
11361
11362
11363
11365
11366
11367
11368
11369
11370
11371
11372
11375
11376
11378
11380
11381
11382
11383
11384
11385
11386
11387
11388
11389
11390
11391
11394
11395
11396
11397
11398
11399
11400
11401
11405
11406
11407
11408
11409
11411
11413
11414
11415
11416
11419
11420
11421
11422
11423
11425
11426
11428
11429
11430
11431
11432
11433
11434
11435
11436
11437
11438
11439
11440
11441
11442
11444
11447
11448
11450
11451
11452
11453
11454
11455
11456
11458
11459
11460
11461
11464
11465
11466
11467
11468
11469
11472
11474
11475
11477
11478
11480
11481
11482
11483
11484
11488
11489
11490
11491
11492
11493
11494
11495
11496
11497
11498
11499
11500
11501
11502
11504
11505
11506
11507
11509
11510
11511
11513
11514
11516
11517
11518
11519
11521
11523
11524
11525
11527
11528
11529
11531
11532
11533
11534
11535
11537
11538
11539
11540
11541
11542
11543
11544
11545
11546
11547
11548
11549
11550
11551
11552
11553
11554
11555
11557
11559
11560
11561
11563
11564
11565
11566
11567
11568
11569
11570
11571
11573
11574
11576
11578
11579
11580
11581
11585
11587
11590
11591
11592
11593
11594
11595
11596
11597
11599
11600
11602
11603
11604
11605
11606
11607
11609
11610
11611
11612
11614
11615
11616
11617
11618
11619
11620
11621
11622
11625
11626
11628
11629
11630
11631
11632
11633
11634
11635
11637
11638
11639
11640
11641
11642
11643
11644
11646
11647
11648
11650
11651
11652
11653
11654
11655
11656
11657
11658
11659
11660
11662
11663
11665
11667
11668
11669
11670
11671
11672
11673
11674
11675
11676
11678
11679
11680
11683
11684
11686
11687
11688
11689
11690
11691
11692
11693
11694
11695
11696
11697
11698
11699
11701
11702
11703
11704
11705
11706
11707
11708
11709
11710
11712
11715
11716
11717
11718
11719
11720
11721
11722
11723
11724
11726
11727
11728
11729
11730
11733
11735
11736
11737
11740
11741
11743
11744
11745
11746
11747
11748
11750
11751
11753
11754
11756
11757
11759
11760
11762
11763
11764
11765
11766
11767
11768
11770
11771
11772
11774
11776
11778
11779
11780
11781
11782
11783
11784
11785
11786
11787
11788
11789
11790
11791
11792
11794
11795
11797
11798
11799
11800
11801
11803
11804
11805
11806
11807
11808
11809
11810
11811
11813
11815
11816
11817
11818
11821
11822
11823
11824
11825
11827
11828
11829
11830
11831
11832
11833
11834
11835
11836
11837
11838
11839
11840
11842
11844
11845
11846
11847
11848
11851
11852
11853
11854
11855
11856
11857
11858
11860
11861
11862
11863
11864
11865
11868
11869
11870
11871
11872
11873
11874
11876
11877
11878
11879
11880
11881
11882
11883
11884
11886
11888
11889
11890
11891
11893
11894
11895
11896
11898
11899
11900
11901
11902
11905
11906
11908
11909
11910
11911
11912
11913
11914
11915
11918
11919
11920
11921
11926
11927
11928
11930
11931
11932
11933
11936
11937
11938
11939
11940
11942
11944
11946
11947
11948
11949
11950
11952
11954
11955
11956
11957
11958
11960
11961
11962
11963
11964
11965
11966
11967
11968
11969
11971
11972
11974
11975
11976
11977
11979
11980
11982
11983
11984
11985
11986
11987
11988
11990
11991
11992
11993
11994
11995
11996
11998
11999
12000
12001
12002
12003
12004
12006
12007
12008
12009
12010
12011
12013
12015
12017
12018
12019
12021
12022
12023
12024
12025
12026
12027
12028
12029
12030
12031
12033
12034
12036
12037
12039
12040
12041
12043
12044
12046
12047
12048
12050
12051
12052
12053
12055
12056
12058
12059
12060
12061
12062
12065
12067
12068
12069
12070
12071
12073
12075
12076
12077
12078
12079
12080
12081
12082
12083
12084
12085
12086
12087
12088
12089
12090
12091
12092
12093
12095
12096
12097
12098
12099
12100
12101
12102
12103
12104
12105
12106
12107
12109
12110
12112
12113
12115
12116
12118
12119
12120
12121
12123
12124
12125
12126
12128
12130
12131
12132
12133
12134
12135
12136
12137
12138
12139
12140
12141
12142
12143
12144
12145
12146
12147
12148
12149
12150
12151
12152
12153
12154
12155
12156
12157
12158
12159
12160
12161
12162
12163
12164
12165
12167
12168
12169
12171
12174
12176
12177
12178
12179
12180
12182
12183
12184
12185
12187
12188
12189
12190
12191
12192
12193
12194
12195
12196
12197
12198
12199
12200
12201
12202
12203
12204
12205
12207
12208
12210
12211
12215
12216
12217
12218
12219
12220
12222
12224
12225
12226
12227
12228
12229
12230
12231
12232
12233
12234
12235
12236
12237
12238
12239
12241
12242
12243
12244
12245
12247
12248
12250
12251
12252
12253
12254
12255
12258
12259
12260
12261
12263
12264
12265
12266
12267
12268
12269
12270
12271
12273
12274
12275
12277
12278
12279
12281
12282
12283
12284
12285
12286
12287
12288
12291
12293
12294
12295
12296
12297
12298
12300
12301
12302
12303
12304
12305
12306
12307
12308
12309
12310
12311
12312
12313
12314
12315
12316
12317
12320
12321
12322
12323
12325
12326
12327
12331
12333
12334
12335
12336
12337
12338
12339
12340
12342
12343
12345
12346
12347
12348
12350
12351
12352
12354
12355
12356
12357
12358
12359
12360
12361
12363
12364
12365
12366
12368
12370
12373
12375
12376
12377
12378
12379
12380
12381
12383
12385
12386
12387
12388
12389
12390
12391
12392
12394
12395
12396
12397
12398
12399
12400
12401
12402
12404
12405
12407
12409
12410
12412
12413
12414
12415
12416
12417
12418
12419
12420
12421
12422
12423
12425
12426
12427
12429
12430
12431
12432
12433
12435
12436
12437
12439
12441
12442
12443
12444
12448
12449
12450
12451
12452
12453
12454
12456
12457
12458
12459
12460
12461
12463
12464
12465
12466
12467
12468
12471
12472
12473
12474
12475
12477
12478
12480
12481
12482
12483
12484
12485
12486
12488
12489
12490
12491
12492
12495
12496
12497
12498
12499
12500
12501
12502
12503
12504
12505
12506
12507
12509
12510
12511
12513
12514
12515
12516
12517
12518
12519
12520
12521
12523
12524
12525
12526
12527
12528
12529
12530
12531
12533
12534
12535
12536
12537
12538
12539
12540
12541
12542
12543
12544
12545
12547
12548
12549
12551
12552
12553
12555
12556
12557
12558
12559
12561
12562
12564
12566
12567
12568
12569
12570
12571
12572
12573
12574
12577
12578
12581
12582
12583
12584
12585
12586
12588
12590
12591
12593
12594
12596
12597
12601
12603
12604
12606
12608
12609
12610
12611
12612
12613
12614
12615
12616
12617
12618
12619
12621
12622
12623
12624
12626
12627
12629
12630
12631
12633
12634
12635
12636
12638
12639
12640
12641
12642
12643
12644
12645
12646
12647
12648
12649
12650
12651
12652
12653
12654
12655
12656
12657
12659
12661
12662
12663
12664
12665
12668
12669
12671
12672
12673
12674
12675
12676
12678
12680
12681
12682
12683
12688
12689
12690
12691
12692
12694
12695
12697
12698
12700
12701
12702
12704
12705
12706
12709
12710
12711
12713
12714
12715
12716
12717
12718
12719
12720
12721
12722
12723
12725
12726
12727
12728
12731
12732
12733
12734
12735
12736
12737
12738
12739
12740
12741
12743
12744
12745
12747
12748
12749
12750
12752
12753
12754
12755
12756
12757
12759
12760
12761
12763
12765
12766
12767
12768
12769
12771
12772
12773
12775
12777
12778
12779
12780
12781
12782
12784
12785
12786
12787
12788
12789
12791
12792
12793
12794
12795
12796
12797
12798
12799
12801
12802
12803
12804
12805
12806
12807
12808
12811
12813
12815
12816
12817
12821
12822
12823
12824
12825
12826
12828
12829
12830
12832
12833
12834
12836
12837
12838
12840
12841
12843
12844
12845
12846
12848
12849
12850
12851
12852
12853
12854
12855
12856
12857
12858
12859
12861
12863
12864
12865
12867
12868
12870
12872
12874
12875
12876
12877
12878
12879
12880
12881
12882
12883
12884
12887
12888
12889
12890
12891
12892
12893
12895
12896
12897
12899
12900
12901
12903
12904
12906
12908
12909
12910
12912
12913
12914
12915
12917
12919
12920
12922
12923
12924
12925
12926
12927
12928
12929
12930
12931
12932
12933
12934
12935
12936
12937
12938
12939
12941
12942
12943
12944
12945
12946
12948
12949
12950
12951
12952
12953
12954
12955
12957
12958
12959
12960
12961
12963
12964
12965
12966
12967
12968
12971
12973
12975
12976
12977
12979
12980
12982
12983
12984
12985
12986
12987
12988
12991
12993
12994
12995
12996
12998
12999
13000
13001
13003
13004
13005
13006
13007
13009
13011
13012
13015
13016
13017
13019
13021
13022
13024
13026
13027
13028
13029
13030
13031
13033
13034
13035
13036
13037
13038
13040
13041
13042
13043
13044
13045
13046
13047
13048
13049
13050
13051
13053
13054
13055
13056
13057
13058
13059
13060
13061
13062
13063
13064
13065
13066
13067
13068
13069
13071
13072
13073
13075
13076
13077
13079
13081
13082
13084
13085
13086
13087
13088
13089
13090
13091
13092
13093
13094
13095
13096
13097
13099
13100
13101
13102
13103
13104
13105
13106
13107
13108
13109
13110
13112
13114
13116
13117
13118
13120
13121
13122
13123
13125
13126
13127
13128
13129
13131
13136
13137
13138
13139
13140
13141
13142
13143
13144
13145
13146
13147
13148
13150
13151
13153
13154
13155
13156
13157
13158
13159
13160
13161
13162
13164
13165
13166
13167
13168
13170
13171
13172
13173
13175
13176
13177
13178
13179
13180
13181
13183
13184
13185
13186
13187
13188
13190
13192
13193
13194
13196
13197
13198
13199
13200
13201
13202
13204
13205
13207
13208
13209
13210
13211
13212
13213
13214
13215
13216
13217
13218
13219
13221
13222
13223
13224
13227
13228
13229
13230
13232
13233
13234
13235
13236
13237
13238
13239
13240
13241
13242
13243
13244
13245
13246
13248
13249
13250
13251
13252
13253
13254
13255
13256
13258
13259
13260
13262
13263
13264
13265
13266
13267
13269
13271
13272
13273
13278
13279
13280
13281
13282
13283
13284
13285
13286
13289
13290
13293
13295
13299
13301
13303
13304
13305
13307
13308
13309
13310
13311
13312
13315
13316
13317
13319
13320
13322
13323
13324
13325
13326
13328
13329
13330
13331
13332
13333
13335
13336
13337
13338
13340
13341
13343
13345
13348
13350
13351
13352
13353
13354
13355
13358
13359
13362
13363
13364
13365
13366
13369
13370
13371
13372
13373
13375
13376
13377
13378
13379
13380
13382
13383
13384
13385
13386
13387
13388
13390
13392
13393
13394
13395
13396
13398
13399
13400
13402
13403
13404
13405
13406
13407
13408
13409
13410
13411
13412
13413
13414
13415
13416
13418
13419
13421
13422
13423
13425
13427
13428
13429
13430
13432
13433
13434
13435
13437
13438
13439
13441
13442
13443
13444
13445
13446
13447
13449
13450
13451
13452
13453
13454
13455
13457
13458
13459
13460
13462
13464
13468
13469
13470
13471
13473
13474
13475
13477
13478
13479
13480
13481
13482
13483
13484
13485
13486
13487
13491
13492
13495
13496
13497
13498
13499
13500
13501
13502
13503
13504
13505
13506
13508
13509
13511
13512
13513
13514
13515
13518
13519
13520
13522
13523
13525
13527
13528
13529
13530
13531
13534
13536
13537
13538
13539
13540
13541
13542
13543
13544
13545
13546
13547
13548
13550
13552
13553
13554
13555
13556
13557
13558
13559
13560
13561
13562
13563
13564
13565
13567
13568
13569
13570
13571
13572
13573
13574
13575
13578
13579
13580
13581
13583
13584
13585
13587
13590
13591
13592
13593
13594
13595
13596
13597
13598
13600
13601
13602
13604
13605
13606
13608
13609
13611
13612
13613
13614
13616
13618
13620
13621
13623
13624
13625
13626
13627
13628
13631
13632
13633
13634
13635
13636
13637
13639
13640
13641
13642
13643
13645
13646
13648
13649
13651
13652
13653
13654
13655
13657
13658
13660
13661
13662
13663
13664
13665
13666
13667
13668
13669
13671
13672
13673
13674
13675
13676
13677
13679
13680
13681
13682
13683
13684
13685
13687
13688
13689
13690
13692
13694
13695
13696
13697
13698
13699
13701
13702
13703
13704
13705
13706
13707
13709
13710
13713
13715
13716
13717
13718
13721
13722
13723
13724
13725
13726
13727
13728
13729
13730
13731
13732
13733
13734
13736
13738
13741
13742
13744
13745
13746
13747
13749
13750
13752
13753
13754
13755
13756
13759
13760
13761
13762
13764
13765
13766
13767
13768
13769
13771
13772
13775
13776
13777
13778
13779
13780
13781
13783
13784
13786
13787
13789
13791
13792
13793
13794
13795
13797
13799
13801
13802
13804
13805
13806
13808
13809
13810
13811
13813
13814
13817
13818
13819
13820
13822
13823
13827
13834
13837
13838
13839
13840
13841
13842
13843
13846
13847
13849
13851
13852
13853
13854
13855
13856
13857
13859
13860
13861
13862
13863
13864
13865
13866
13867
13868
13870
13873
13874
13875
13876
13878
13879
13880
13881
13882
13884
13885
13887
13891
13892
13893
13895
13897
13898
13899
13900
13901
13902
13906
13907
13908
13909
13910
13911
13912
13913
13914
13915
13917
13920
13921
13923
13924
13925
13926
13927
13928
13929
13932
13934
13935
13936
13939
13940
13942
13943
13944
13945
13946
13947
13948
13949
13954
13955
13957
13959
13960
13961
13962
13963
13964
13965
13966
13967
13968
13969
13970
13971
13972
13973
13974
13976
13977
13980
13981
13982
13983
13984
13985
13986
13987
13988
13989
13990
13991
13992
13993
13995
13996
13998
13999
14000
14002
14003
14004
14005
14006
14007
14008
14009
14010
14011
14012
14014
14016
14018
14019
14020
14021
14022
14023
14024
14025
14026
14029
14030
14031
14032
14034
14035
14036
14037
14038
14039
14040
14041
14045
14046
14047
14048
14050
14051
14053
14055
14058
14059
14060
14061
14064
14065
14066
14067
14069
14071
14072
14073
14074
14075
14076
14077
14078
14079
14080
14081
14082
14083
14084
14085
14086
14087
14088
14089
14090
14091
14092
14093
14094
14095
14098
14103
14105
14106
14107
14108
14109
14110
14111
14112
14113
14114
14115
14116
14118
14119
14120
14121
14122
14124
14125
14127
14128
14129
14130
14131
14132
14133
14134
14135
14137
14138
14141
14142
14143
14144
14145
14147
14148
14149
14151
14152
14153
14154
14155
14156
14157
14159
14160
14161
14162
14163
14164
14165
14166
14167
14168
14169
14170
14171
14172
14173
14174
14175
14176
14177
14178
14179
14180
14181
14182
14183
14185
14186
14188
14189
14190
14191
14192
14193
14194
14195
14196
14197
14199
14201
14202
14203
14204
14205
14206
14208
14209
14210
14211
14212
14213
14214
14215
14217
14218
14219
14220
14222
14223
14224
14225
14226
14227
14228
14229
14230
14231
14233
14234
14235
14237
14238
14239
14240
14241
14242
14243
14244
14245
14246
14248
14250
14251
14252
14254
14255
14257
14258
14260
14261
14263
14264
14265
14266
14267
14268
14269
14271
14272
14273
14274
14276
14279
14280
14282
14283
14284
14285
14287
14288
14289
14290
14291
14293
14294
14296
14297
14299
14300
14301
14304
14306
14307
14308
14311
14312
14313
14314
14315
14316
14318
14320
14321
14322
14324
14325
14326
14327
14328
14330
14331
14332
14333
14334
14335
14336
14338
14340
14341
14342
14343
14344
14346
14347
14349
14351
14352
14354
14356
14358
14359
14362
14363
14365
14367
14369
14370
14371
14372
14373
14374
14375
14376
14377
14378
14380
14381
14382
14384
14385
14387
14388
14389
14390
14392
14393
14394
14395
14396
14397
14398
14399
14400
14402
14403
14405
14406
14407
14408
14410
14411
14412
14413
14416
14418
14419
14420
14421
14422
14423
14425
14426
14427
14428
14429
14430
14431
14432
14434
14435
14436
14437
14439
14440
14441
14442
14443
14444
14445
14446
14447
14448
14449
14450
14452
14453
14454
14455
14456
14457
14458
14459
14460
14462
14463
14464
14465
14466
14467
14469
14470
14471
14472
14473
14475
14476
14477
14478
14479
14480
14481
14482
14484
14485
14486
14488
14489
14490
14493
14496
14497
14498
14499
14501
14502
14503
14505
14506
14507
14508
14511
14512
14513
14514
14515
14517
14518
14519
14520
14523
14525
14526
14527
14529
14531
14532
14533
14534
14535
14536
14537
14540
14541
14542
14543
14546
14547
14548
14549
14552
14553
14554
14555
14556
14557
14558
14559
14560
14561
14562
14563
14565
14566
14567
14569
14570
14571
14572
14573
14575
14576
14577
14579
14580
14581
14583
14585
14586
14587
14588
14589
14590
14592
14593
14596
14597
14598
14599
14600
14601
14602
14603
14605
14606
14607
14608
14609
14610
14611
14612
14615
14616
14617
14619
14620
14621
14622
14623
14625
14626
14627
14628
14629
14630
14631
14634
14635
14636
14637
14639
14641
14642
14643
14645
14646
14647
14648
14649
14650
14651
14652
14653
14654
14656
14657
14658
14659
14660
14661
14663
14664
14665
14669
14670
14672
14673
14674
14676
14677
14678
14680
14681
14682
14683
14685
14687
14688
14689
14691
14692
14693
14695
14696
14697
14698
14700
14701
14702
14703
14704
14705
14706
14707
14708
14709
14710
14711
14712
14713
14714
14717
14718
14720
14721
14722
14725
14726
14727
14728
14730
14731
14732
14733
14734
14735
14737
14738
14739
14741
14742
14744
14745
14746
14747
14748
14749
14750
14751
14752
14753
14754
14756
14759
14760
14761
14762
14763
14764
14765
14768
14770
14772
14773
14774
14775
14777
14778
14780
14781
14782
14783
14785
14786
14787
14788
14789
14790
14791
14792
14793
14794
14795
14796
14798
14799
14800
14801
14802
14803
14804
14807
14808
14809
14810
14811
14813
14815
14816
14817
14818
14819
14820
14821
14822
14823
14824
14825
14826
14827
14828
14829
14830
14831
14832
14833
14834
14835
14836
14837
14838
14840
14841
14842
14844
14845
14848
14849
14850
14852
14853
14854
14855
14856
14857
14858
14859
14860
14861
14862
14863
14864
14865
14866
14867
14868
14869
14870
14871
14872
14873
14874
14877
14880
14882
14883
14884
14885
14886
14887
14889
14890
14891
14892
14893
14894
14895
14896
14897
14898
14901
14902
14903
14905
14906
14907
14908
14909
14910
14911
14912
14913
14914
14916
14917
14921
14922
14923
14924
14926
14927
14928
14930
14931
14932
14933
14934
14935
14936
14937
14938
14939
14940
14943
14944
14946
14947
14949
14950
14951
14952
14953
14955
14958
14959
14960
14961
14962
14963
14965
14967
14968
14969
14970
14971
14972
14973
14975
14976
14977
14978
14979
14980
14981
14982
14983
14984
14986
14987
14988
14989
14991
14992
14993
14995
14996
14997
14999
15000
15001
15002
15003
15004
15005
15006
15007
15010
15011
15014
15015
15016
15018
15019
15020
15024
15025
15026
15027
15028
15029
15030
15031
15035
15036
15037
15038
15039
15040
15041
15042
15043
15044
15046
15047
15048
15049
15050
15052
15053
15055
15056
15057
15058
15059
15060
15062
15065
15066
15067
15069
15070
15071
15072
15074
15076
15077
15078
15080
15082
15083
15085
15086
15087
15089
15090
15092
15095
15096
15097
15098
15099
15100
15103
15105
15106
15107
15108
15112
15113
15114
15115
15116
15117
15118
15119
15120
15121
15122
15123
15124
15125
15127
15128
15129
15130
15131
15132
15133
15135
15136
15137
15139
15141
15142
15144
15145
15146
15147
15150
15152
15153
15155
15156
15158
15161
15162
15164
15166
15167
15168
15170
15171
15172
15173
15174
15175
15176
15177
15181
15184
15189
15190
15191
15192
15193
15194
15196
15197
15198
15199
15200
15201
15202
15203
15204
15205
15206
15207
15208
15209
15210
15211
15212
15213
15214
15215
15217
15218
15219
15220
15221
15222
15224
15225
15226
15227
15228
15229
15230
15232
15233
15234
15235
15236
15238
15239
15240
15243
15244
15245
15246
15248
15250
15251
15252
15254
15257
15258
15259
15260
15262
15264
15265
15267
15268
15269
15270
15271
15272
15273
15275
15277
15278
15279
15280
15282
15285
15286
15287
15288
15289
15290
15291
15292
15293
15294
15295
15296
15297
15298
15299
15300
15301
15302
15305
15306
15308
15310
15312
15313
15314
15315
15316
15318
15321
15322
15324
15325
15326
15327
15328
15329
15330
15331
15332
15333
15335
15336
15337
15338
15339
15340
15341
15342
15344
15345
15346
15347
15348
15349
15350
15352
15354
15355
15360
15361
15362
15363
15364
15365
15366
15367
15371
15373
15374
15375
15376
15377
15380
15382
15383
15384
15385
15387
15388
15389
15390
15391
15393
15394
15395
15396
15397
15399
15400
15401
15402
15403
15405
15406
15407
15409
15410
15411
15412
15413
15414
15416
15417
15418
15420
15421
15422
15424
15425
15426
15427
15429
15430
15432
15433
15435
15436
15437
15439
15440
15441
15443
15444
15445
15448
15449
15450
15451
15452
15458
15462
15463
15464
15465
15466
15467
15468
15469
15470
15471
15472
15473
15474
15476
15477
15478
15480
15482
15483
15484
15485
15486
15487
15488
15489
15491
15492
15493
15494
15495
15496
15497
15499
15500
15501
15503
15504
15505
15506
15507
15511
15512
15513
15514
15515
15516
15518
15519
15521
15522
15524
15525
15526
15527
15528
15529
15530
15531
15532
15533
15535
15536
15537
15539
15540
15541
15542
15544
15545
15546
15547
15548
15549
15550
15551
15552
15553
15554
15555
15557
15559
15560
15561
15563
15565
15567
15568
15570
15571
15572
15573
15574
15575
15578
15579
15580
15581
15582
15584
15585
15586
15588
15589
15591
15592
15593
15594
15595
15596
15597
15598
15600
15603
15604
15605
15606
15607
15608
15609
15610
15612
15614
15615
15616
15617
15618
15619
15620
15622
15623
15624
15625
15626
15627
15628
15629
15631
15632
15633
15635
15636
15639
15641
15644
15645
15647
15648
15649
15650
15653
15654
15655
15656
15659
15660
15661
15663
15664
15665
15666
15667
15669
15670
15672
15673
15674
15675
15676
15678
15679
15680
15681
15683
15686
15687
15688
15689
15690
15692
15693
15694
15695
15696
15697
15698
15700
15702
15703
15704
15705
15706
15707
15708
15710
15711
15714
15715
15716
15717
15719
15720
15721
15722
15723
15724
15725
15727
15728
15732
15733
15734
15735
15736
15737
15739
15740
15741
15742
15743
15745
15746
15747
15748
15749
15750
15751
15752
15754
15756
15758
15759
15762
15764
15765
15766
15767
15768
15769
15770
15771
15773
15774
15775
15776
15777
15778
15780
15781
15782
15783
15784
15786
15787
15788
15789
15790
15792
15793
15794
15795
15796
15797
15799
15802
15803
15804
15805
15806
15808
15809
15810
15811
15812
15813
15814
15815
15816
15817
15818
15822
15823
15824
15825
15827
15828
15832
15833
15836
15837
15838
15839
15840
15842
15843
15844
15845
15846
15847
15848
15849
15851
15853
15854
15855
15856
15859
15860
15862
15863
15865
15866
15867
15872
15873
15874
15875
15876
15878
15879
15880
15881
15882
15883
15884
15885
15886
15887
15888
15889
15891
15892
15893
15894
15895
15896
15897
15898
15899
15900
15902
15903
15904
15906
15908
15909
15910
15911
15915
15916
15917
15918
15919
15920
15921
15922
15923
15924
15925
15926
15927
15928
15930
15932
15933
15934
15936
15941
15943
15944
15946
15947
15948
15949
15951
15953
15955
15956
15957
15958
15959
15960
15961
15962
15963
15964
15965
15966
15967
15968
15969
15971
15972
15973
15974
15975
15977
15979
15981
15982
15983
15985
15987
15988
15989
15990
15992
15995
15996
15997
15998
15999
16000
16001
16002
16004
16005
16006
16008
16010
16011
16014
16015
16016
16017
16018
16021
16022
16023
16024
16025
16026
16027
16030
16031
16032
16034
16035
16036
16037
16038
16039
16040
16041
16042
16043
16044
16045
16046
16047
16048
16049
16050
16051
16052
16059
16060
16061
16062
16063
16065
16066
16067
16068
16069
16070
16073
16075
16077
16078
16079
16082
16086
16087
16088
16089
16091
16092
16093
16094
16095
16096
16097
16099
16100
16101
16102
16104
16105
16106
16107
16108
16109
16110
16111
16112
16113
16114
16115
16117
16118
16119
16120
16121
16122
16124
16126
16127
16128
16131
16133
16134
16136
16137
16138
16140
16141
16142
16143
16144
16145
16146
16147
16148
16149
16150
16152
16153
16154
16155
16156
16157
16158
16159
16160
16161
16162
16163
16165
16166
16167
16168
16169
16170
16171
16172
16173
16174
16175
16177
16178
16179
16182
16183
16184
16185
16186
16187
16188
16191
16192
16194
16196
16197
16198
16200
16201
16202
16205
16207
16208
16211
16212
16213
16214
16215
16218
16219
16220
16221
16222
16224
16228
16229
16230
16231
16232
16233
16234
16235
16236
16237
16238
16239
16240
16241
16242
16243
16245
16246
16247
16248
16249
16250
16251
16252
16253
16257
16258
16260
16261
16262
16267
16268
16270
16271
16274
16275
16277
16278
16279
16280
16281
16282
16283
16284
16285
16288
16289
16290
16294
16295
16296
16297
16298
16299
16300
16302
16304
16305
16306
16307
16308
16311
16314
16315
16317
16318
16319
16320
16321
16323
16324
16327
16328
16329
16330
16331
16332
16335
16336
16337
16338
16341
16343
16345
16346
16347
16348
16349
16350
16351
16352
16353
16354
16355
16356
16357
16358
16359
16360
16364
16365
16366
16367
16368
16369
16371
16375
16376
16377
16378
16379
16382
16383
16384
16385
16386
16387
16388
16389
16392
16393
16395
16397
16398
16399
16400
16401
16402
16403
16404
16405
16406
16407
16408
16409
16410
16411
16412
16413
16415
16416
16417
16418
16419
16420
16421
16422
16424
16425
16427
16429
16430
16431
16432
16434
16435
16436
16439
16440
16441
16442
16443
16444
16448
16450
16451
16454
16455
16456
16457
16463
16465
16466
16468
16471
16472
16473
16475
16476
16477
16478
16480
16484
16485
16486
16487
16488
16489
16490
16491
16492
16493
16494
16496
16499
16500
16501
16503
16504
16505
16506
16507
16508
16509
16510
16511
16513
16515
16516
16517
16518
16519
16520
16521
16522
16523
16524
16526
16531
16534
16536
16538
16539
16540
16541
16542
16543
16545
16546
16547
16548
16550
16551
16552
16553
16556
16558
16560
16561
16562
16563
16566
16568
16569
16570
16572
16573
16575
16576
16577
16578
16579
16580
16583
16586
16587
16589
16590
16591
16592
16593
16594
16595
16598
16599
16600
16602
16603
16604
16606
16609
16610
16612
16613
16614
16615
16616
16617
16618
16619
16620
16621
16622
16624
16626
16627
16628
16629
16631
16632
16634
16635
16636
16637
16639
16640
16641
16643
16646
16647
16648
16651
16653
16654
16655
16656
16657
16659
16661
16662
16663
16665
16666
16668
16670
16672
16673
16674
16675
16676
16677
16679
16681
16682
16684
16686
16687
16688
16689
16690
16691
16693
16694
16695
16696
16697
16698
16699
16701
16703
16705
16706
16708
16709
16710
16712
16713
16714
16716
16717
16718
16719
16720
16722
16724
16725
16727
16728
16731
16732
16733
16737
16738
16739
16740
16741
16742
16743
16744
16746
16747
16748
16751
16752
16753
16754
16755
16756
16757
16758
16759
16760
16761
16762
16764
16765
16768
16769
16770
16771
16772
16773
16775
16777
16778
16779
16781
16782
16783
16784
16786
16787
16788
16793
16794
16796
16798
16799
16800
16802
16803
16805
16808
16809
16810
16812
16813
16814
16815
16817
16818
16819
16820
16821
16822
16823
16827
16828
16829
16832
16833
16834
16836
16837
16838
16839
16840
16842
16843
16845
16846
16847
16849
16850
16852
16853
16855
16856
16857
16859
16860
16861
16862
16863
16864
16866
16867
16870
16873
16874
16875
16876
16878
16879
16880
16881
16883
16884
16885
16886
16888
16890
16891
16892
16893
16894
16897
16898
16899
16900
16901
16902
16903
16905
16908
16909
16910
16911
16912
16913
16915
16916
16917
16918
16920
16921
16922
16923
16924
16928
16929
16932
16933
16934
16935
16936
16938
16939
16940
16941
16943
16944
16947
16949
16950
16952
16953
16954
16955
16956
16958
16960
16961
16962
16963
16964
16965
16966
16967
16968
16969
16970
16971
16973
16974
16975
16976
16979
16980
16981
16982
16983
16984
16985
16986
16987
16988
16989
16991
16993
16995
16996
16998
16999
17000
17002
17003
17005
17006
17008
17009
17011
17012
17015
17018
17019
17020
17022
17023
17024
17027
17028
17030
17031
17032
17038
17039
17040
17041
17043
17045
17046
17047
17048
17049
17051
17052
17053
17055
17058
17060
17061
17062
17064
17065
17066
17067
17068
17069
17070
17071
17072
17073
17075
17076
17077
17079
17080
17081
17082
17083
17084
17085
17086
17087
17089
17090
17091
17092
17093
17094
17097
17098
17099
17100
17101
17102
17106
17107
17108
17109
17110
17111
17112
17113
17114
17117
17118
17119
17120
17121
17122
17123
17125
17126
17128
17129
17130
17131
17132
17133
17134
17136
17139
17140
17141
17142
17143
17144
17145
17146
17147
17149
17150
17151
17153
17154
17155
17156
17157
17158
17161
17162
17163
17164
17166
17167
17168
17169
17171
17172
17173
17174
17175
17176
17177
17180
17181
17184
17185
17186
17187
17188
17190
17191
17192
17193
17196
17197
17198
17199
17200
17201
17203
17204
17205
17206
17207
17208
17210
17212
17216
17217
17218
17219
17220
17221
17224
17225
17226
17227
17228
17229
17230
17232
17235
17236
17238
17239
17240
17241
17243
17244
17245
17247
17248
17249
17251
17252
17254
17257
17258
17260
17261
17262
17263
17264
17265
17266
17267
17268
17270
17271
17272
17273
17275
17277
17278
17280
17281
17282
17283
17284
17285
17287
17288
17289
17290
17291
17292
17293
17294
17295
17296
17297
17298
17299
17300
17302
17303
17304
17305
17307
17308
17310
17311
17312
17313
17315
17316
17319
17320
17321
17322
17323
17324
17325
17326
17328
17332
17333
17334
17338
17340
17342
17344
17345
17346
17347
17349
17350
17352
17353
17354
17356
17357
17358
17359
17360
17362
17363
17366
17367
17368
17369
17370
17372
17373
17374
17375
17376
17377
17378
17379
17380
17382
17383
17384
17385
17387
17388
17389
17390
17391
17392
17393
17394
17395
17397
17399
17400
17401
17402
17403
17404
17405
17406
17407
17410
17413
17414
17415
17416
17418
17420
17422
17423
17424
17425
17426
17429
17430
17431
17432
17434
17435
17437
17438
17439
17440
17441
17443
17444
17445
17447
17448
17450
17453
17454
17455
17456
17457
17458
17459
17461
17462
17463
17464
17465
17466
17467
17470
17471
17474
17476
17477
17479
17480
17481
17482
17483
17484
17485
17487
17488
17489
17490
17491
17492
17494
17495
17496
17497
17498
17500
17501
17502
17503
17504
17506
17507
17508
17509
17510
17512
17513
17514
17515
17517
17519
17521
17523
17526
17527
17528
17529
17530
17531
17533
17534
17535
17537
17538
17539
17540
17541
17542
17543
17545
17548
17549
17550
17551
17553
17554
17555
17556
17557
17558
17559
17560
17561
17562
17563
17564
17565
17566
17568
17571
17572
17573
17574
17575
17576
17577
17580
17583
17584
17585
17586
17587
17589
17590
17591
17592
17593
17594
17596
17597
17598
17599
17600
17601
17602
17603
17604
17605
17606
17607
17609
17610
17612
17613
17614
17615
17616
17617
17619
17622
17623
17624
17625
17626
17628
17629
17631
17633
17634
17635
17636
17637
17638
17639
17640
17642
17645
17648
17649
17650
17651
17652
17655
17656
17657
17658
17659
17661
17663
17664
17666
17668
17669
17670
17672
17673
17674
17675
17676
17677
17679
17683
17684
17685
17686
17689
17690
17691
17692
17693
17695
17696
17697
17698
17699
17700
17701
17703
17704
17705
17708
17710
17711
17714
17717
17720
17721
17722
17723
17724
17726
17727
17730
17732
17733
17734
17735
17736
17737
17738
17739
17740
17741
17742
17743
17745
17748
17749
17750
17751
17754
17755
17756
17758
17759
17760
17761
17762
17763
17764
17765
17766
17767
17768
17770
17773
17774
17775
17776
17778
17779
17782
17783
17784
17785
17786
17787
17788
17789
17790
17791
17792
17793
17795
17796
17797
17799
17800
17801
17802
17803
17804
17805
17807
17810
17811
17812
17814
17815
17818
17820
17821
17822
17823
17824
17825
17826
17827
17828
17829
17830
17831
17832
17833
17834
17835
17836
17839
17840
17843
17844
17845
17848
17849
17850
17852
17853
17854
17855
17856
17857
17860
17861
17863
17864
17865
17867
17868
17869
17870
17872
17873
17877
17878
17880
17881
17882
17883
17884
17885
17886
17887
17888
17890
17891
17892
17893
17896
17898
17899
17900
17904
17907
17908
17910
17914
17915
17917
17918
17919
17921
17923
17924
17925
17926
17927
17929
17930
17931
17932
17933
17934
17935
17936
17939
17940
17942
17943
17944
17948
17950
17951
17952
17953
17954
17955
17956
17957
17958
17959
17960
17961
17962
17963
17965
17967
17969
17970
17971
17972
17973
17974
17975
17977
17978
17981
17982
17983
17984
17986
17987
17991
17992
17994
17997
17999
18000
18001
18002
18003
18004
18005
18006
18007
18008
18009
18010
18011
18013
18014
18016
18017
18018
18020
18021
18022
18023
18024
18025
18028
18030
18031
18032
18034
18035
18036
18037
18038
18039
18040
18041
18042
18043
18044
18046
18047
18048
18049
18051
18053
18054
18055
18057
18059
18060
18061
18063
18064
18065
18066
18068
18069
18071
18072
18073
18074
18075
18076
18077
18078
18080
18082
18083
18084
18085
18086
18087
18088
18089
18090
18091
18092
18094
18095
18097
18098
18099
18100
18101
18104
18105
18106
18107
18112
18114
18115
18116
18117
18118
18119
18120
18124
18125
18126
18128
18130
18131
18132
18133
18134
18136
18137
18139
18140
18141
18142
18143
18144
18145
18146
18147
18149
18150
18151
18155
18156
18157
18158
18160
18162
18163
18164
18165
18166
18167
18168
18169
18170
18172
18173
18174
18175
18176
18177
18178
18180
18182
18183
18184
18185
18186
18188
18189
18191
18193
18194
18195
18196
18197
18199
18200
18202
18203
18204
18205
18206
18207
18209
18211
18212
18213
18214
18216
18217
18218
18220
18221
18222
18223
18229
18233
18234
18235
18236
18237
18238
18239
18240
18241
18243
18244
18247
18248
18252
18253
18254
18255
18259
18260
18261
18264
18265
18266
18267
18268
18270
18271
18274
18275
18278
18279
18280
18282
18283
18284
18287
18290
18291
18294
18295
18296
18297
18299
18300
18301
18303
18305
18306
18307
18308
18309
18310
18311
18313
18314
18315
18316
18318
18319
18320
18322
18323
18324
18325
18326
18327
18328
18329
18330
18331
18332
18333
18334
18335
18336
18337
18340
18342
18343
18344
18346
18347
18348
18349
18350
18351
18352
18353
18354
18356
18357
18358
18359
18362
18364
18365
18368
18369
18373
18375
18376
18377
18378
18379
18381
18382
18383
18384
18385
18387
18388
18389
18390
18391
18393
18394
18395
18396
18397
18398
18400
18402
18403
18404
18405
18407
18408
18409
18410
18411
18413
18414
18415
18417
18418
18420
18421
18422
18423
18424
18425
18427
18428
18430
18432
18433
18434
18435
18436
18439
18440
18442
18443
18444
18445
18447
18448
18450
18451
18452
18453
18456
18457
18458
18459
18460
18461
18462
18463
18464
18465
18466
18467
18468
18469
18470
18471
18473
18475
18476
18477
18479
18480
18482
18483
18484
18485
18486
18488
18489
18492
18494
18496
18498
18499
18500
18502
18503
18504
18505
18506
18507
18508
18509
18510
18511
18512
18513
18514
18516
18517
18518
18519
18520
18521
18522
18523
18524
18525
18526
18527
18528
18532
18533
18534
18536
18537
18538
18539
18541
18542
18544
18545
18546
18547
18548
18549
18550
18552
18553
18554
18555
18556
18557
18558
18559
18560
18561
18562
18563
18564
18565
18566
18567
18568
18569
18572
18573
18574
18575
18576
18577
18578
18579
18581
18583
18585
18586
18587
18588
18589
18590
18591
18592
18593
18594
18597
18599
18600
18601
18605
18606
18607
18608
18609
18610
18612
18613
18615
18616
18617
18618
18619
18620
18621
18622
18623
18624
18626
18627
18630
18631
18632
18633
18636
18637
18638
18639
18641
18642
18643
18644
18645
18646
18647
18649
18650
18651
18652
18653
18654
18655
18656
18657
18659
18660
18661
18664
18667
18668
18670
18671
18673
18674
18675
18676
18677
18678
18681
18682
18683
18684
18685
18687
18689
18692
18693
18694
18695
18698
18699
18700
18701
18702
18704
18706
18707
18709
18710
18712
18713
18714
18715
18716
18717
18718
18720
18721
18722
18723
18724
18725
18726
18730
18731
18732
18733
18734
18735
18737
18738
18739
18740
18743
18745
18746
18747
18748
18749
18751
18752
18755
18756
18757
18758
18761
18763
18764
18765
18767
18769
18770
18772
18773
18774
18775
18776
18777
18778
18779
18781
18782
18784
18785
18786
18788
18790
18791
18792
18795
18796
18798
18799
18800
18801
18802
18805
18806
18808
18809
18810
18811
18814
18816
18818
18819
18820
18821
18822
18824
18826
18827
18828
18830
18831
18833
18834
18835
18836
18837
18839
18840
18841
18842
18843
18844
18847
18849
18850
18853
18854
18856
18857
18859
18861
18862
18863
18864
18865
18866
18867
18868
18869
18870
18871
18873
18874
18875
18877
18879
18880
18881
18884
18886
18887
18889
18890
18892
18893
18894
18895
18896
18897
18898
18899
18900
18902
18904
18905
18906
18907
18908
18909
18910
18911
18912
18913
18915
18917
18918
18919
18921
18922
18923
18924
18925
18926
18927
18929
18930
18931
18932
18933
18934
18935
18936
18937
18939
18941
18942
18943
18944
18945
18946
18948
18949
18953
18954
18955
18957
18958
18959
18960
18961
18963
18964
18966
18967
18970
18971
18972
18973
18974
18975
18977
18978
18979
18980
18981
18982
18985
18986
18987
18988
18989
18990
18991
18992
18995
18997
18998
19000
19001
19002
19003
19007
19008
19011
19012
19013
19014
19017
19018
19019
19020
19024
19025
19026
19028
19029
19031
19032
19034
19036
19037
19038
19039
19040
19041
19043
19044
19046
19047
19048
19051
19052
19053
19055
19056
19058
19059
19060
19061
19062
19063
19064
19065
19066
19067
19068
19069
19070
19072
19074
19077
19079
19080
19083
19084
19085
19086
19087
19088
19089
19090
19091
19092
19094
19095
19096
19097
19098
19099
19100
19101
19102
19103
19104
19106
19107
19108
19109
19110
19111
19113
19114
19115
19117
19119
19120
19121
19122
19123
19124
19126
19128
19129
19130
19132
19133
19135
19136
19138
19139
19140
19141
19142
19143
19144
19145
19146
19147
19148
19149
19150
19151
19152
19153
19154
19157
19158
19159
19161
19162
19163
19166
19167
19168
19169
19170
19172
19173
19174
19175
19176
19177
19178
19179
19180
19181
19182
19185
19186
19187
19188
19190
19191
19192
19194
19195
19196
19197
19200
19201
19204
19205
19206
19207
19208
19209
19211
19212
19213
19214
19215
19216
19217
19220
19221
19222
19223
19226
19227
19228
19229
19231
19232
19233
19234
19235
19237
19238
19239
19241
19242
19245
19246
19248
19251
19252
19253
19254
19255
19256
19257
19258
19260
19261
19262
19263
19264
19265
19266
19268
19269
19270
19271
19272
19274
19275
19276
19277
19278
19279
19280
19281
19283
19284
19285
19287
19290
19292
19293
19296
19298
19299
19301
19303
19304
19305
19306
19307
19308
19310
19312
19313
19314
19315
19317
19318
19320
19321
19322
19324
19325
19329
19330
19331
19332
19333
19334
19335
19336
19337
19338
19339
19340
19342
19344
19345
19346
19347
19348
19349
19350
19351
19352
19353
19354
19355
19356
19359
19361
19363
19364
19366
19371
19372
19373
19375
19376
19377
19379
19381
19382
19385
19386
19387
19389
19391
19392
19396
19397
19398
19401
19402
19403
19404
19405
19406
19407
19408
19409
19410
19411
19412
19417
19420
19421
19422
19423
19424
19425
19426
19427
19428
19429
19432
19434
19435
19438
19440
19441
19442
19446
19447
19448
19449
19451
19452
19454
19455
19457
19458
19459
19461
19463
19464
19465
19466
19468
19470
19471
19473
19474
19475
19478
19480
19481
19482
19484
19486
19488
19489
19490
19492
19494
19495
19498
19499
19500
19501
19503
19505
19506
19507
19509
19510
19511
19515
19516
19517
19518
19520
19524
19525
19526
19527
19528
19529
19530
19533
19534
19535
19536
19537
19539
19541
19542
19543
19544
19545
19547
19548
19549
19551
19552
19553
19555
19556
19557
19558
19559
19560
19561
19562
19563
19565
19566
19567
19568
19569
19570
19572
19573
19574
19576
19577
19579
19580
19581
19583
19584
19586
19588
19589
19591
19592
19593
19594
19595
19596
19597
19598
19600
19601
19603
19604
19605
19606
19610
19611
19612
19613
19620
19621
19622
19623
19625
19628
19629
19631
19632
19633
19634
19635
19636
19638
19639
19641
19643
19644
19646
19649
19650
19651
19652
19653
19654
19655
19658
19659
19660
19661
19662
19664
19666
19667
19668
19669
19670
19671
19672
19674
19675
19677
19678
19680
19681
19682
19683
19684
19685
19686
19687
19688
19691
19692
19693
19694
19695
19697
19698
19700
19703
19704
19705
19706
19707
19708
19710
19712
19713
19715
19716
19717
19718
19719
19720
19722
19723
19724
19725
19726
19727
19729
19730
19732
19733
19735
19739
19740
19741
19742
19743
19744
19745
19747
19748
19749
19752
19753
19755
19760
19761
19764
19765
19766
19768
19769
19772
19773
19775
19776
19781
19783
19784
19785
19786
19787
19788
19789
19792
19793
19795
19796
19800
19802
19803
19808
19809
19810
19811
19813
19814
19815
19818
19819
19820
19821
19822
19823
19824
19825
19826
19830
19832
19833
19835
19837
19839
19841
19843
19844
19845
19846
19847
19848
19849
19850
19851
19852
19855
19856
19857
19859
19860
19861
19865
19867
19868
19869
19871
19872
19873
19874
19875
19878
19881
19882
19883
19884
19887
19888
19889
19890
19891
19892
19893
19894
19895
19896
19898
19899
19900
19902
19908
19911
19912
19913
19914
19915
19916
19918
19919
19920
19922
19923
19926
19927
19930
19932
19933
19934
19936
19939
19941
19942
19944
19946
19947
19948
19949
19950
19951
19952
19953
19954
19956
19957
19958
19959
19960
19961
19962
19963
19964
19965
19968
19969
19970
19973
19974
19976
19978
19980
19981
19982
19983
19984
19986
19987
19988
19989
19991
19992
19994
19996
19997
19998
20000
20002
20003
20004
20005
20006
20007
20009
20010
20011
20016
20017
20018
20019
20020
20021
20022
20023
20025
20026
20028
20029
20030
20032
20034
20035
20036
20038
20040
20042
20043
20045
20046
20049
20050
20051
20052
20053
20056
20057
20058
20059
20060
20063
20064
20065
20066
20067
20068
20069
20070
20072
20073
20074
20075
20076
20077
20078
20079
20080
20082
20086
20087
20089
20090
20091
20093
20094
20095
20097
20098
20099
20100
20101
20103
20104
20105
20106
20108
20110
20111
20112
20113
20115
20116
20117
20120
20121
20122
20124
20125
20126
20128
20129
20130
20132
20134
20135
20138
20139
20140
20142
20143
20144
20146
20147
20148
20149
20151
20152
20153
20155
20156
20158
20159
20161
20162
20164
20165
20166
20167
20169
20170
20171
20172
20173
20174
20175
20178
20179
20180
20181
20182
20183
20185
20186
20188
20189
20192
20193
20194
20195
20196
20199
20201
20204
20205
20206
20207
20208
20209
20210
20212
20213
20214
20216
20218
20219
20220
20222
20224
20226
20227
20228
20230
20231
20232
20233
20234
20236
20238
20239
20243
20245
20249
20250
20253
20254
20256
20260
20262
20264
20265
20266
20268
20269
20270
20271
20273
20274
20275
20277
20279
20280
20281
20282
20284
20285
20286
20288
20290
20292
20293
20295
20302
20306
20307
20308
20309
20310
20311
20312
20314
20315
20316
20317
20318
20319
20320
20321
20323
20326
20327
20328
20329
20330
20331
20332
20333
20334
20335
20336
20337
20338
20340
20341
20342
20343
20344
20347
20348
20351
20352
20353
20355
20357
20359
20360
20361
20362
20364
20365
20366
20367
20368
20369
20372
20374
20375
20377
20379
20380
20381
20382
20383
20384
20385
20386
20387
20388
20389
20390
20391
20392
20394
20395
20396
20397
20398
20400
20403
20404
20406
20407
20408
20409
20411
20412
20413
20414
20415
20416
20417
20420
20421
20422
20424
20425
20427
20428
20433
20434
20438
20439
20441
20442
20443
20444
20450
20452
20453
20454
20455
20457
20459
20460
20461
20465
20466
20467
20468
20470
20472
20473
20474
20475
20476
20477
20479
20480
20481
20482
20483
20484
20485
20487
20488
20489
20490
20491
20494
20495
20496
20497
20498
20499
20500
20501
20503
20505
20507
20508
20509
20510
20511
20512
20513
20514
20516
20518
20522
20525
20527
20529
20533
20536
20537
20538
20539
20540
20541
20542
20543
20545
20547
20548
20549
20551
20552
20554
20555
20557
20558
20559
20560
20562
20563
20564
20569
20572
20573
20575
20576
20579
20581
20583
20585
20586
20587
20588
20589
20590
20592
20594
20596
20597
20598
20599
20600
20604
20606
20607
20608
20609
20610
20611
20612
20613
20614
20615
20616
20617
20618
20619
20620
20621
20622
20623
20624
20626
20627
20629
20631
20632
20633
20635
20636
20637
20640
20641
20643
20644
20645
20648
20649
20650
20651
20652
20653
20654
20655
20657
20658
20659
20660
20661
20662
20663
20664
20665
20667
20668
20670
20671
20672
20674
20675
20678
20680
20682
20683
20684
20685
20687
20688
20692
20699
20701
20703
20706
20707
20708
20709
20710
20711
20713
20714
20715
20716
20717
20720
20721
20723
20724
20725
20726
20728
20729
20730
20731
20732
20733
20734
20735
20736
20737
20738
20739
20740
20741
20742
20743
20747
20748
20749
20750
20751
20752
20753
20754
20755
20756
20757
20759
20761
20762
20764
20766
20767
20768
20769
20770
20771
20772
20773
20774
20775
20776
20777
20778
20779
20780
20781
20782
20783
20788
20789
20790
20791
20792
20794
20795
20796
20798
20799
20800
20803
20804
20805
20806
20808
20809
20810
20811
20812
20814
20815
20816
20817
20818
20820
20821
20822
20825
20826
20827
20828
20829
20831
20832
20833
20834
20836
20837
20838
20843
20844
20846
20847
20848
20850
20851
20852
20854
20855
20856
20857
20858
20863
20864
20865
20868
20869
20871
20872
20874
20875
20876
20877
20878
20884
20886
20887
20888
20889
20890
20891
20892
20893
20894
20895
20897
20901
20904
20905
20906
20908
20911
20913
20915
20918
20921
20922
20923
20924
20926
20930
20932
20933
20934
20935
20939
20941
20943
20945
20947
20950
20951
20952
20953
20955
20956
20958
20959
20960
20961
20965
20966
20967
20968
20969
20970
20971
20972
20973
20974
20975
20976
20978
20979
20980
20981
20982
20983
20984
20986
20987
20990
20991
20994
20999
21000
21001
21002
21003
21004
21005
21006
21008
21009
21014
21015
21016
21018
21019
21021
21023
21024
21025
21026
21029
21030
21034
21035
21036
21037
21038
21040
21041
21042
21043
21044
21046
21047
21048
21049
21050
21052
21054
21055
21056
21057
21059
21061
21062
21066
21067
21068
21070
21072
21073
21074
21076
21078
21079
21080
21081
21083
21084
21085
21088
21090
21091
21092
21093
21094
21095
21096
21097
21099
21100
21101
21102
21103
21104
21105
21106
21107
21108
21109
21110
21111
21112
21113
21114
21115
21116
21117
21118
21119
21121
21122
21123
21124
21126
21127
21128
21129
21130
21131
21132
21134
21135
21136
21137
21138
21139
21141
21142
21143
21144
21145
21146
21147
21149
21150
21153
21154
21155
21156
21158
21159
21160
21161
21163
21164
21165
21167
21169
21171
21172
21173
21174
21176
21178
21179
21180
21181
21183
21184
21185
21186
21188
21189
21190
21192
21194
21197
21199
21200
21201
21204
21206
21207
21208
21209
21211
21213
21214
21215
21216
21217
21218
21219
21220
21221
21223
21225
21226
21228
21229
21230
21231
21232
21233
21234
21235
21236
21237
21238
21239
21241
21244
21245
21246
21248
21249
21250
21251
21252
21253
21254
21255
21256
21257
21258
21259
21260
21261
21262
21263
21264
21265
21268
21269
21270
21272
21273
21274
21276
21277
21278
21279
21281
21282
21283
21284
21286
21288
21289
21290
21291
21292
21293
21295
21296
21297
21299
21300
21301
21303
21306
21307
21308
21309
21310
21311
21312
21314
21316
21317
21318
21320
21321
21322
21323
21324
21325
21327
21328
21330
21332
21333
21334
21337
21339
21340
21341
21342
21343
21344
21345
21346
21349
21350
21351
21353
21354
21355
21356
21357
21358
21360
21362
21365
21367
21368
21369
21370
21371
21373
21374
21375
21377
21378
21380
21382
21383
21384
21385
21387
21388
21389
21390
21391
21394
21395
21396
21397
21398
21399
21400
21402
21403
21405
21406
21409
21410
21412
21414
21419
21420
21421
21422
21423
21426
21427
21428
21429
21431
21433
21434
21436
21440
21442
21443
21444
21446
21449
21451
21452
21453
21454
21458
21459
21460
21461
21463
21464
21465
21466
21469
21472
21473
21475
21477
21478
21479
21481
21482
21483
21484
21485
21486
21487
21488
21489
21490
21495
21496
21497
21498
21500
21502
21503
21504
21505
21506
21510
21511
21512
21513
21514
21516
21517
21520
21521
21527
21528
21530
21531
21532
21533
21535
21537
21538
21539
21542
21543
21544
21546
21547
21548
21549
21551
21553
21555
21558
21560
21561
21562
21563
21564
21566
21568
21571
21572
21574
21575
21576
21577
21579
21582
21583
21585
21587
21588
21589
21590
21591
21592
21595
21597
21599
21600
21602
21603
21604
21605
21606
21608
21610
21613
21614
21615
21616
21617
21618
21619
21620
21621
21622
21623
21627
21628
21631
21632
21633
21634
21635
21637
21639
21640
21643
21645
21646
21647
21648
21649
21650
21652
21654
21655
21656
21657
21658
21660
21661
21662
21663
21664
21665
21666
21668
21670
21671
21672
21674
21675
21676
21677
21678
21680
21681
21682
21683
21684
21685
21688
21689
21690
21691
21692
21693
21694
21695
21696
21698
21699
21700
21701
21703
21704
21706
21708
21710
21711
21712
21716
21717
21719
21721
21722
21726
21727
21730
21731
21734
21735
21736
21737
21738
21739
21740
21743
21744
21746
21747
21748
21750
21751
21753
21754
21755
21756
21758
21759
21760
21761
21762
21764
21765
21766
21767
21768
21769
21773
21775
21776
21777
21778
21779
21780
21782
21783
21784
21786
21789
21791
21792
21793
21794
21796
21798
21800
21801
21805
21806
21808
21809
21811
21813
21814
21815
21816
21817
21818
21819
21821
21822
21823
21824
21825
21826
21827
21828
21831
21832
21833
21835
21838
21840
21842
21845
21846
21848
21849
21850
21851
21853
21855
21856
21857
21858
21859
21860
21861
21864
21866
21867
21869
21870
21871
21872
21873
21874
21875
21876
21877
21878
21879
21883
21884
21886
21887
21891
21892
21893
21894
21895
21896
21898
21899
21900
21901
21902
21903
21905
21906
21907
21908
21910
21914
21915
21916
21917
21919
21921
21922
21924
21925
21926
21930
21931
21933
21934
21935
21936
21938
21939
21941
21943
21946
21947
21948
21949
21950
21953
21955
21957
21958
21959
21960
21962
21964
21966
21968
21970
21971
21973
21974
21976
21977
21979
21981
21982
21983
21986
21988
21989
21990
21991
21992
21993
21994
21995
21998
22000
22001
22002
22005
22006
22007
22009
22013
22014
22017
22019
22020
22021
22022
22023
22025
22026
22028
22030
22031
22032
22033
22035
22036
22037
22038
22040
22041
22043
22044
22045
22046
22048
22049
22050
22052
22053
22054
22055
22057
22059
22060
22061
22062
22063
22064
22066
22067
22068
22070
22071
22073
22076
22077
22081
22082
22084
22087
22088
22089
22090
22091
22092
22093
22094
22096
22098
22099
22100
22101
22102
22103
22104
22105
22106
22107
22108
22109
22112
22113
22115
22116
22117
22120
22121
22124
22125
22126
22127
22129
22130
22131
22132
22133
22134
22135
22136
22139
22140
22141
22142
22143
22145
22147
22149
22150
22151
22152
22153
22156
22157
22159
22160
22161
22162
22163
22164
22165
22166
22167
22168
22171
22172
22175
22176
22181
22182
22183
22184
22185
22187
22189
22191
22193
22194
22195
22196
22197
22200
22205
22206
22207
22208
22211
22212
22214
22215
22217
22218
22219
22221
22223
22226
22227
22230
22231
22232
22233
22235
22236
22237
22238
22240
22241
22242
22244
22245
22246
22247
22248
22250
22253
22254
22255
22256
22257
22258
22259
22260
22262
22263
22265
22266
22267
22268
22270
22273
22274
22275
22277
22281
22282
22283
22284
22285
22286
22287
22289
22291
22292
22293
22294
22296
22299
22300
22301
22302
22305
22306
22307
22309
22310
22313
22315
22316
22317
22318
22319
22320
22324
22325
22326
22327
22328
22329
22330
22332
22333
22335
22336
22337
22338
22339
22342
22343
22347
22348
22350
22351
22353
22355
22356
22358
22359
22360
22361
22362
22365
22367
22368
22369
22371
22372
22373
22374
22377
22380
22381
22382
22384
22385
22386
22387
22392
22394
22395
22396
22397
22399
22400
22401
22402
22405
22408
22409
22411
22412
22413
22415
22416
22417
22418
22419
22421
22423
22424
22425
22426
22428
22430
22432
22433
22434
22435
22437
22439
22440
22441
22442
22443
22445
22446
22447
22448
22449
22451
22452
22453
22455
22456
22459
22460
22461
22462
22463
22464
22465
22466
22467
22468
22469
22470
22471
22472
22474
22475
22476
22477
22478
22480
22481
22482
22484
22485
22486
22487
22491
22492
22493
22494
22495
22496
22497
22498
22499
22501
22502
22503
22506
22510
22511
22512
22513
22515
22516
22518
22522
22523
22524
22525
22527
22528
22530
22531
22532
22533
22534
22536
22537
22541
22542
22544
22545
22546
22549
22550
22551
22553
22554
22555
22556
22557
22558
22559
22560
22561
22562
22563
22564
22565
22567
22569
22570
22572
22573
22575
22576
22578
22579
22580
22581
22582
22583
22584
22586
22587
22589
22590
22591
22592
22595
22596
22597
22598
22599
22600
22602
22604
22605
22606
22608
22609
22610
22615
22617
22618
22621
22626
22627
22629
22630
22631
22632
22633
22634
22635
22636
22637
22641
22643
22644
22646
22647
22649
22651
22652
22654
22655
22656
22657
22660
22661
22662
22663
22665
22666
22668
22669
22670
22672
22673
22674
22676
22677
22679
22682
22684
22685
22686
22687
22690
22696
22697
22698
22700
22702
22703
22705
22706
22707
22709
22711
22715
22716
22717
22718
22721
22725
22730
22731
22732
22733
22735
22736
22737
22738
22739
22740
22741
22742
22744
22746
22747
22749
22751
22753
22755
22756
22757
22759
22760
22761
22763
22765
22767
22770
22771
22773
22775
22776
22777
22778
22779
22780
22782
22784
22785
22786
22787
22788
22791
22792
22793
22794
22799
22800
22802
22804
22805
22806
22807
22809
22811
22812
22814
22815
22816
22817
22819
22821
22822
22823
22824
22825
22826
22827
22830
22833
22834
22835
22838
22839
22840
22841
22842
22843
22845
22846
22847
22854
22855
22856
22857
22858
22860
22862
22863
22864
22865
22866
22867
22868
22869
22870
22871
22872
22873
22874
22875
22876
22877
22879
22880
22881
22882
22885
22887
22888
22889
22891
22892
22893
22897
22898
22900
22901
22903
22904
22905
22906
22907
22908
22909
22910
22911
22912
22914
22916
22918
22921
22922
22924
22926
22927
22928
22929
22930
22931
22933
22934
22936
22937
22939
22940
22941
22942
22943
22944
22945
22947
22950
22951
22952
22953
22955
22956
22957
22958
22960
22962
22963
22964
22965
22966
22967
22969
22970
22973
22975
22977
22980
22981
22982
22983
22984
22985
22986
22987
22988
22990
22991
22992
22993
22994
22995
22996
22998
22999
23000
23001
23002
23003
23004
23006
23007
23008
23009
23010
23011
23014
23016
23017
23021
23022
23023
23024
23025
23027
23029
23030
23032
23033
23034
23036
23037
23038
23040
23041
23044
23045
23046
23047
23049
23050
23057
23058
23059
23060
23061
23063
23064
23065
23066
23067
23069
23070
23072
23073
23075
23077
23079
23081
23082
23083
23085
23086
23087
23088
23092
23093
23094
23095
23098
23099
23102
23103
23104
23107
23109
23110
23111
23113
23114
23116
23117
23118
23119
23120
23122
23123
23124
23129
23130
23133
23134
23136
23137
23140
23141
23142
23143
23144
23145
23146
23150
23152
23153
23154
23155
23156
23158
23159
23161
23162
23163
23164
23166
23167
23168
23170
23172
23173
23174
23175
23176
23177
23181
23182
23183
23185
23186
23187
23189
23190
23191
23194
23195
23197
23198
23199
23200
23201
23202
23203
23204
23206
23208
23209
23210
23211
23213
23214
23215
23216
23218
23219
23220
23221
23222
23223
23225
23226
23229
23232
23233
23235
23237
23238
23240
23244
23245
23246
23248
23249
23250
23251
23252
23254
23255
23256
23257
23259
23260
23261
23263
23264
23267
23268
23269
23270
23271
23272
23273
23274
23275
23277
23278
23279
23280
23282
23283
23284
23285
23286
23287
23288
23290
23291
23293
23294
23295
23296
23297
23298
23299
23301
23302
23303
23304
23305
23307
23308
23310
23311
23312
23314
23315
23316
23317
23318
23320
23323
23324
23325
23326
23327
23329
23330
23331
23332
23335
23336
23339
23341
23343
23344
23345
23346
23351
23353
23354
23356
23357
23358
23359
23360
23361
23364
23367
23368
23369
23371
23373
23374
23377
23378
23379
23380
23381
23383
23384
23385
23386
23389
23391
23394
23396
23397
23398
23399
23400
23402
23405
23408
23409
23410
23411
23412
23413
23414
23417
23418
23419
23421
23423
23424
23425
23426
23428
23429
23431
23432
23437
23438
23439
23442
23443
23445
23446
23447
23449
23450
23451
23452
23454
23456
23459
23464
23466
23468
23469
23470
23471
23472
23474
23475
23479
23481
23482
23483
23484
23485
23486
23487
23489
23491
23492
23493
23495
23496
23497
23498
23499
23500
23501
23502
23505
23506
23507
23508
23511
23512
23513
23515
23516
23517
23520
23521
23522
23525
23526
23527
23530
23531
23532
23533
23535
23536
23538
23540
23542
23543
23544
23547
23549
23550
23553
23554
23556
23557
23559
23562
23563
23564
23566
23567
23568
23570
23571
23572
23573
23575
23576
23577
23578
23579
23580
23581
23582
23583
23586
23587
23588
23589
23590
23592
23595
23596
23597
23598
23600
23601
23602
23604
23606
23607
23608
23609
23611
23613
23614
23615
23616
23618
23619
23620
23622
23626
23630
23631
23632
23633
23636
23639
23640
23641
23642
23644
23647
23648
23649
23650
23653
23655
23658
23662
23663
23664
23665
23668
23669
23672
23675
23676
23677
23678
23679
23680
23681
23682
23683
23684
23686
23690
23692
23693
23697
23698
23699
23700
23702
23703
23704
23705
23706
23708
23709
23713
23714
23716
23717
23718
23720
23722
23723
23725
23726
23728
23729
23730
23731
23732
23733
23734
23735
23736
23737
23738
23739
23740
23743
23744
23746
23747
23748
23750
23751
23752
23753
23755
23756
23757
23758
23759
23760
23761
23762
23763
23764
23767
23768
23769
23770
23772
23773
23774
23775
23776
23777
23779
23780
23782
23785
23786
23787
23790
23791
23792
23793
23794
23795
23796
23797
23799
23800
23801
23804
23806
23810
23812
23814
23815
23816
23817
23818
23819
23820
23822
23823
23825
23826
23829
23831
23832
23833
23834
23835
23836
23837
23838
23841
23842
23843
23845
23846
23847
23848
23849
23850
23851
23852
23856
23857
23859
23860
23862
23864
23868
23870
23871
23872
23873
23874
23875
23877
23879
23880
23883
23884
23890
23891
23892
23893
23895
23896
23897
23898
23899
23900
23901
23903
23907
23908
23909
23910
23912
23913
23914
23915
23916
23917
23918
23919
23920
23922
23925
23926
23927
23928
23929
23930
23932
23934
23935
23936
23937
23938
23940
23944
23945
23946
23949
23950
23951
23952
23953
23954
23956
23958
23959
23961
23962
23963
23964
23965
23966
23967
23971
23973
23975
23977
23978
23979
23980
23981
23982
23985
23986
23987
23989
23991
23994
23996
23997
24001
24002
24003
24004
24006
24007
24009
24010
24011
24012
24013
24014
24015
24016
24019
24021
24022
24023
24024
24025
24026
24027
24028
24029
24030
24032
24033
24036
24037
24039
24040
24046
24047
24048
24049
24050
24051
24052
24053
24054
24056
24057
24059
24060
24062
24064
24065
24066
24072
24073
24075
24076
24079
24080
24082
24083
24084
24085
24086
24088
24089
24090
24091
24092
24093
24094
24095
24096
24097
24098
24100
24101
24102
24103
24105
24108
24109
24110
24112
24113
24115
24116
24118
24119
24120
24121
24122
24123
24124
24125
24126
24127
24129
24133
24136
24137
24138
24140
24141
24142
24146
24148
24149
24150
24151
24152
24156
24157
24160
24161
24163
24164
24165
24167
24168
24170
24171
24173
24175
24176
24177
24179
24180
24183
24186
24188
24190
24191
24193
24194
24195
24197
24198
24199
24200
24201
24203
24205
24206
24207
24209
24210
24212
24213
24214
24217
24218
24219
24220
24222
24224
24225
24227
24228
24229
24230
24231
24233
24234
24235
24236
24237
24238
24239
24240
24241
24242
24244
24245
24246
24249
24250
24251
24253
24254
24255
24259
24261
24266
24268
24270
24271
24272
24274
24275
24276
24277
24278
24279
24280
24281
24282
24284
24285
24288
24289
24293
24295
24296
24297
24298
24302
24303
24304
24306
24307
24308
24309
24310
24311
24313
24314
24315
24316
24317
24318
24319
24320
24321
24322
24323
24326
24328
24329
24330
24331
24332
24333
24334
24336
24337
24339
24340
24341
24342
24343
24344
24347
24348
24352
24353
24354
24355
24356
24358
24360
24363
24364
24365
24366
24367
24368
24370
24372
24374
24375
24376
24377
24378
24379
24380
24381
24382
24383
24384
24385
24387
24388
24389
24390
24391
24393
24395
24396
24397
24398
24399
24401
24402
24403
24407
24409
24411
24412
24413
24414
24415
24416
24419
24420
24423
24424
24425
24426
24427
24429
24434
24435
24437
24438
24439
24440
24443
24445
24446
24447
24448
24450
24451
24452
24453
24454
24455
24458
24459
24460
24461
24462
24463
24464
24465
24468
24469
24471
24472
24475
24478
24479
24480
24481
24482
24484
24485
24486
24489
24490
24491
24493
24495
24496
24497
24499
24501
24502
24503
24504
24505
24507
24508
24509
24512
24513
24514
24517
24519
24520
24521
24522
24523
24526
24528
24529
24530
24531
24532
24533
24534
24535
24536
24537
24541
24543
24544
24545
24546
24547
24549
24550
24551
24554
24555
24556
24557
24559
24560
24561
24562
24563
24564
24566
24569
24570
24571
24572
24573
24574
24575
24576
24577
24578
24579
24580
24581
24582
24583
24584
24587
24589
24590
24591
24593
24596
24597
24598
24599
24600
24601
24602
24603
24605
24606
24608
24609
24611
24612
24617
24620
24621
24622
24624
24625
24627
24628
24629
24631
24634
24635
24636
24637
24639
24640
24642
24643
24646
24647
24648
24649
24651
24652
24654
24655
24656
24657
24658
24660
24661
24662
24664
24665
24666
24667
24668
24669
24670
24671
24672
24674
24676
24677
24678
24679
24681
24685
24687
24689
24690
24691
24693
24694
24695
24698
24699
24701
24703
24708
24710
24714
24715
24716
24717
24719
24720
24721
24722
24723
24724
24725
24727
24728
24729
24730
24731
24732
24733
24734
24735
24738
24740
24742
24745
24746
24747
24749
24751
24752
24753
24754
24755
24756
24757
24758
24759
24763
24764
24765
24766
24770
24771
24772
24773
24775
24776
24777
24779
24781
24782
24783
24784
24785
24787
24788
24790
24791
24792
24793
24794
24795
24797
24798
24800
24801
24802
24804
24806
24807
24808
24809
24810
24811
24812
24813
24815
24816
24820
24821
24824
24825
24826
24828
24829
24830
24831
24832
24833
24834
24836
24837
24838
24839
24842
24843
24844
24845
24846
24847
24850
24851
24853
24854
24855
24856
24860
24861
24862
24863
24864
24865
24866
24867
24868
24870
24873
24874
24875
24876
24879
24880
24882
24883
24886
24887
24890
24891
24894
24897
24900
24901
24903
24904
24905
24909
24912
24914
24917
24918
24919
24921
24923
24924
24927
24928
24929
24930
24931
24932
24934
24935
24936
24937
24938
24939
24940
24942
24944
24946
24947
24948
24949
24951
24952
24953
24954
24955
24956
24958
24959
24960
24962
24963
24964
24965
24966
24967
24968
24969
24970
24971
24972
24973
24974
24975
24976
24977
24978
24979
24980
24982
24983
24985
24986
24987
24988
24989
24990
24991
24992
24995
24997
24998
24999
25000
25001
25003
25004
25005
25006
25007
25009
25012
25014
25015
25016
25017
25020
25025
25027
25028
25029
25030
25033
25034
25035
25036
25037
25041
25042
25043
25044
25045
25047
25050
25051
25052
25053
25054
25055
25056
25057
25058
25060
25062
25063
25064
25065
25066
25067
25068
25070
25072
25073
25074
25075
25076
25077
25078
25079
25080
25081
25082
25083
25084
25086
25087
25089
25091
25092
25095
25096
25097
25100
25103
25104
25105
25106
25108
25111
25113
25114
25115
25116
25119
25120
25122
25123
25124
25125
25126
25127
25128
25132
25133
25134
25137
25140
25141
25143
25144
25145
25146
25147
25148
25149
25151
25152
25153
25154
25155
25156
25157
25158
25160
25161
25162
25163
25164
25165
25166
25167
25168
25170
25171
25172
25173
25174
25177
25178
25181
25182
25183
25186
25187
25192
25193
25194
25195
25197
25198
25199
25201
25202
25203
25204
25206
25207
25208
25209
25210
25214
25215
25216
25217
25218
25219
25220
25221
25223
25224
25225
25226
25227
25228
25229
25230
25231
25232
25233
25234
25237
25238
25241
25243
25244
25245
25250
25252
25254
25255
25256
25257
25258
25259
25262
25264
25265
25267
25268
25270
25271
25274
25276
25277
25278
25279
25280
25281
25282
25283
25284
25285
25286
25287
25291
25292
25293
25294
25296
25297
25299
25300
25301
25302
25303
25305
25306
25307
25309
25311
25312
25315
25316
25317
25319
25320
25321
25322
25325
25326
25328
25329
25333
25334
25335
25337
25338
25340
25341
25342
25343
25344
25347
25348
25349
25350
25351
25352
25353
25354
25358
25362
25363
25364
25365
25366
25367
25368
25369
25370
25371
25372
25374
25375
25376
25378
25379
25380
25382
25383
25385
25387
25388
25389
25392
25393
25395
25396
25397
25398
25399
25400
25402
25405
25406
25407
25408
25410
25411
25412
25416
25417
25420
25423
25424
25425
25426
25427
25428
25429
25430
25432
25433
25434
25437
25438
25439
25440
25442
25446
25447
25449
25450
25451
25453
25455
25456
25457
25459
25460
25462
25464
25465
25466
25467
25468
25469
25470
25471
25472
25473
25476
25477
25478
25479
25480
25483
25487
25490
25494
25499
25500
25502
25503
25504
25506
25507
25508
25510
25514
25516
25517
25518
25519
25521
25522
25524
25525
25526
25528
25530
25531
25534
25535
25536
25537
25539
25540
25542
25543
25544
25545
25547
25548
25549
25552
25553
25556
25557
25558
25559
25561
25562
25563
25565
25566
25567
25568
25569
25570
25571
25572
25573
25574
25577
25578
25579
25580
25581
25582
25583
25584
25585
25586
25588
25590
25591
25592
25593
25594
25595
25598
25599
25600
25602
25605
25607
25609
25611
25613
25616
25617
25618
25619
25621
25622
25624
25626
25628
25629
25632
25636
25637
25638
25640
25642
25643
25644
25645
25646
25649
25652
25654
25655
25657
25658
25659
25660
25661
25662
25663
25664
25666
25667
25668
25670
25672
25673
25674
25675
25676
25678
25679
25680
25681
25682
25685
25688
25689
25690
25691
25692
25693
25695
25697
25699
25700
25701
25702
25703
25704
25705
25707
25708
25709
25710
25711
25712
25714
25715
25717
25718
25719
25720
25721
25722
25723
25724
25725
25726
25728
25729
25731
25733
25735
25736
25737
25738
25739
25741
25742
25744
25746
25749
25750
25753
25756
25758
25761
25762
25763
25766
25768
25770
25771
25773
25774
25775
25776
25779
25780
25782
25783
25786
25787
25788
25790
25791
25792
25793
25794
25795
25797
25798
25801
25804
25806
25807
25810
25811
25812
25814
25816
25817
25818
25819
25822
25823
25826
25827
25830
25831
25832
25833
25838
25839
25841
25842
25844
25848
25849
25850
25852
25854
25857
25858
25860
25862
25863
25864
25865
25866
25869
25872
25874
25875
25876
25878
25879
25880
25881
25882
25883
25884
25885
25887
25888
25889
25891
25892
25893
25896
25897
25898
25899
25900
25901
25902
25903
25905
25908
25909
25910
25911
25912
25913
25914
25916
25917
25918
25919
25920
25923
25924
25927
25928
25929
25930
25931
25932
25936
25938
25939
25941
25943
25944
25946
25948
25949
25950
25953
25955
25957
25960
25961
25962
25964
25966
25969
25970
25971
25972
25974
25975
25976
25977
25979
25984
25986
25988
25989
25990
25991
25994
25996
25997
25998
26001
26002
26003
26006
26007
26008
26010
26012
26013
26018
26019
26022
26023
26024
26025
26026
26027
26029
26031
26032
26033
26034
26035
26037
26038
26039
26042
26043
26044
26045
26047
26048
26049
26050
26052
26053
26054
26055
26056
26060
26061
26062
26063
26065
26067
26068
26069
26070
26072
26073
26074
26075
26078
26079
26084
26087
26089
26091
26092
26093
26094
26096
26097
26098
26099
26101
26102
26104
26107
26108
26110
26111
26115
26117
26119
26122
26123
26124
26126
26129
26131
26132
26135
26137
26138
26139
26140
26141
26142
26143
26144
26146
26148
26150
26151
26153
26155
26156
26157
26159
26162
26163
26164
26166
26168
26170
26172
26173
26177
26178
26179
26180
26182
26183
26184
26185
26189
26190
26191
26192
26193
26194
26195
26196
26200
26202
26204
26205
26206
26207
26208
26209
26211
26213
26214
26216
26217
26218
26222
26223
26224
26226
26228
26229
26230
26231
26235
26236
26237
26241
26242
26243
26246
26248
26249
26250
26252
26253
26254
26255
26257
26258
26259
26260
26261
26263
26265
26266
26267
26268
26270
26271
26273
26274
26277
26278
26280
26281
26282
26284
26286
26287
26288
26289
26291
26293
26294
26295
26296
26298
26299
26300
26302
26303
26304
26305
26306
26307
26308
26310
26312
26313
26314
26316
26317
26318
26320
26321
26324
26326
26327
26334
26336
26338
26340
26341
26342
26343
26344
26346
26349
26350
26352
26353
26354
26355
26356
26357
26358
26359
26360
26363
26365
26366
26367
26368
26370
26372
26373
26375
26380
26381
26382
26383
26385
26387
26388
26389
26392
26395
26396
26397
26398
26401
26403
26404
26405
26406
26407
26408
26409
26410
26411
26415
26417
26418
26421
26422
26424
26427
26428
26429
26430
26431
26432
26436
26437
26438
26439
26440
26441
26442
26446
26448
26451
26453
26454
26458
26459
26462
26463
26464
26466
26468
26469
26471
26472
26473
26475
26477
26482
26484
26486
26487
26491
26492
26496
26498
26500
26501
26502
26503
26506
26508
26510
26512
26513
26514
26515
26516
26519
26520
26521
26524
26525
26526
26527
26528
26531
26532
26533
26534
26535
26536
26537
26539
26540
26541
26542
26543
26544
26545
26546
26547
26548
26549
26551
26552
26554
26555
26556
26557
26558
26561
26564
26565
26566
26569
26570
26571
26572
26574
26578
26579
26581
26582
26583
26584
26585
26586
26587
26588
26590
26591
26592
26595
26596
26597
26599
26600
26601
26602
26605
26606
26608
26609
26610
26612
26613
26615
26616
26617
26619
26620
26621
26623
26624
26628
26629
26630
26631
26634
26635
26637
26640
26642
26644
26646
26647
26648
26651
26652
26653
26654
26655
26656
26657
26659
26661
26663
26666
26669
26674
26676
26677
26678
26679
26680
26681
26683
26684
26685
26688
26689
26690
26691
26696
26699
26701
26702
26703
26705
26706
26707
26708
26709
26710
26711
26713
26714
26716
26717
26721
26722
26723
26728
26729
26731
26733
26734
26737
26738
26740
26746
26747
26748
26750
26754
26756
26758
26759
26760
26762
26763
26764
26766
26767
26768
26770
26773
26774
26775
26777
26778
26782
26783
26784
26785
26786
26788
26790
26791
26792
26793
26799
26802
26804
26805
26806
26807
26808
26809
26811
26812
26813
26814
26815
26816
26817
26820
26821
26822
26823
26824
26825
26831
26832
26834
26837
26838
26841
26843
26845
26846
26849
26857
26858
26859
26860
26862
26863
26865
26867
26869
26872
26873
26874
26875
26876
26878
26880
26882
26884
26886
26887
26889
26893
26894
26895
26896
26897
26898
26899
26900
26901
26902
26903
26905
26907
26908
26910
26911
26912
26914
26917
26920
26921
26923
26924
26925
26926
26927
26928
26929
26930
26931
26932
26934
26937
26938
26939
26940
26941
26943
26944
26946
26949
26950
26952
26954
26955
26956
26957
26961
26963
26964
26965
26967
26969
26972
26973
26974
26975
26977
26981
26982
26984
26988
26989
26990
26991
26992
26993
26994
26996
26997
26998
27000
27002
27003
27005
27006
27007
27008
27009
27010
27011
27012
27016
27017
27018
27020
27022
27024
27025
27028
27030
27031
27033
27034
27036
27041
27042
27043
27044
27045
27047
27048
27049
27050
27051
27053
27054
27055
27056
27059
27060
27062
27064
27065
27067
27070
27073
27078
27079
27082
27083
27084
27085
27086
27087
27088
27089
27091
27092
27094
27095
27097
27099
27102
27103
27104
27106
27107
27108
27109
27110
27113
27114
27117
27118
27119
27121
27122
27123
27124
27125
27127
27128
27129
27130
27132
27134
27135
27136
27138
27139
27140
27141
27142
27143
27146
27150
27151
27153
27155
27158
27159
27160
27161
27163
27164
27165
27166
27167
27168
27169
27172
27174
27175
27178
27179
27181
27182
27183
27187
27188
27190
27191
27193
27196
27197
27198
27201
27203
27204
27205
27206
27210
27212
27215
27218
27219
27221
27222
27224
27225
27226
27227
27228
27230
27232
27233
27237
27242
27243
27245
27246
27247
27248
27251
27254
27256
27257
27259
27260
27262
27263
27266
27269
27271
27273
27275
27276
27277
27281
27282
27283
27285
27286
27287
27289
27290
27291
27292
27293
27294
27295
27296
27297
27298
27299
27300
27301
27302
27303
27307
27312
27313
27314
27317
27318
27321
27323
27324
27325
27327
27328
27329
27332
27334
27335
27336
27337
27338
27339
27341
27342
27344
27345
27346
27350
27351
27352
27353
27354
27355
27356
27358
27359
27362
27363
27365
27366
27367
27370
27371
27372
27373
27374
27376
27379
27380
27381
27382
27384
27385
27386
27388
27389
27390
27391
27392
27393
27394
27395
27396
27398
27400
27402
27403
27406
27410
27413
27414
27415
27416
27417
27418
27419
27421
27424
27425
27428
27430
27432
27433
27434
27435
27436
27437
27438
27442
27443
27445
27446
27447
27449
27450
27451
27452
27454
27458
27460
27462
27463
27465
27466
27467
27469
27470
27471
27472
27475
27477
27478
27480
27481
27482
27484
27486
27488
27489
27490
27491
27494
27496
27498
27499
27500
27501
27502
27504
27507
27509
27510
27513
27514
27517
27518
27519
27520
27521
27522
27523
27524
27525
27526
27531
27532
27533
27534
27535
27536
27538
27539
27542
27543
27544
27545
27546
27548
27549
27551
27556
27558
27559
27560
27562
27566
27567
27568
27570
27571
27572
27574
27577
27582
27583
27584
27586
27587
27590
27591
27593
27595
27596
27597
27599
27600
27601
27603
27604
27605
27607
27608
27610
27612
27614
27616
27619
27620
27622
27624
27626
27628
27629
27630
27631
27632
27634
27635
27638
27639
27642
27643
27646
27647
27648
27649
27650
27651
27652
27653
27654
27655
27656
27657
27658
27659
27662
27664
27665
27666
27668
27669
27670
27672
27674
27675
27676
27677
27679
27680
27681
27682
27683
27687
27690
27692
27693
27695
27697
27699
27700
27701
27702
27703
27704
27705
27707
27709
27710
27712
27713
27714
27718
27719
27720
27721
27723
27724
27725
27726
27730
27731
27732
27734
27735
27736
27737
27738
27742
27743
27744
27745
27746
27747
27748
27749
27750
27751
27752
27753
27754
27756
27757
27758
27763
27764
27765
27768
27769
27770
27771
27775
27778
27779
27780
27781
27782
27786
27787
27788
27790
27793
27795
27796
27797
27799
27800
27803
27805
27806
27808
27809
27810
27811
27812
27817
27820
27821
27822
27823
27824
27825
27826
27827
27830
27832
27833
27836
27837
27840
27841
27843
27844
27846
27848
27852
27853
27854
27858
27860
27862
27863
27864
27865
27866
27867
27868
27869
27871
27876
27877
27878
27879
27881
27882
27885
27889
27891
27893
27894
27895
27896
27897
27900
27902
27903
27904
27905
27906
27908
27909
27910
27912
27914
27915
27916
27917
27918
27920
27921
27922
27923
27924
27925
27926
27928
27929
27930
27931
27932
27934
27935
27936
27938
27944
27945
27946
27948
27949
27950
27952
27953
27955
27958
27960
27964
27965
27966
27967
27968
27969
27971
27972
27974
27976
27978
27979
27980
27981
27984
27986
27987
27988
27989
27991
27993
27995
27996
27997
27998
27999
28000
28001
28003
28004
28005
28007
28008
28009
28012
28013
28014
28015
28017
28018
28020
28022
28024
28025
28026
28028
28031
28032
28034
28036
28037
28039
28041
28043
28044
28048
28049
28051
28052
28053
28055
28056
28057
28058
28060
28062
28063
28064
28065
28066
28067
28068
28069
28072
28073
28076
28078
28079
28080
28081
28082
28085
28086
28088
28091
28092
28094
28095
28096
28097
28098
28099
28100
28102
28103
28105
28106
28107
28109
28110
28111
28113
28115
28118
28120
28121
28122
28124
28125
28126
28130
28133
28136
28139
28140
28141
28142
28144
28147
28148
28149
28151
28153
28154
28155
28156
28158
28161
28163
28164
28166
28168
28169
28170
28171
28173
28174
28176
28177
28178
28183
28185
28186
28187
28188
28189
28190
28191
28193
28198
28199
28200
28201
28203
28205
28206
28207
28210
28211
28214
28216
28217
28218
28222
28224
28225
28226
28227
28228
28229
28230
28232
28234
28235
28238
28239
28240
28241
28245
28246
28248
28249
28250
28252
28253
28254
28255
28256
28258
28259
28260
28261
28262
28263
28265
28266
28267
28268
28271
28274
28276
28278
28279
28280
28282
28284
28286
28288
28291
28292
28293
28294
28295
28296
28298
28299
28301
28303
28304
28305
28306
28308
28312
28313
28314
28317
28319
28320
28321
28323
28326
28327
28328
28329
28330
28331
28334
28335
28336
28338
28340
28341
28342
28343
28346
28348
28349
28350
28352
28354
28358
28359
28360
28365
28367
28368
28370
28371
28372
28377
28378
28380
28382
28384
28385
28387
28390
28391
28392
28393
28394
28396
28398
28399
28400
28401
28402
28403
28404
28405
28406
28407
28408
28410
28412
28413
28414
28416
28421
28425
28427
28428
28429
28430
28432
28434
28435
28439
28440
28441
28442
28443
28444
28445
28446
28447
28448
28450
28451
28454
28457
28459
28460
28461
28464
28466
28468
28469
28470
28471
28473
28474
28475
28476
28477
28481
28482
28485
28486
28487
28488
28493
28494
28495
28496
28497
28498
28499
28501
28502
28503
28504
28505
28506
28507
28508
28509
28510
28513
28515
28519
28520
28521
28522
28524
28527
28528
28530
28532
28534
28535
28536
28537
28538
28539
28542
28543
28545
28546
28551
28552
28554
28555
28557
28561
28562
28564
28565
28567
28568
28569
28571
28572
28573
28574
28575
28578
28581
28585
28586
28587
28588
28592
28594
28595
28596
28597
28598
28599
28600
28602
28604
28606
28607
28608
28609
28610
28618
28620
28621
28622
28623
28625
28627
28628
28629
28631
28633
28636
28637
28639
28640
28641
28642
28645
28647
28648
28649
28651
28657
28659
28660
28662
28663
28665
28666
28669
28670
28671
28673
28674
28677
28678
28679
28681
28684
28685
28686
28687
28689
28690
28691
28692
28695
28699
28701
28704
28705
28707
28708
28709
28711
28712
28713
28715
28717
28719
28721
28722
28723
28726
28727
28728
28729
28730
28731
28732
28733
28736
28738
28739
28740
28742
28746
28750
28751
28754
28755
28756
28758
28759
28760
28761
28762
28763
28764
28765
28767
28768
28769
28770
28772
28773
28774
28776
28778
28782
28783
28784
28786
28788
28790
28791
28792
28793
28794
28797
28799
28802
28803
28807
28808
28810
28811
28812
28813
28816
28817
28819
28821
28822
28825
28826
28829
28830
28833
28835
28838
28840
28841
28842
28844
28845
28846
28847
28849
28852
28853
28854
28855
28856
28857
28862
28864
28873
28874
28876
28878
28879
28880
28881
28882
28883
28886
28891
28892
28893
28894
28895
28896
28898
28899
28900
28901
28902
28903
28904
28905
28908
28909
28910
28911
28913
28915
28916
28917
28918
28919
28920
28921
28924
28926
28928
28931
28932
28934
28935
28936
28938
28939
28940
28941
28942
28943
28945
28946
28947
28950
28953
28954
28955
28956
28958
28961
28962
28963
28966
28967
28969
28970
28971
28972
28973
28974
28975
28976
28978
28979
28980
28981
28983
28985
28986
28988
28991
28992
28993
28994
28995
28996
28998
28999
29000
29001
29003
29005
29006
29007
29008
29009
29010
29011
29012
29014
29015
29016
29017
29019
29025
29026
29031
29032
29033
29035
29037
29038
29039
29040
29041
29044
29045
29046
29050
29051
29053
29055
29056
29057
29058
29062
29064
29066
29067
29068
29069
29070
29071
29072
29074
29075
29077
29078
29080
29081
29085
29086
29088
29089
29090
29092
29093
29094
29095
29097
29099
29102
29103
29104
29105
29106
29108
29109
29110
29113
29115
29116
29118
29120
29121
29122
29123
29125
29128
29129
29134
29136
29140
29143
29144
29145
29146
29149
29150
29153
29157
29158
29160
29161
29164
29166
29168
29169
29170
29171
29172
29174
29176
29177
29178
29180
29182
29183
29187
29190
29191
29192
29193
29199
29201
29202
29203
29204
29206
29208
29209
29210
29211
29212
29213
29214
29216
29217
29219
29221
29222
29223
29229
29231
29233
29234
29236
29237
29238
29239
29242
29243
29245
29246
29248
29249
29252
29254
29255
29256
29257
29259
29260
29262
29263
29264
29265
29267
29268
29269
29272
29273
29274
29275
29280
29281
29282
29283
29284
29285
29286
29287
29288
29289
29292
29294
29295
29296
29298
29299
29302
29303
29306
29308
29309
29310
29311
29314
29315
29317
29318
29320
29321
29324
29328
29329
29333
29337
29339
29344
29345
29346
29347
29350
29351
29353
29355
29356
29358
29360
29361
29362
29363
29367
29369
29370
29371
29372
29375
29377
29378
29379
29381
29382
29384
29385
29389
29391
29393
29394
29395
29396
29397
29398
29400
29403
29404
29407
29408
29409
29412
29413
29414
29415
29416
29419
29420
29421
29422
29423
29424
29426
29429
29430
29431
29433
29434
29435
29436
29438
29439
29440
29441
29442
29445
29446
29447
29448
29449
29450
29451
29452
29454
29456
29457
29458
29459
29460
29463
29464
29469
29470
29477
29478
29479
29480
29482
29485
29487
29490
29491
29492
29493
29494
29496
29499
29500
29501
29502
29505
29506
29507
29508
29509
29510
29511
29512
29515
29516
29517
29525
29527
29528
29529
29530
29531
29533
29534
29535
29537
29539
29541
29542
29548
29549
29551
29553
29554
29556
29557
29559
29560
29561
29562
29563
29564
29566
29567
29569
29571
29572
29573
29574
29575
29576
29577
29579
29581
29582
29584
29586
29587
29588
29589
29591
29592
29593
29594
29596
29598
29601
29602
29606
29607
29611
29612
29615
29616
29617
29618
29619
29620
29621
29622
29623
29625
29627
29628
29629
29631
29635
29636
29638
29639
29640
29642
29643
29646
29647
29648
29649
29650
29651
29652
29653
29655
29656
29657
29658
29659
29660
29663
29665
29666
29667
29669
29674
29677
29678
29680
29681
29682
29683
29684
29685
29686
29687
29688
29689
29690
29691
29693
29694
29695
29696
29697
29699
29700
29701
29707
29709
29711
29712
29713
29714
29715
29717
29720
29721
29723
29725
29726
29727
29728
29730
29731
29732
29733
29735
29738
29740
29741
29745
29746
29748
29749
29750
29751
29752
29753
29754
29755
29758
29760
29761
29762
29763
29764
29765
29767
29768
29769
29770
29771
29772
29774
29776
29780
29781
29783
29784
29787
29793
29796
29797
29799
29802
29804
29805
29806
29809
29810
29811
29812
29813
29815
29818
29819
29821
29822
29823
29824
29827
29828
29830
29831
29833
29834
29835
29838
29839
29840
29842
29843
29844
29845
29847
29850
29851
29852
29853
29854
29855
29856
29858
29859
29860
29861
29865
29866
29867
29868
29869
29870
29872
29875
29877
29878
29880
29881
29883
29884
29885
29887
29889
29890
29891
29892
29893
29895
29896
29898
29899
29900
29901
29903
29904
29906
29907
29910
29912
29913
29916
29918
29921
29924
29925
29926
29927
29928
29933
29934
29935
29936
29938
29939
29940
29941
29942
29949
29951
29952
29953
29956
29957
29958
29959
29960
29961
29962
29963
29964
29965
29966
29967
29970
29971
29972
29975
29976
29977
29978
29979
29980
29982
29984
29985
29986
29988
29989
29991
29992
29993
29995
29997
29998
29999
30001
30003
30004
30007
30008
30009
30011
30014
30015
30016
30017
30018
30020
30021
30022
30023
30027
30028
30029
30030
30033
30034
30035
30036
30037
30038
30039
30040
30043
30046
30047
30049
30052
30053
30054
30056
30057
30058
30059
30062
30064
30066
30067
30068
30069
30070
30071
30074
30076
30078
30081
30083
30086
30087
30089
30090
30095
30096
30097
30098
30099
30101
30102
30104
30106
30107
30108
30111
30114
30116
30117
30118
30119
30120
30121
30122
30123
30124
30125
30126
30127
30129
30132
30135
30136
30137
30139
30140
30141
30142
30143
30145
30146
30147
30148
30149
30150
30151
30152
30154
30155
30157
30163
30164
30165
30171
30173
30177
30181
30182
30183
30184
30185
30187
30188
30190
30191
30192
30195
30197
30198
30199
30200
30202
30203
30204
30205
30207
30212
30214
30216
30217
30219
30220
30221
30222
30223
30224
30227
30231
30235
30236
30237
30238
30239
30240
30243
30245
30246
30248
30250
30251
30253
30255
30258
30260
30261
30262
30263
30265
30267
30269
30272
30274
30276
30278
30279
30280
30282
30283
30284
30285
30287
30290
30292
30293
30294
30295
30296
30298
30299
30304
30306
30308
30310
30311
30313
30314
30315
30316
30317
30318
30323
30324
30326
30327
30328
30329
30330
30331
30332
30333
30334
30335
30337
30339
30340
30342
30345
30346
30347
30349
30351
30353
30354
30355
30357
30358
30359
30360
30362
30363
30364
30365
30366
30367
30368
30369
30370
30371
30372
30378
30379
30381
30382
30383
30385
30386
30387
30390
30391
30393
30394
30396
30397
30398
30399
30401
30404
30405
30406
30407
30408
30410
30411
30412
30413
30415
30416
30417
30420
30423
30425
30426
30427
30433
30435
30436
30437
30438
30439
30441
30442
30444
30446
30449
30451
30453
30455
30456
30457
30458
30459
30460
30462
30463
30465
30466
30467
30470
30471
30472
30473
30474
30477
30479
30481
30483
30486
30488
30489
30491
30492
30493
30494
30495
30496
30497
30499
30500
30501
30503
30504
30505
30506
30508
30509
30510
30513
30514
30515
30516
30517
30518
30519
30520
30521
30522
30523
30524
30525
30527
30529
30530
30532
30533
30535
30537
30538
30539
30542
30543
30550
30551
30553
30557
30558
30560
30561
30562
30563
30564
30565
30568
30569
30570
30571
30575
30576
30579
30580
30581
30582
30584
30585
30586
30587
30590
30591
30592
30593
30596
30597
30598
30599
30600
30603
30604
30605
30606
30607
30610
30614
30616
30618
30619
30621
30622
30623
30625
30626
30628
30630
30632
30636
30637
30638
30639
30640
30641
30642
30644
30646
30647
30649
30650
30651
30652
30653
30655
30656
30658
30660
30661
30663
30664
30668
30670
30672
30673
30675
30676
30678
30679
30680
30683
30684
30686
30687
30688
30691
30692
30694
30695
30696
30697
30700
30701
30703
30705
30709
30710
30711
30713
30716
30717
30718
30719
30720
30721
30723
30724
30725
30728
30730
30732
30733
30738
30740
30742
30743
30744
30745
30746
30748
30750
30751
30753
30754
30755
30756
30758
30760
30761
30762
30764
30768
30773
30774
30775
30776
30779
30780
30782
30784
30785
30786
30787
30788
30789
30790
30792
30793
30794
30797
30798
30799
30800
30801
30803
30805
30807
30809
30810
30812
30813
30814
30815
30816
30817
30818
30819
30820
30822
30823
30824
30825
30826
30827
30828
30832
30834
30835
30836
30837
30839
30840
30841
30844
30850
30851
30852
30853
30855
30858
30859
30860
30861
30863
30864
30867
30869
30870
30871
30873
30875
30876
30879
30880
30881
30882
30883
30885
30887
30890
30891
30894
30895
30901
30907
30909
30910
30911
30912
30913
30915
30917
30918
30919
30921
30922
30924
30925
30926
30927
30928
30931
30932
30933
30935
30938
30939
30941
30942
30945
30946
30948
30949
30951
30953
30954
30955
30956
30957
30958
30960
30961
30962
30963
30966
30971
30972
30976
30977
30979
30982
30986
30987
30988
30991
30992
30993
30994
30995
30996
30997
30998
30999
31000
31002
31003
31005
31007
31009
31010
31011
31012
31013
31015
31016
31017
31022
31023
31024
31025
31028
31032
31034
31036
31037
31038
31039
31042
31043
31051
31052
31053
31054
31055
31057
31058
31059
31061
31063
31065
31066
31071
31073
31074
31075
31076
31078
31082
31083
31084
31085
31086
31087
31088
31090
31091
31092
31093
31096
31097
31098
31099
31101
31104
31105
31106
31107
31108
31109
31111
31113
31114
31115
31116
31117
31118
31119
31126
31127
31128
31130
31131
31133
31135
31136
31137
31138
31142
31143
31144
31147
31150
31151
31152
31153
31155
31156
31158
31162
31164
31167
31168
31169
31172
31173
31174
31177
31178
31179
31182
31184
31185
31186
31187
31188
31189
31192
31195
31196
31198
31199
31201
31204
31205
31206
31207
31209
31210
31211
31213
31216
31217
31218
31219
31223
31224
31226
31228
31229
31230
31231
31233
31236
31238
31240
31241
31242
31243
31244
31245
31247
31249
31251
31253
31255
31257
31258
31259
31260
31262
31264
31265
31266
31267
31268
31269
31270
31271
31272
31275
31276
31277
31278
31279
31281
31282
31284
31285
31286
31287
31288
31291
31294
31296
31299
31300
31301
31304
31309
31312
31313
31314
31315
31317
31318
31319
31320
31321
31324
31325
31328
31330
31334
31335
31337
31340
31341
31342
31343
31347
31348
31349
31351
31352
31353
31354
31358
31360
31363
31365
31366
31367
31369
31371
31375
31376
31378
31381
31384
31385
31386
31389
31390
31391
31392
31394
31401
31402
31403
31404
31405
31406
31410
31413
31415
31416
31419
31420
31423
31424
31427
31428
31430
31431
31432
31433
31434
31436
31437
31439
31440
31442
31443
31447
31448
31449
31451
31452
31454
31456
31457
31460
31461
31462
31464
31465
31466
31471
31474
31477
31478
31479
31480
31483
31484
31487
31488
31489
31493
31494
31495
31498
31500
31502
31504
31508
31510
31511
31513
31514
31516
31517
31519
31521
31522
31523
31524
31528
31529
31530
31532
31533
31534
31535
31540
31541
31542
31543
31544
31546
31547
31548
31550
31551
31552
31553
31554
31556
31557
31558
31559
31561
31562
31563
31564
31566
31571
31572
31575
31580
31582
31584
31588
31589
31590
31591
31593
31594
31595
31596
31597
31598
31599
31600
31602
31603
31604
31606
31607
31609
31610
31611
31612
31613
31615
31616
31617
31619
31621
31623
31625
31626
31627
31628
31629
31633
31634
31637
31639
31640
31641
31643
31645
31646
31647
31648
31649
31650
31651
31654
31655
31659
31660
31661
31662
31663
31664
31665
31671
31672
31673
31674
31676
31679
31683
31685
31686
31687
31690
31691
31692
31693
31694
31695
31696
31701
31703
31705
31706
31708
31711
31712
31713
31717
31718
31719
31720
31721
31724
31725
31727
31728
31730
31731
31732
31733
31735
31736
31737
31738
31747
31748
31750
31752
31753
31754
31756
31759
31760
31762
31763
31765
31766
31768
31769
31770
31774
31776
31777
31778
31779
31781
31784
31785
31788
31789
31791
31793
31795
31798
31800
31801
31802
31805
31808
31810
31811
31812
31813
31814
31816
31819
31820
31821
31822
31823
31824
31826
31833
31835
31837
31838
31841
31846
31847
31849
31850
31852
31854
31856
31857
31858
31859
31860
31861
31862
31864
31868
31871
31872
31874
31875
31877
31878
31879
31881
31883
31884
31885
31886
31887
31888
31890
31891
31897
31899
31900
31901
31904
31907
31909
31910
31911
31913
31918
31919
31920
31921
31923
31924
31925
31927
31929
31930
31931
31932
31935
31936
31938
31939
31941
31943
31944
31945
31946
31947
31948
31949
31950
31952
31955
31957
31958
31959
31961
31962
31965
31966
31968
31969
31970
31971
31972
31973
31975
31976
31978
31980
31982
31983
31984
31985
31986
31987
31988
31989
31992
31994
31995
31996
31997
31999
32001
32002
32004
32005
32006
32007
32008
32009
32011
32013
32015
32016
32022
32024
32026
32029
32031
32032
32034
32035
32037
32039
32040
32041
32042
32043
32044
32045
32048
32049
32050
32052
32053
32054
32055
32056
32058
32059
32060
32061
32062
32065
32066
32067
32071
32073
32076
32080
32084
32085
32087
32088
32089
32090
32092
32094
32095
32096
32097
32099
32102
32104
32107
32108
32110
32112
32113
32114
32115
32116
32118
32119
32120
32121
32122
32123
32125
32127
32129
32130
32131
32133
32135
32137
32138
32139
32140
32141
32143
32144
32145
32146
32147
32148
32150
32153
32157
32159
32162
32163
32167
32168
32169
32170
32175
32176
32177
32178
32179
32180
32182
32183
32184
32187
32189
32190
32191
32192
32194
32195
32197
32198
32201
32205
32208
32210
32211
32213
32216
32218
32219
32223
32224
32226
32227
32228
32236
32237
32238
32239
32241
32242
32243
32246
32248
32249
32251
32253
32254
32255
32256
32257
32259
32260
32261
32262
32263
32267
32269
32270
32271
32272
32274
32275
32277
32279
32281
32282
32283
32284
32285
32290
32292
32293
32294
32298
32302
32303
32304
32306
32310
32313
32314
32315
32317
32318
32319
32320
32321
32323
32327
32328
32329
32330
32331
32332
32335
32336
32337
32338
32339
32341
32342
32343
32345
32346
32348
32351
32352
32354
32358
32359
32362
32365
32366
32368
32370
32371
32372
32374
32376
32377
32378
32379
32380
32381
32382
32383
32385
32387
32388
32389
32390
32391
32393
32394
32395
32396
32404
32410
32412
32413
32414
32415
32416
32417
32418
32419
32420
32421
32422
32423
32425
32428
32432
32433
32434
32435
32436
32437
32439
32440
32441
32442
32443
32445
32449
32450
32451
32452
32453
32455
32456
32459
32460
32465
32467
32468
32469
32471
32472
32473
32474
32476
32477
32480
32483
32485
32487
32488
32489
32490
32491
32493
32495
32496
32498
32500
32501
32504
32505
32507
32508
32509
32512
32515
32516
32517
32520
32521
32524
32525
32530
32532
32534
32537
32540
32542
32543
32545
32547
32549
32550
32551
32556
32558
32559
32560
32561
32563
32565
32566
32567
32569
32570
32573
32577
32579
32582
32584
32585
32588
32589
32590
32591
32595
32596
32597
32598
32601
32602
32603
32604
32606
32607
32608
32609
32610
32611
32613
32616
32617
32620
32623
32626
32629
32631
32633
32635
32636
32637
32638
32639
32640
32645
32646
32647
32650
32651
32652
32653
32654
32655
32656
32658
32661
32662
32663
32666
32667
32670
32671
32672
32673
32675
32678
32680
32681
32682
32683
32685
32686
32687
32689
32690
32692
32696
32699
32703
32706
32709
32710
32711
32712
32714
32715
32717
32718
32719
32720
32721
32722
32725
32726
32727
32728
32729
32732
32735
32736
32740
32745
32746
32748
32749
32752
32754
32755
32756
32757
32759
32765
32766
32767
32768
32769
32770
32772
32773
32775
32776
32777
32778
32781
32782
32783
32785
32786
32787
32788
32790
32791
32792
32793
32795
32796
32797
32798
32800
32801
32802
32804
32805
32809
32810
32813
32814
32815
32817
32818
32819
32820
32821
32822
32826
32827
32828
32829
32832
32833
32835
32836
32837
32839
32841
32843
32845
32847
32849
32850
32852
32853
32854
32856
32858
32861
32862
32863
32865
32866
32869
32871
32874
32875
32876
32877
32878
32879
32880
32881
32882
32885
32886
32889
32890
32891
32892
32893
32894
32895
32896
32897
32899
32902
32903
32906
32907
32909
32910
32911
32913
32915
32916
32917
32918
32920
32921
32923
32924
32925
32928
32929
32931
32934
32939
32944
32945
32946
32947
32949
32951
32954
32955
32956
32957
32958
32961
32962
32964
32966
32967
32968
32969
32970
32971
32972
32975
32977
32979
32981
32982
32983
32985
32986
32988
32990
32992
32994
32995
32997
32998
33001
33002
33003
33004
33005
33007
33009
33011
33012
33016
33017
33018
33021
33024
33025
33026
33027
33028
33030
33032
33034
33035
33036
33037
33038
33039
33040
33041
33042
33049
33051
33052
33053
33056
33059
33060
33061
33063
33064
33066
33067
33068
33069
33072
33073
33074
33075
33078
33080
33085
33086
33087
33088
33089
33091
33093
33094
33095
33098
33101
33102
33105
33107
33108
33109
33110
33111
33112
33113
33114
33116
33118
33119
33121
33122
33124
33126
33127
33129
33130
33138
33140
33142
33145
33146
33147
33148
33152
33153
33154
33155
33156
33158
33159
33160
33165
33166
33167
33168
33170
33171
33172
33178
33179
33180
33182
33184
33185
33186
33188
33189
33191
33192
33194
33195
33199
33200
33204
33205
33210
33211
33212
33213
33214
33217
33218
33219
33220
33224
33226
33229
33230
33231
33235
33238
33239
33240
33241
33244
33245
33248
33249
33250
33252
33254
33256
33259
33260
33262
33264
33265
33266
33268
33269
33271
33272
33273
33274
33275
33276
33283
33284
33285
33286
33289
33291
33293
33295
33296
33297
33298
33299
33300
33301
33302
33303
33304
33305
33307
33308
33309
33311
33312
33313
33314
33318
33319
33320
33323
33330
33331
33332
33333
33335
33337
33340
33341
33342
33343
33344
33345
33350
33351
33353
33356
33357
33358
33360
33361
33362
33366
33367
33371
33374
33377
33378
33379
33381
33382
33386
33387
33388
33389
33392
33393
33394
33395
33396
33398
33401
33402
33405
33406
33407
33408
33409
33411
33413
33416
33418
33419
33420
33421
33423
33425
33426
33429
33430
33431
33433
33435
33436
33439
33440
33441
33442
33443
33446
33447
33448
33449
33450
33451
33453
33455
33457
33458
33459
33461
33462
33463
33464
33465
33466
33467
33468
33470
33471
33472
33473
33474
33476
33479
33481
33484
33485
33486
33488
33489
33490
33493
33494
33495
33497
33498
33499
33501
33503
33504
33508
33509
33510
33513
33514
33515
33518
33519
33520
33521
33524
33525
33527
33528
33530
33531
33534
33536
33537
33538
33539
33542
33544
33546
33547
33550
33552
33553
33554
33555
33556
33559
33561
33564
33565
33572
33576
33577
33578
33579
33580
33584
33586
33589
33590
33591
33592
33593
33594
33595
33597
33599
33601
33602
33603
33606
33607
33611
33612
33613
33617
33619
33621
33625
33628
33631
33632
33633
33635
33639
33640
33642
33644
33645
33648
33649
33651
33652
33654
33655
33657
33660
33664
33666
33667
33670
33671
33673
33675
33680
33681
33683
33685
33686
33687
33691
33692
33694
33697
33699
33702
33704
33705
33706
33708
33709
33710
33712
33713
33714
33716
33718
33719
33720
33722
33723
33724
33725
33729
33730
33731
33732
33733
33734
33735
33739
33740
33741
33742
33744
33745
33746
33750
33752
33753
33754
33756
33757
33758
33759
33760
33761
33762
33763
33765
33767
33768
33770
33771
33773
33774
33776
33777
33778
33779
33780
33781
33782
33783
33784
33787
33788
33789
33790
33791
33793
33794
33797
33799
33800
33801
33802
33803
33805
33807
33810
33811
33812
33813
33814
33815
33816
33817
33818
33820
33822
33823
33825
33826
33828
33829
33830
33831
33836
33840
33841
33842
33847
33848
33849
33850
33852
33853
33854
33855
33861
33862
33866
33868
33869
33871
33872
33873
33874
33876
33877
33880
33883
33886
33887
33891
33892
33893
33894
33898
33899
33900
33901
33902
33904
33905
33907
33910
33911
33912
33913
33914
33916
33918
33920
33921
33924
33928
33929
33930
33931
33932
33935
33936
33939
33940
33944
33945
33946
33948
33950
33951
33952
33953
33955
33956
33957
33958
33960
33961
33963
33967
33968
33969
33970
33971
33972
33973
33974
33975
33978
33983
33984
33986
33989
33990
33991
33992
33993
33994
33995
33996
33997
33998
33999
34001
34004
34007
34013
34016
34017
34018
34019
34020
34021
34022
34023
34024
34026
34027
34028
34029
34030
34032
34033
34034
34036
34037
34038
34041
34042
34043
34044
34045
34048
34050
34051
34053
34054
34057
34058
34059
34060
34061
34063
34065
34072
34074
34075
34077
34078
34080
34082
34085
34086
34088
34093
34094
34096
34097
34098
34099
34101
34103
34105
34107
34108
34110
34114
34116
34117
34124
34125
34126
34130
34131
34132
34133
34136
34139
34141
34143
34144
34145
34146
34147
34148
34153
34156
34157
34163
34164
34165
34167
34170
34172
34173
34176
34181
34183
34185
34186
34187
34188
34189
34192
34195
34196
34198
34199
34200
34201
34202
34204
34206
34207
34211
34212
34215
34217
34218
34219
34220
34225
34227
34228
34229
34230
34233
34234
34235
34237
34242
34243
34244
34245
34246
34248
34249
34250
34252
34253
34255
34256
34257
34260
34261
34263
34264
34265
34267
34268
34269
34270
34271
34272
34274
34276
34281
34282
34283
34284
34287
34288
34289
34290
34291
34292
34294
34296
34298
34299
34300
34301
34303
34305
34308
34310
34311
34313
34314
34315
34317
34318
34319
34320
34322
34325
34327
34329
34330
34334
34337
34338
34339
34343
34346
34347
34351
34352
34353
34356
34358
34359
34360
34361
34364
34366
34369
34371
34373
34375
34376
34378
34380
34382
34383
34385
34386
34387
34388
34389
34391
34392
34393
34395
34396
34397
34402
34403
34406
34407
34410
34412
34413
34415
34416
34418
34419
34420
34421
34422
34425
34426
34427
34429
34430
34431
34432
34436
34438
34439
34440
34441
34444
34445
34446
34447
34448
34449
34451
34452
34457
34459
34460
34462
34463
34464
34465
34467
34468
34470
34471
34472
34473
34474
34475
34480
34482
34487
34489
34490
34491
34492
34493
34494
34495
34498
34499
34500
34501
34503
34506
34507
34508
34510
34512
34513
34514
34515
34517
34519
34520
34521
34522
34523
34526
34527
34531
34532
34534
34535
34537
34538
34539
34540
34541
34542
34543
34546
34547
34549
34551
34555
34556
34557
34558
34559
34560
34563
34565
34566
34568
34569
34570
34572
34573
34574
34576
34577
34579
34580
34583
34584
34585
34587
34589
34590
34591
34600
34601
34602
34603
34605
34606
34608
34609
34613
34615
34617
34620
34621
34622
34624
34625
34626
34628
34632
34633
34634
34635
34636
34639
34643
34644
34646
34647
34648
34649
34652
34653
34655
34656
34657
34659
34660
34663
34664
34667
34669
34670
34671
34672
34674
34677
34678
34679
34684
34685
34690
34692
34700
34707
34709
34711
34713
34716
34717
34719
34722
34724
34726
34728
34729
34731
34733
34734
34735
34736
34738
34740
34741
34742
34745
34746
34747
34753
34755
34756
34757
34761
34762
34764
34765
34767
34769
34772
34773
34774
34775
34776
34777
34779
34780
34787
34790
34791
34793
34794
34795
34797
34801
34802
34805
34806
34807
34809
34810
34811
34812
34813
34816
34822
34826
34827
34830
34831
34832
34833
34838
34841
34844
34846
34847
34848
34850
34854
34855
34858
34859
34860
34866
34867
34868
34869
34870
34871
34872
34873
34874
34875
34876
34877
34878
34879
34880
34885
34886
34887
34888
34890
34893
34895
34896
34897
34898
34900
34901
34902
34904
34905
34906
34907
34909
34912
34915
34916
34917
34919
34920
34923
34924
34925
34926
34929
34930
34932
34933
34934
34935
34936
34937
34938
34940
34942
34943
34944
34946
34948
34950
34951
34958
34961
34965
34966
34968
34969
34970
34972
34973
34979
34980
34982
34985
34987
34988
34989
34990
34991
34992
34995
34997
34998
35000
35002
35003
35004
35005
35007
35009
35012
35013
35015
35016
35017
35020
35021
35022
35025
35027
35028
35032
35034
35035
35036
35037
35039
35040
35041
35042
35044
35045
35047
35051
35052
35055
35057
35058
35059
35060
35061
35063
35067
35072
35073
35074
35075
35076
35078
35080
35081
35082
35084
35085
35087
35090
35091
35092
35093
35094
35095
35096
35098
35100
35102
35104
35106
35107
35109
35110
35111
35112
35116
35119
35121
35122
35124
35126
35128
35130
35134
35136
35137
35138
35139
35140
35141
35142
35143
35144
35145
35146
35147
35148
35150
35152
35154
35155
35156
35157
35159
35161
35162
35163
35164
35165
35166
35168
35169
35170
35171
35172
35173
35174
35175
35177
35178
35179
35185
35186
35188
35189
35190
35191
35195
35197
35199
35201
35203
35204
35205
35207
35208
35209
35210
35214
35216
35217
35218
35219
35222
35224
35225
35226
35228
35230
35232
35234
35235
35237
35238
35239
35240
35241
35244
35250
35251
35254
35255
35257
35258
35259
35261
35264
35265
35271
35272
35273
35274
35275
35277
35281
35282
35283
35286
35288
35292
35294
35296
35298
35299
35300
35302
35306
35308
35311
35312
35317
35318
35319
35322
35325
35326
35327
35329
35331
35332
35334
35335
35336
35337
35338
35339
35342
35343
35344
35346
35348
35349
35351
35354
35355
35356
35357
35358
35359
35360
35363
35368
35372
35374
35375
35376
35378
35381
35383
35386
35387
35389
35393
35396
35398
35399
35400
35401
35402
35404
35406
35407
35408
35409
35414
35416
35419
35420
35421
35422
35424
35425
35426
35427
35433
35434
35435
35436
35438
35441
35442
35443
35444
35446
35448
35451
35452
35453
35454
35455
35456
35459
35461
35462
35463
35464
35467
35468
35471
35475
35476
35477
35479
35481
35483
35488
35489
35490
35491
35493
35494
35495
35497
35498
35500
35504
35506
35510
35512
35513
35514
35516
35519
35520
35523
35524
35525
35528
35530
35531
35532
35534
35536
35538
35539
35541
35542
35543
35544
35545
35546
35547
35548
35551
35553
35555
35556
35557
35558
35559
35562
35564
35567
35568
35570
35571
35573
35575
35576
35577
35580
35582
35583
35585
35588
35590
35593
35594
35595
35599
35600
35601
35603
35604
35605
35609
35612
35614
35615
35617
35619
35620
35621
35622
35625
35629
35633
35634
35635
35636
35637
35638
35639
35640
35642
35643
35644
35647
35649
35650
35652
35656
35658
35662
35664
35667
35668
35670
35672
35673
35674
35677
35678
35680
35682
35683
35685
35686
35688
35689
35690
35691
35692
35694
35695
35698
35699
35700
35702
35704
35705
35706
35709
35711
35712
35715
35716
35717
35719
35723
35724
35725
35726
35727
35728
35729
35732
35733
35734
35735
35736
35737
35740
35742
35744
35746
35747
35748
35750
35751
35752
35754
35755
35757
35758
35759
35761
35764
35765
35766
35767
35768
35769
35771
35772
35774
35776
35777
35778
35779
35784
35786
35787
35788
35789
35790
35792
35794
35795
35796
35798
35800
35801
35803
35806
35807
35808
35809
35810
35811
35812
35815
35817
35819
35821
35822
35826
35832
35836
35838
35840
35841
35842
35843
35845
35847
35848
35849
35851
35852
35853
35859
35861
35862
35863
35865
35867
35868
35869
35870
35871
35872
35873
35874
35876
35877
35878
35880
35882
35883
35885
35886
35887
35888
35889
35890
35891
35893
35894
35895
35896
35900
35901
35904
35907
35908
35909
35911
35913
35915
35916
35917
35920
35921
35922
35923
35924
35925
35927
35929
35931
35932
35934
35935
35936
35937
35938
35939
35941
35943
35944
35945
35947
35948
35949
35950
35953
35955
35958
35959
35960
35961
35963
35965
35967
35968
35969
35970
35971
35974
35975
35978
35979
35983
35985
35987
35988
35989
35990
35991
35994
35995
35997
35998
35999
36002
36004
36007
36009
36010
36011
36012
36015
36016
36017
36018
36022
36023
36024
36025
36026
36027
36028
36030
36032
36033
36034
36036
36038
36039
36042
36044
36045
36046
36049
36050
36053
36055
36059
36064
36065
36066
36067
36068
36070
36074
36076
36078
36079
36080
36084
36087
36088
36089
36090
36091
36092
36093
36095
36096
36097
36098
36099
36104
36105
36106
36111
36113
36114
36117
36118
36123
36126
36127
36128
36129
36131
36134
36137
36139
36140
36141
36142
36144
36145
36147
36148
36149
36150
36151
36152
36153
36154
36156
36157
36158
36159
36162
36164
36166
36167
36168
36169
36170
36174
36175
36176
36180
36182
36184
36185
36189
36190
36192
36193
36195
36196
36197
36199
36200
36205
36207
36208
36210
36211
36212
36213
36218
36219
36220
36221
36223
36224
36226
36227
36229
36230
36231
36233
36234
36235
36237
36238
36239
36244
36245
36246
36247
36249
36251
36252
36253
36254
36257
36260
36261
36268
36269
36271
36272
36274
36275
36277
36279
36282
36283
36284
36288
36289
36290
36291
36295
36296
36297
36299
36300
36303
36306
36307
36309
36311
36312
36313
36314
36315
36317
36318
36319
36320
36321
36324
36330
36331
36332
36333
36334
36335
36336
36339
36346
36347
36348
36352
36353
36354
36357
36359
36361
36363
36364
36365
36366
36367
36369
36370
36372
36375
36377
36379
36381
36383
36384
36386
36388
36389
36390
36391
36393
36397
36400
36401
36405
36406
36408
36409
36410
36412
36414
36416
36418
36421
36426
36429
36434
36435
36437
36439
36441
36442
36445
36448
36449
36453
36457
36459
36460
36461
36462
36463
36464
36467
36468
36469
36472
36475
36478
36479
36480
36482
36487
36488
36489
36490
36491
36492
36493
36495
36496
36497
36498
36500
36506
36510
36514
36516
36517
36520
36521
36523
36524
36526
36527
36529
36531
36534
36536
36537
36539
36540
36541
36544
36545
36547
36552
36553
36554
36555
36556
36557
36560
36561
36563
36565
36566
36569
36576
36577
36579
36583
36584
36585
36586
36588
36590
36591
36592
36593
36594
36595
36596
36597
36598
36599
36600
36602
36604
36605
36606
36609
36610
36614
36615
36616
36617
36619
36620
36624
36626
36628
36629
36630
36632
36633
36634
36636
36637
36638
36640
36642
36643
36644
36646
36647
36648
36650
36654
36660
36662
36665
36666
36667
36670
36673
36674
36676
36677
36678
36679
36680
36682
36683
36684
36685
36686
36687
36690
36695
36699
36702
36703
36706
36707
36712
36715
36721
36722
36723
36724
36725
36729
36730
36733
36734
36735
36737
36739
36741
36742
36744
36746
36748
36749
36751
36759
36760
36763
36764
36765
36766
36767
36769
36770
36774
36775
36777
36780
36781
36783
36784
36785
36786
36790
36791
36792
36793
36794
36796
36799
36801
36803
36804
36808
36809
36810
36811
36812
36814
36816
36817
36824
36833
36834
36836
36838
36840
36841
36842
36843
36844
36845
36846
36850
36851
36852
36855
36860
36861
36862
36863
36865
36866
36867
36870
36874
36875
36877
36879
36881
36882
36883
36884
36885
36886
36890
36891
36893
36894
36895
36897
36898
36900
36901
36902
36906
36908
36909
36910
36912
36913
36915
36919
36920
36921
36924
36928
36931
36932
36933
36934
36935
36937
36939
36941
36942
36943
36944
36945
36947
36948
36949
36953
36954
36956
36958
36959
36960
36962
36963
36964
36965
36967
36969
36970
36971
36972
36975
36976
36979
36980
36981
36982
36983
36984
36985
36990
36993
37002
37006
37008
37010
37011
37012
37013
37016
37017
37019
37020
37023
37024
37026
37027
37028
37029
37033
37034
37036
37038
37041
37043
37048
37052
37054
37057
37058
37059
37060
37061
37062
37063
37064
37065
37066
37067
37069
37070
37072
37073
37075
37076
37077
37078
37079
37081
37084
37085
37087
37088
37092
37093
37098
37099
37101
37103
37104
37107
37112
37115
37116
37118
37119
37121
37122
37125
37126
37127
37128
37129
37130
37132
37134
37135
37136
37137
37139
37140
37142
37147
37149
37152
37154
37156
37157
37158
37159
37162
37163
37166
37167
37168
37169
37170
37172
37174
37176
37177
37178
37179
37180
37182
37183
37185
37186
37189
37190
37191
37192
37194
37197
37198
37199
37200
37201
37203
37204
37205
37207
37208
37212
37213
37214
37217
37218
37219
37220
37221
37222
37223
37224
37225
37226
37227
37229
37231
37232
37233
37235
37237
37238
37242
37246
37247
37248
37249
37250
37253
37254
37257
37260
37263
37265
37266
37267
37272
37273
37274
37276
37281
37282
37284
37288
37289
37291
37296
37297
37298
37299
37300
37301
37302
37303
37304
37306
37307
37309
37310
37311
37315
37316
37317
37319
37321
37322
37323
37326
37327
37332
37333
37334
37335
37336
37337
37338
37342
37343
37345
37347
37348
37350
37352
37354
37356
37357
37359
37360
37363
37365
37366
37367
37368
37372
37374
37377
37378
37381
37382
37384
37385
37386
37389
37393
37395
37398
37400
37401
37403
37404
37405
37410
37413
37416
37421
37422
37424
37428
37429
37431
37432
37435
37436
37437
37438
37441
37443
37445
37446
37447
37448
37451
37452
37453
37455
37456
37457
37458
37459
37460
37461
37462
37463
37465
37466
37471
37473
37474
37475
37476
37481
37482
37485
37486
37487
37488
37490
37491
37492
37493
37496
37498
37499
37502
37504
37506
37508
37514
37515
37516
37517
37518
37526
37529
37531
37532
37533
37536
37537
37538
37539
37543
37547
37549
37550
37551
37553
37557
37563
37564
37566
37569
37570
37573
37577
37582
37584
37586
37589
37591
37593
37595
37600
37603
37604
37606
37608
37612
37614
37616
37617
37619
37622
37627
37628
37629
37630
37631
37633
37635
37637
37639
37640
37641
37643
37646
37647
37652
37653
37654
37655
37657
37658
37662
37663
37664
37666
37667
37670
37671
37675
37676
37677
37679
37680
37681
37683
37684
37685
37686
37687
37689
37690
37691
37694
37695
37696
37698
37699
37704
37705
37707
37709
37714
37715
37718
37719
37721
37726
37728
37729
37730
37733
37734
37735
37737
37738
37739
37740
37741
37742
37744
37745
37746
37747
37748
37750
37751
37753
37754
37755
37756
37758
37759
37760
37761
37762
37763
37768
37770
37771
37775
37778
37779
37780
37781
37782
37785
37787
37791
37792
37793
37794
37795
37796
37799
37802
37803
37804
37805
37806
37807
37808
37811
37812
37813
37817
37818
37819
37820
37824
37827
37828
37831
37832
37836
37837
37838
37839
37843
37844
37845
37847
37848
37849
37850
37852
37853
37854
37856
37860
37863
37865
37868
37874
37876
37877
37879
37880
37882
37884
37885
37887
37888
37890
37892
37894
37895
37897
37902
37904
37907
37909
37910
37914
37915
37919
37920
37922
37924
37925
37926
37930
37933
37935
37936
37937
37938
37939
37942
37943
37944
37945
37946
37947
37955
37956
37958
37960
37962
37963
37967
37968
37969
37970
37972
37973
37975
37976
37978
37980
37982
37983
37984
37986
37987
37989
37990
37991
37992
37993
37994
37995
37996
37999
38000
38001
38004
38005
38008
38012
38013
38016
38018
38019
38022
38024
38027
38028
38029
38030
38031
38032
38036
38038
38041
38042
38043
38049
38056
38058
38059
38063
38064
38066
38067
38068
38070
38072
38073
38075
38079
38081
38082
38084
38085
38086
38088
38089
38090
38093
38094
38095
38096
38097
38098
38100
38101
38103
38104
38105
38107
38111
38112
38113
38114
38115
38116
38117
38125
38127
38129
38130
38132
38135
38136
38137
38139
38144
38145
38146
38147
38148
38149
38152
38154
38155
38156
38157
38160
38166
38167
38168
38170
38171
38173
38175
38176
38182
38185
38186
38187
38189
38192
38194
38195
38196
38197
38198
38199
38202
38203
38205
38207
38208
38209
38211
38213
38214
38215
38216
38217
38220
38222
38224
38225
38226
38228
38231
38236
38237
38238
38240
38242
38243
38245
38247
38248
38249
38251
38252
38256
38257
38258
38259
38260
38261
38264
38266
38267
38269
38275
38276
38279
38280
38281
38283
38284
38285
38287
38289
38292
38293
38298
38299
38300
38301
38302
38303
38309
38311
38314
38316
38318
38320
38321
38324
38325
38329
38330
38331
38333
38334
38339
38343
38344
38345
38346
38347
38348
38349
38350
38351
38352
38354
38356
38358
38361
38362
38363
38367
38368
38371
38372
38374
38381
38383
38384
38385
38387
38389
38391
38394
38396
38397
38400
38401
38402
38406
38407
38408
38409
38410
38411
38416
38417
38420
38422
38423
38425
38428
38429
38430
38432
38433
38434
38435
38436
38437
38438
38439
38442
38444
38447
38449
38451
38453
38456
38460
38461
38462
38463
38467
38469
38470
38472
38474
38478
38480
38481
38483
38486
38488
38489
38490
38491
38493
38495
38496
38498
38502
38503
38505
38506
38507
38508
38512
38514
38517
38518
38520
38521
38522
38523
38525
38528
38531
38533
38538
38540
38545
38549
38550
38551
38553
38556
38557
38558
38562
38563
38564
38566
38567
38568
38570
38573
38575
38577
38580
38583
38585
38586
38587
38589
38590
38591
38593
38595
38597
38598
38603
38606
38608
38609
38610
38613
38617
38618
38619
38620
38621
38622
38624
38625
38628
38631
38632
38634
38636
38637
38639
38640
38643
38644
38645
38647
38648
38650
38651
38652
38656
38657
38658
38663
38664
38666
38667
38668
38669
38671
38672
38673
38676
38677
38679
38681
38684
38685
38686
38688
38689
38694
38695
38698
38699
38700
38702
38703
38704
38706
38707
38710
38712
38714
38715
38718
38724
38727
38728
38729
38731
38732
38733
38734
38737
38738
38742
38743
38744
38748
38749
38753
38754
38755
38756
38757
38758
38760
38761
38764
38766
38770
38771
38773
38775
38776
38778
38782
38783
38785
38786
38787
38788
38789
38791
38794
38795
38797
38798
38799
38802
38803
38807
38808
38810
38813
38816
38819
38821
38823
38824
38826
38827
38830
38831
38832
38836
38838
38839
38841
38843
38844
38845
38848
38854
38857
38862
38864
38866
38868
38870
38874
38876
38878
38880
38882
38883
38884
38885
38886
38888
38889
38891
38892
38894
38896
38899
38901
38903
38907
38908
38910
38911
38913
38915
38916
38920
38921
38923
38930
38931
38932
38934
38939
38942
38943
38944
38945
38952
38956
38958
38959
38961
38962
38963
38964
38965
38968
38971
38972
38974
38975
38976
38980
38981
38982
38983
38984
38985
38986
38988
38989
38993
38995
38998
38999
39001
39002
39003
39005
39006
39007
39008
39010
39011
39012
39013
39016
39017
39018
39019
39021
39023
39025
39026
39028
39029
39030
39031
39033
39034
39035
39038
39040
39041
39042
39043
39044
39045
39046
39047
39048
39049
39051
39052
39056
39059
39060
39062
39063
39064
39065
39067
39068
39070
39072
39073
39075
39076
39078
39082
39087
39090
39094
39095
39096
39098
39099
39102
39105
39106
39107
39108
39109
39110
39111
39113
39115
39117
39118
39119
39120
39121
39122
39125
39126
39127
39128
39129
39130
39132
39134
39136
39137
39138
39139
39140
39141
39142
39143
39144
39145
39147
39148
39149
39150
39151
39152
39153
39155
39160
39164
39167
39175
39176
39180
39181
39182
39184
39185
39186
39187
39188
39190
39192
39193
39194
39195
39196
39198
39200
39202
39204
39205
39210
39211
39212
39213
39214
39215
39219
39221
39222
39223
39226
39229
39231
39233
39234
39235
39236
39238
39239
39240
39241
39242
39244
39245
39247
39248
39251
39252
39254
39255
39259
39261
39262
39263
39264
39266
39267
39268
39269
39270
39271
39272
39275
39276
39277
39281
39282
39286
39289
39291
39292
39294
39295
39299
39300
39301
39302
39303
39304
39306
39307
39308
39309
39313
39315
39321
39323
39324
39326
39328
39329
39331
39332
39334
39335
39336
39337
39338
39339
39341
39342
39343
39345
39346
39347
39348
39350
39351
39354
39355
39356
39357
39358
39359
39360
39361
39364
39366
39368
39369
39371
39372
39374
39379
39380
39382
39383
39385
39387
39388
39390
39391
39393
39394
39395
39399
39402
39405
39407
39409
39410
39411
39412
39413
39415
39419
39420
39421
39423
39424
39426
39428
39429
39430
39431
39435
39436
39437
39438
39442
39444
39445
39446
39450
39451
39456
39457
39460
39463
39464
39465
39467
39470
39472
39476
39478
39481
39482
39484
39487
39488
39489
39492
39493
39494
39495
39499
39502
39503
39505
39506
39508
39509
39510
39511
39512
39513
39514
39515
39516
39519
39520
39522
39523
39525
39527
39529
39530
39531
39534
39536
39537
39539
39542
39544
39545
39547
39549
39550
39551
39552
39553
39555
39557
39563
39564
39565
39566
39567
39570
39571
39572
39574
39577
39578
39579
39580
39582
39583
39585
39586
39587
39588
39590
39591
39592
39594
39597
39602
39604
39607
39610
39611
39612
39615
39616
39617
39618
39619
39622
39623
39626
39627
39628
39634
39635
39636
39637
39639
39640
39642
39643
39644
39645
39646
39647
39648
39651
39652
39653
39654
39655
39656
39657
39659
39665
39668
39671
39672
39673
39674
39675
39677
39680
39681
39685
39686
39687
39688
39689
39691
39693
39698
39703
39704
39706
39707
39708
39710
39714
39716
39718
39720
39721
39727
39730
39734
39736
39737
39739
39740
39741
39742
39743
39744
39745
39746
39748
39749
39750
39751
39752
39753
39754
39757
39758
39759
39760
39761
39764
39765
39766
39767
39770
39771
39773
39775
39776
39782
39783
39784
39787
39788
39792
39795
39796
39797
39799
39801
39805
39806
39809
39811
39812
39813
39816
39819
39820
39822
39823
39824
39826
39827
39830
39831
39832
39834
39835
39836
39839
39840
39843
39844
39845
39846
39850
39851
39852
39853
39854
39855
39857
39858
39859
39861
39865
39867
39868
39870
39874
39875
39876
39879
39881
39885
39886
39888
39893
39895
39902
39903
39905
39908
39909
39914
39923
39924
39926
39927
39928
39929
39931
39932
39934
39935
39937
39942
39943
39944
39945
39949
39950
39951
39953
39954
39957
39958
39961
39962
39963
39965
39970
39972
39975
39976
39977
39978
39979
39980
39983
39984
39987
39988
39996
39997
39998
40001
40002
40004
40005
40007
40008
40009
40013
40014
40016
40023
40024
40025
40026
40027
40028
40029
40032
40034
40037
40038
40039
40040
40041
40044
40048
40049
40050
40056
40057
40059
40061
40063
40064
40065
40066
40070
40071
40073
40074
40075
40079
40080
40082
40084
40085
40087
40089
40090
40092
40095
40096
40098
40099
40100
40101
40102
40103
40104
40106
40107
40108
40109
40110
40111
40115
40116
40118
40119
40120
40121
40122
40123
40124
40125
40130
40132
40134
40135
40138
40143
40144
40146
40148
40149
40152
40153
40154
40156
40157
40158
40161
40162
40163
40166
40167
40168
40171
40173
40174
40175
40179
40181
40183
40186
40188
40189
40190
40192
40193
40195
40197
40198
40199
40200
40201
40202
40203
40204
40207
40212
40213
40215
40216
40219
40220
40224
40225
40226
40227
40229
40231
40233
40235
40237
40238
40239
40240
40241
40243
40249
40250
40251
40253
40256
40257
40258
40259
40261
40264
40268
40270
40271
40275
40278
40283
40284
40289
40290
40292
40293
40295
40296
40297
40300
40301
40302
40303
40304
40305
40309
40310
40311
40312
40314
40317
40323
40324
40327
40328
40329
40332
40333
40335
40336
40337
40338
40339
40340
40341
40342
40343
40344
40345
40346
40348
40350
40351
40352
40353
40354
40355
40356
40357
40358
40359
40360
40361
40362
40365
40367
40368
40369
40370
40372
40373
40374
40376
40378
40379
40380
40381
40382
40384
40385
40386
40387
40388
40390
40391
40392
40397
40398
40400
40403
40404
40406
40408
40409
40410
40413
40414
40416
40417
40419
40420
40423
40424
40425
40427
40428
40429
40430
40431
40435
40436
40438
40441
40443
40444
40447
40450
40452
40453
40454
40455
40457
40458
40459
40461
40465
40468
40469
40470
40475
40476
40477
40478
40479
40480
40481
40482
40484
40485
40486
40488
40489
40490
40491
40493
40494
40496
40499
40500
40501
40502
40503
40504
40505
40506
40509
40510
40512
40513
40514
40516
40518
40519
40522
40523
40525
40527
40528
40530
40532
40541
40544
40545
40547
40548
40549
40551
40554
40556
40558
40559
40561
40562
40563
40565
40568
40569
40570
40571
40572
40574
40575
40576
40577
40579
40580
40581
40582
40584
40588
40589
40591
40593
40594
40598
40599
40600
40602
40608
40609
40610
40612
40613
40614
40617
40619
40621
40624
40625
40627
40628
40629
40630
40631
40632
40634
40635
40638
40640
40641
40642
40643
40645
40646
40648
40650
40652
40653
40655
40656
40657
40660
40662
40664
40666
40670
40671
40672
40673
40675
40677
40678
40679
40682
40683
40687
40689
40690
40693
40696
40698
40699
40701
40702
40707
40711
40712
40713
40715
40716
40717
40718
40719
40720
40721
40722
40727
40729
40730
40732
40733
40734
40736
40737
40741
40745
40746
40747
40748
40749
40751
40754
40755
40757
40758
40759
40760
40761
40762
40764
40767
40770
40773
40782
40784
40786
40787
40788
40789
40790
40791
40793
40797
40798
40799
40802
40803
40808
40811
40812
40813
40814
40815
40816
40818
40819
40820
40823
40824
40825
40829
40830
40832
40833
40834
40835
40837
40838
40839
40841
40844
40845
40846
40848
40849
40851
40852
40853
40856
40857
40858
40860
40861
40863
40864
40870
40872
40874
40878
40879
40884
40885
40887
40889
40890
40891
40893
40895
40896
40900
40901
40905
40906
40908
40909
40912
40913
40914
40916
40917
40919
40920
40922
40923
40926
40927
40931
40932
40933
40934
40935
40937
40940
40941
40942
40946
40948
40949
40950
40951
40952
40953
40954
40956
40957
40961
40963
40964
40967
40968
40969
40972
40973
40979
40982
40983
40984
40985
40986
40987
40988
40993
40995
40996
40999
41001
41005
41006
41008
41010
41011
41012
41015
41016
41019
41020
41022
41027
41028
41029
41031
41034
41036
41039
41040
41042
41043
41046
41048
41050
41052
41053
41054
41055
41058
41061
41065
41066
41068
41069
41071
41075
41076
41077
41078
41080
41081
41082
41085
41086
41087
41089
41090
41095
41096
41097
41100
41103
41104
41105
41108
41113
41114
41115
41119
41122
41124
41125
41126
41127
41129
41131
41132
41133
41134
41135
41139
41140
41141
41142
41143
41144
41145
41146
41147
41150
41151
41152
41155
41156
41159
41160
41161
41163
41165
41166
41167
41168
41170
41171
41172
41173
41175
41178
41179
41180
41183
41185
41186
41187
41191
41192
41193
41197
41204
41205
41208
41209
41211
41212
41213
41217
41219
41221
41223
41227
41228
41230
41231
41232
41233
41234
41235
41237
41238
41239
41244
41246
41247
41248
41249
41250
41251
41255
41256
41257
41258
41259
41260
41261
41262
41265
41267
41269
41270
41271
41272
41274
41275
41276
41278
41279
41282
41285
41286
41289
41291
41292
41295
41298
41304
41306
41307
41309
41310
41313
41314
41317
41318
41320
41325
41326
41327
41328
41329
41333
41336
41340
41343
41345
41353
41354
41355
41357
41358
41359
41360
41361
41363
41364
41365
41366
41372
41375
41378
41380
41382
41384
41385
41386
41389
41391
41392
41395
41396
41400
41402
41403
41407
41409
41411
41412
41413
41414
41416
41418
41423
41424
41425
41426
41427
41433
41434
41437
41438
41439
41443
41445
41446
41447
41450
41451
41452
41454
41455
41457
41458
41459
41462
41463
41464
41467
41468
41473
41474
41476
41478
41479
41480
41484
41489
41490
41491
41493
41495
41496
41497
41498
41499
41500
41501
41502
41504
41505
41507
41508
41509
41510
41511
41512
41513
41514
41518
41520
41521
41522
41525
41526
41528
41530
41531
41534
41535
41536
41539
41542
41545
41547
41548
41549
41550
41551
41553
41554
41555
41557
41560
41561
41564
41565
41566
41568
41569
41571
41572
41575
41578
41582
41583
41584
41586
41587
41589
41590
41594
41596
41600
41605
41608
41609
41613
41615
41617
41624
41625
41626
41632
41633
41634
41636
41637
41638
41640
41641
41646
41647
41649
41650
41652
41653
41655
41657
41658
41659
41660
41661
41662
41663
41664
41665
41666
41669
41670
41671
41674
41676
41679
41680
41683
41684
41689
41692
41696
41697
41698
41699
41700
41701
41702
41703
41705
41706
41707
41710
41711
41712
41713
41716
41717
41718
41720
41722
41724
41727
41728
41729
41730
41732
41735
41738
41744
41748
41753
41754
41755
41757
41760
41763
41766
41769
41770
41772
41774
41776
41777
41778
41779
41780
41783
41784
41786
41789
41790
41791
41792
41793
41795
41796
41798
41799
41801
41803
41804
41805
41806
41809
41810
41813
41814
41815
41820
41822
41823
41827
41829
41831
41836
41839
41840
41843
41846
41847
41848
41849
41850
41851
41854
41855
41858
41860
41861
41863
41864
41866
41868
41870
41872
41876
41878
41879
41880
41882
41883
41884
41888
41896
41899
41902
41904
41906
41907
41908
41909
41912
41913
41915
41916
41919
41920
41921
41923
41925
41926
41928
41929
41930
41931
41932
41933
41935
41936
41939
41940
41943
41947
41951
41954
41955
41957
41959
41960
41964
41965
41966
41968
41971
41973
41974
41975
41977
41979
41980
41983
41984
41985
41986
41991
41994
41996
41997
41998
42000
42001
42002
42003
42004
42005
42007
42011
42013
42015
42016
42018
42019
42020
42021
42024
42026
42027
42029
42030
42032
42033
42041
42042
42044
42046
42047
42049
42050
42051
42052
42053
42054
42056
42057
42058
42060
42061
42062
42065
42067
42069
42070
42071
42072
42073
42075
42078
42079
42080
42084
42085
42086
42088
42092
42093
42095
42096
42097
42099
42101
42103
42105
42106
42108
42109
42112
42116
42118
42119
42120
42122
42123
42125
42126
42127
42128
42133
42138
42139
42140
42143
42145
42149
42151
42152
42153
42155
42157
42158
42159
42160
42161
42162
42164
42165
42166
42169
42170
42171
42173
42174
42176
42177
42180
42181
42182
42185
42187
42189
42191
42195
42196
42197
42198
42199
42203
42204
42210
42212
42214
42215
42219
42220
42228
42230
42233
42234
42236
42237
42238
42243
42246
42249
42250
42251
42256
42257
42259
42261
42263
42264
42266
42267
42268
42269
42270
42272
42274
42276
42279
42281
42284
42286
42288
42290
42292
42294
42295
42297
42300
42301
42303
42304
42307
42311
42312
42314
42315
42316
42320
42324
42325
42326
42327
42328
42330
42331
42332
42333
42334
42335
42337
42338
42339
42341
42342
42344
42345
42346
42348
42349
42351
42352
42353
42354
42355
42358
42360
42362
42363
42364
42365
42366
42368
42369
42370
42371
42373
42374
42377
42378
42380
42381
42384
42385
42386
42388
42391
42392
42396
42397
42400
42401
42402
42403
42404
42405
42406
42407
42410
42411
42413
42417
42418
42422
42425
42426
42429
42431
42432
42434
42435
42436
42438
42441
42442
42443
42450
42451
42452
42455
42458
42459
42461
42464
42465
42467
42468
42470
42471
42473
42475
42476
42477
42478
42479
42480
42481
42483
42484
42485
42486
42488
42489
42490
42495
42496
42498
42499
42500
42502
42506
42507
42508
42511
42513
42516
42517
42519
42521
42522
42524
42525
42527
42528
42530
42532
42533
42534
42535
42536
42538
42540
42547
42549
42553
42558
42559
42563
42564
42568
42570
42572
42573
42579
42584
42594
42598
42601
42602
42604
42606
42607
42608
42610
42612
42613
42614
42615
42616
42618
42619
42622
42624
42625
42628
42629
42630
42632
42634
42635
42636
42637
42641
42642
42643
42648
42649
42650
42651
42653
42654
42655
42662
42664
42666
42667
42668
42669
42672
42673
42674
42675
42676
42677
42678
42680
42683
42684
42685
42689
42691
42694
42696
42699
42700
42704
42705
42706
42709
42712
42714
42715
42716
42717
42718
42720
42723
42724
42726
42727
42728
42730
42732
42734
42735
42737
42739
42741
42743
42744
42745
42746
42748
42749
42750
42752
42753
42754
42756
42757
42758
42759
42760
42762
42764
42765
42767
42768
42770
42772
42773
42775
42777
42778
42779
42780
42781
42782
42784
42785
42786
42787
42789
42793
42797
42800
42802
42804
42807
42809
42811
42812
42813
42815
42820
42822
42823
42824
42826
42827
42828
42832
42834
42836
42837
42843
42845
42847
42849
42852
42853
42854
42859
42860
42861
42862
42863
42866
42871
42872
42873
42874
42878
42879
42880
42884
42887
42889
42891
42895
42896
42897
42898
42900
42901
42902
42903
42904
42905
42907
42909
42911
42912
42918
42919
42923
42926
42927
42929
42930
42932
42933
42934
42935
42936
42939
42940
42941
42942
42943
42945
42946
42948
42949
42950
42951
42953
42955
42959
42960
42964
42966
42967
42969
42970
42972
42974
42975
42978
42980
42984
42986
42988
42989
42991
42992
42994
42995
42996
42997
43000
43001
43004
43005
43007
43008
43009
43011
43015
43016
43017
43021
43022
43027
43028
43030
43033
43034
43036
43038
43039
43041
43042
43043
43046
43050
43051
43057
43058
43060
43061
43062
43064
43065
43066
43069
43070
43071
43073
43075
43077
43079
43081
43082
43086
43088
43089
43092
43094
43098
43099
43102
43103
43105
43110
43117
43120
43121
43124
43126
43127
43129
43130
43134
43135
43136
43137
43138
43139
43140
43141
43142
43143
43145
43149
43153
43155
43158
43159
43161
43163
43166
43167
43169
43173
43176
43177
43178
43179
43181
43182
43183
43187
43188
43189
43191
43192
43193
43194
43196
43197
43203
43204
43205
43207
43210
43214
43215
43216
43217
43218
43219
43220
43222
43224
43230
43236
43239
43240
43242
43243
43244
43245
43246
43248
43249
43250
43254
43256
43257
43260
43261
43265
43267
43268
43269
43272
43274
43275
43280
43282
43284
43285
43287
43288
43289
43290
43291
43296
43298
43299
43301
43303
43304
43305
43309
43310
43311
43313
43314
43315
43316
43319
43322
43325
43327
43329
43330
43334
43335
43337
43339
43341
43343
43344
43346
43347
43348
43353
43355
43356
43361
43362
43364
43365
43366
43367
43369
43370
43372
43373
43374
43375
43377
43378
43381
43382
43389
43393
43395
43396
43398
43399
43400
43401
43405
43406
43407
43408
43409
43410
43413
43415
43417
43421
43424
43428
43429
43431
43432
43433
43434
43436
43437
43438
43439
43440
43441
43442
43445
43446
43448
43449
43451
43454
43457
43459
43460
43461
43467
43468
43469
43471
43472
43476
43478
43480
43483
43484
43485
43486
43488
43489
43490
43492
43493
43494
43495
43499
43500
43502
43504
43505
43506
43508
43509
43510
43513
43515
43517
43518
43522
43524
43527
43529
43530
43532
43534
43536
43540
43541
43542
43546
43552
43555
43558
43560
43564
43565
43567
43568
43569
43570
43580
43581
43582
43583
43585
43589
43592
43595
43601
43603
43605
43609
43611
43612
43613
43614
43615
43618
43619
43621
43623
43626
43631
43635
43636
43637
43638
43639
43640
43643
43644
43647
43651
43660
43663
43666
43668
43669
43673
43674
43675
43676
43683
43685
43686
43687
43688
43690
43691
43692
43693
43694
43695
43696
43697
43698
43700
43701
43702
43703
43707
43709
43710
43714
43715
43716
43717
43718
43719
43720
43722
43723
43724
43727
43728
43729
43731
43733
43735
43736
43740
43741
43744
43746
43749
43751
43752
43753
43755
43757
43759
43761
43764
43765
43767
43770
43771
43773
43774
43775
43776
43777
43778
43779
43782
43783
43786
43787
43788
43792
43795
43796
43798
43799
43801
43807
43823
43826
43827
43829
43831
43832
43835
43836
43837
43838
43841
43844
43845
43850
43852
43853
43854
43855
43856
43857
43859
43860
43861
43865
43866
43867
43868
43870
43871
43872
43873
43874
43882
43883
43884
43886
43887
43888
43889
43891
43895
43899
43900
43904
43908
43910
43911
43913
43915
43917
43919
43920
43922
43923
43924
43925
43927
43929
43934
43935
43938
43939
43940
43943
43945
43946
43947
43949
43950
43951
43952
43957
43958
43959
43962
43963
43967
43969
43971
43976
43977
43978
43981
43982
43983
43986
43987
43988
43996
43997
43999
44001
44003
44005
44007
44009
44010
44013
44015
44020
44023
44024
44025
44026
44027
44028
44030
44031
44037
44039
44040
44042
44043
44044
44047
44048
44051
44052
44054
44055
44057
44059
44061
44062
44067
44072
44075
44079
44080
44081
44083
44084
44086
44090
44091
44096
44099
44102
44103
44104
44109
44111
44115
44116
44119
44120
44123
44125
44126
44127
44131
44132
44133
44134
44136
44139
44141
44144
44147
44148
44149
44150
44154
44157
44159
44163
44164
44165
44168
44173
44174
44175
44177
44179
44182
44183
44184
44189
44191
44192
44197
44198
44200
44201
44205
44206
44207
44208
44213
44214
44216
44217
44218
44219
44220
44221
44222
44223
44225
44226
44227
44229
44232
44234
44237
44239
44240
44241
44242
44243
44244
44245
44246
44247
44249
44254
44255
44257
44260
44264
44265
44268
44269
44272
44274
44277
44279
44284
44286
44289
44290
44292
44294
44296
44297
44298
44299
44300
44303
44305
44307
44312
44313
44315
44317
44318
44324
44327
44329
44330
44331
44332
44333
44334
44335
44336
44337
44339
44340
44341
44343
44350
44351
44353
44356
44357
44361
44362
44364
44365
44367
44368
44372
44373
44375
44377
44383
44388
44393
44394
44396
44398
44399
44402
44405
44408
44409
44410
44411
44414
44416
44417
44418
44424
44425
44429
44431
44433
44439
44440
44441
44444
44447
44448
44450
44452
44455
44457
44458
44459
44462
44463
44464
44465
44466
44469
44474
44475
44477
44482
44483
44484
44485
44487
44488
44489
44491
44495
44497
44500
44501
44504
44505
44508
44509
44511
44512
44515
44517
44521
44524
44525
44526
44529
44530
44531
44532
44533
44534
44539
44543
44546
44548
44550
44551
44553
44555
44556
44557
44558
44560
44561
44562
44564
44566
44570
44571
44572
44573
44574
44575
44576
44577
44579
44585
44586
44587
44588
44589
44596
44598
44601
44602
44603
44604
44608
44610
44611
44615
44624
44625
44630
44632
44634
44635
44641
44644
44645
44646
44648
44650
44651
44653
44656
44659
44661
44662
44663
44665
44667
44668
44669
44670
44671
44672
44673
44674
44675
44676
44679
44680
44683
44684
44687
44692
44693
44694
44696
44697
44698
44699
44702
44703
44706
44712
44713
44716
44717
44718
44719
44720
44721
44722
44723
44731
44732
44734
44736
44737
44739
44741
44742
44744
44745
44746
44747
44751
44752
44754
44755
44758
44760
44761
44767
44768
44770
44771
44773
44778
44779
44780
44781
44782
44784
44787
44791
44795
44796
44798
44799
44800
44802
44804
44806
44812
44815
44816
44819
44821
44822
44823
44824
44829
44831
44833
44839
44843
44844
44845
44846
44847
44849
44850
44852
44853
44854
44856
44857
44858
44861
44866
44868
44870
44871
44872
44873
44875
44877
44883
44886
44887
44888
44893
44894
44896
44898
44900
44901
44903
44905
44908
44909
44916
44917
44918
44920
44923
44932
44933
44934
44936
44938
44940
44941
44942
44944
44947
44948
44949
44953
44954
44955
44958
44959
44960
44963
44964
44966
44967
44968
44969
44970
44971
44972
44979
44980
44983
44984
44985
44987
44988
44989
44990
44993
44996
44999
45001
45002
45003
45004
45006
45008
45009
45012
45016
45018
45021
45022
45023
45024
45028
45030
45031
45032
45033
45034
45035
45037
45038
45039
45040
45041
45042
45044
45047
45051
45052
45053
45054
45055
45056
45057
45059
45066
45067
45068
45070
45073
45074
45075
45076
45077
45078
45079
45080
45084
45085
45086
45088
45089
45090
45091
45092
45095
45097
45099
45101
45102
45104
45105
45106
45112
45116
45120
45123
45124
45128
45129
45131
45132
45133
45134
45138
45140
45141
45146
45147
45148
45149
45151
45152
45156
45157
45158
45161
45163
45164
45168
45169
45173
45174
45175
45178
45180
45183
45184
45186
45190
45191
45192
45193
45195
45198
45202
45203
45205
45208
45209
45210
45213
45216
45217
45218
45219
45221
45222
45224
45227
45228
45229
45230
45231
45232
45233
45237
45238
45239
45241
45245
45246
45247
45248
45251
45252
45253
45258
45259
45260
45262
45263
45265
45269
45270
45271
45275
45276
45277
45287
45288
45289
45292
45294
45296
45297
45298
45299
45300
45301
45302
45306
45307
45308
45309
45311
45312
45313
45316
45317
45318
45320
45321
45322
45323
45324
45326
45328
45329
45330
45338
45339
45341
45342
45343
45344
45345
45346
45347
45348
45349
45350
45351
45353
45355
45356
45359
45361
45362
45369
45371
45373
45374
45375
45376
45378
45380
45382
45388
45392
45394
45395
45397
45400
45401
45402
45407
45409
45410
45411
45412
45414
45416
45421
45422
45425
45426
45427
45429
45430
45432
45435
45436
45437
45438
45440
45441
45442
45445
45446
45447
45448
45450
45451
45452
45453
45455
45456
45461
45462
45463
45465
45467
45468
45474
45477
45479
45481
45482
45486
45494
45495
45498
45500
45502
45510
45511
45513
45514
45516
45517
45518
45519
45522
45523
45525
45529
45534
45535
45537
45542
45543
45544
45545
45547
45551
45553
45554
45555
45559
45560
45562
45566
45568
45573
45574
45576
45577
45583
45586
45588
45591
45592
45593
45595
45597
45599
45602
45604
45605
45607
45608
45609
45610
45614
45615
45616
45617
45619
45621
45622
45623
45625
45626
45630
45631
45632
45635
45636
45639
45640
45641
45642
45649
45654
45656
45658
45662
45663
45664
45665
45666
45669
45670
45672
45677
45682
45683
45684
45685
45686
45688
45691
45692
45695
45697
45698
45701
45702
45703
45704
45705
45707
45708
45712
45713
45714
45715
45718
45719
45720
45723
45726
45727
45730
45731
45732
45735
45736
45738
45742
45743
45746
45750
45752
45760
45762
45770
45771
45772
45774
45775
45776
45781
45783
45784
45785
45787
45788
45790
45792
45794
45796
45798
45801
45802
45805
45807
45808
45811
45816
45822
45823
45827
45829
45830
45831
45832
45833
45834
45838
45842
45843
45845
45847
45849
45850
45852
45853
45854
45858
45859
45860
45861
45862
45863
45864
45866
45867
45868
45869
45872
45875
45876
45877
45878
45879
45881
45883
45884
45887
45888
45890
45893
45896
45898
45899
45900
45901
45902
45904
45905
45906
45908
45911
45916
45918
45919
45920
45922
45924
45926
45928
45930
45932
45933
45935
45936
45938
45940
45941
45943
45944
45948
45950
45952
45953
45954
45956
45959
45962
45965
45967
45968
45970
45972
45973
45975
45976
45979
45981
45983
45984
45989
45991
45992
45993
45994
45996
45998
45999
46001
46002
46003
46005
46006
46008
46009
46013
46015
46016
46017
46018
46022
46024
46026
46027
46028
46029
46031
46032
46033
46035
46039
46040
46041
46048
46050
46051
46052
46053
46055
46058
46059
46060
46061
46064
46066
46068
46069
46071
46073
46074
46076
46082
46084
46086
46088
46090
46091
46093
46094
46095
46097
46099
46100
46101
46104
46107
46108
46110
46111
46112
46113
46118
46120
46121
46123
46124
46127
46129
46132
46133
46138
46139
46142
46143
46146
46148
46149
46151
46154
46155
46156
46157
46160
46161
46162
46163
46164
46166
46168
46170
46171
46172
46177
46181
46182
46183
46184
46185
46189
46192
46193
46194
46195
46197
46199
46201
46203
46205
46206
46209
46210
46211
46212
46213
46216
46217
46219
46221
46222
46224
46228
46230
46231
46234
46238
46239
46242
46245
46247
46250
46251
46253
46254
46255
46257
46261
46264
46265
46266
46269
46270
46273
46277
46280
46283
46284
46285
46287
46288
46289
46290
46291
46293
46295
46296
46298
46299
46300
46302
46303
46306
46310
46315
46317
46324
46325
46326
46328
46333
46335
46338
46339
46341
46342
46343
46344
46346
46348
46349
46351
46352
46353
46356
46357
46361
46366
46367
46368
46369
46370
46372
46373
46374
46376
46377
46379
46383
46385
46388
46389
46393
46396
46397
46398
46399
46402
46403
46404
46407
46408
46410
46411
46418
46420
46421
46424
46426
46433
46434
46435
46436
46437
46438
46439
46441
46446
46448
46451
46454
46458
46459
46460
46461
46462
46464
46468
46471
46473
46474
46476
46478
46480
46481
46482
46483
46484
46485
46489
46490
46491
46493
46495
46497
46499
46500
46501
46505
46507
46508
46509
46510
46517
46518
46519
46520
46521
46522
46523
46525
46528
46531
46532
46535
46536
46537
46539
46547
46548
46549
46550
46552
46553
46554
46555
46557
46559
46560
46565
46566
46567
46568
46569
46571
46573
46574
46577
46578
46580
46584
46586
46587
46590
46591
46592
46595
46596
46597
46598
46599
46602
46604
46605
46608
46610
46611
46616
46617
46618
46620
46621
46625
46627
46628
46629
46630
46632
46633
46634
46637
46643
46646
46648
46649
46652
46653
46657
46659
46660
46661
46663
46664
46668
46670
46673
46676
46678
46679
46680
46682
46683
46685
46690
46693
46694
46695
46696
46697
46698
46699
46703
46704
46706
46708
46710
46712
46714
46715
46716
46717
46720
46721
46724
46727
46729
46730
46734
46736
46737
46739
46747
46749
46751
46754
46755
46756
46757
46758
46760
46761
46762
46763
46767
46768
46769
46770
46772
46773
46776
46779
46781
46784
46785
46786
46787
46790
46793
46799
46804
46806
46808
46809
46814
46815
46819
46820
46822
46825
46826
46829
46830
46832
46838
46839
46843
46848
46850
46853
46857
46860
46862
46864
46866
46867
46870
46877
46878
46881
46882
46886
46889
46890
46892
46894
46899
46903
46913
46914
46918
46919
46921
46922
46923
46924
46925
46926
46927
46928
46930
46931
46932
46937
46938
46942
46944
46945
46946
46947
46949
46951
46953
46955
46956
46957
46961
46962
46963
46964
46965
46966
46968
46972
46973
46974
46975
46977
46981
46983
46985
46988
46989
46995
46997
47000
47001
47002
47003
47006
47009
47010
47014
47015
47016
47017
47020
47022
47026
47029
47033
47045
47049
47051
47055
47059
47060
47062
47063
47064
47065
47066
47067
47070
47072
47074
47075
47077
47078
47080
47081
47086
47087
47090
47091
47092
47095
47096
47100
47103
47104
47105
47106
47108
47109
47110
47111
47114
47122
47123
47126
47130
47131
47132
47133
47134
47138
47139
47140
47144
47146
47147
47148
47149
47152
47153
47154
47158
47160
47163
47164
47165
47172
47173
47176
47177
47179
47180
47183
47185
47187
47188
47189
47193
47194
47198
47201
47204
47205
47206
47209
47210
47211
47212
47214
47216
47218
47219
47222
47224
47232
47237
47238
47240
47241
47243
47246
47248
47249
47251
47252
47253
47254
47259
47260
47262
47264
47265
47266
47270
47272
47275
47276
47278
47279
47280
47282
47283
47285
47286
47288
47289
47291
47292
47293
47296
47299
47300
47301
47303
47304
47305
47307
47310
47313
47315
47317
47320
47321
47322
47324
47326
47327
47328
47329
47334
47336
47338
47340
47341
47344
47345
47347
47350
47351
47353
47354
47355
47356
47357
47358
47362
47364
47365
47366
47368
47370
47371
47374
47378
47380
47381
47385
47386
47387
47389
47391
47392
47393
47394
47398
47399
47404
47405
47406
47407
47410
47411
47412
47413
47415
47416
47417
47418
47421
47424
47427
47432
47433
47434
47436
47437
47438
47439
47440
47442
47443
47450
47451
47452
47455
47457
47461
47463
47464
47468
47470
47471
47472
47473
47476
47477
47479
47480
47482
47484
47485
47492
47493
47494
47495
47496
47500
47501
47502
47503
47504
47506
47510
47512
47514
47517
47519
47524
47525
47526
47527
47532
47535
47539
47540
47543
47544
47547
47548
47553
47554
47558
47559
47561
47563
47567
47571
47573
47574
47577
47579
47585
47586
47587
47588
47589
47590
47592
47593
47594
47596
47609
47612
47614
47615
47620
47622
47624
47625
47626
47627
47628
47629
47631
47634
47635
47639
47640
47641
47645
47646
47647
47649
47654
47655
47658
47659
47663
47665
47667
47669
47673
47675
47676
47677
47678
47680
47681
47685
47688
47692
47694
47696
47697
47698
47700
47703
47705
47709
47711
47717
47718
47719
47722
47726
47730
47731
47733
47734
47737
47739
47743
47744
47753
47755
47758
47759
47760
47763
47764
47765
47768
47769
47771
47773
47774
47775
47776
47778
47780
47781
47782
47784
47788
47790
47791
47792
47793
47796
47797
47800
47801
47802
47805
47807
47808
47812
47813
47817
47821
47822
47824
47825
47828
47829
47831
47832
47836
47837
47842
47846
47848
47849
47851
47852
47854
47856
47857
47861
47863
47869
47870
47872
47874
47879
47885
47889
47891
47892
47893
47897
47898
47901
47904
47905
47906
47907
47910
47912
47913
47914
47915
47916
47918
47919
47921
47925
47927
47928
47929
47930
47932
47933
47935
47937
47939
47942
47943
47944
47952
47957
47958
47959
47960
47962
47964
47966
47970
47973
47974
47977
47979
47980
47983
47984
47985
47987
47988
47989
47993
47995
47997
47999
48002
48003
48004
48005
48007
48008
48014
48015
48017
48021
48022
48023
48024
48026
48028
48029
48030
48033
48034
48036
48037
48039
48041
48043
48044
48047
48055
48056
48058
48063
48068
48069
48070
48071
48073
48076
48077
48078
48080
48081
48082
48084
48086
48088
48089
48093
48095
48098
48102
48109
48110
48112
48113
48114
48116
48117
48118
48119
48124
48125
48127
48129
48133
48134
48136
48138
48140
48142
48143
48144
48145
48148
48150
48152
48153
48154
48156
48159
48161
48163
48164
48166
48167
48169
48172
48176
48179
48180
48181
48183
48184
48185
48188
48189
48193
48198
48200
48203
48204
48205
48206
48209
48210
48213
48215
48217
48218
48219
48221
48222
48223
48229
48230
48232
48233
48237
48242
48243
48244
48245
48248
48260
48261
48264
48265
48269
48270
48271
48274
48275
48277
48279
48281
48282
48285
48286
48292
48293
48295
48296
48297
48302
48303
48304
48308
48309
48310
48311
48313
48315
48316
48318
48320
48321
48322
48323
48326
48328
48330
48331
48332
48335
48338
48340
48342
48343
48345
48346
48347
48349
48351
48352
48354
48357
48358
48359
48360
48361
48366
48369
48370
48371
48372
48373
48377
48381
48386
48387
48389
48391
48394
48395
48396
48397
48398
48401
48402
48403
48406
48408
48409
48411
48412
48413
48417
48419
48420
48423
48424
48427
48429
48430
48434
48436
48437
48438
48440
48444
48452
48453
48454
48455
48456
48459
48460
48461
48463
48468
48473
48477
48478
48480
48482
48483
48484
48485
48489
48490
48494
48496
48500
48501
48502
48503
48504
48507
48508
48509
48510
48518
48519
48521
48524
48525
48526
48528
48529
48531
48532
48536
48538
48540
48542
48544
48547
48551
48553
48554
48555
48559
48560
48564
48565
48566
48567
48569
48572
48573
48575
48576
48577
48583
48584
48591
48592
48593
48594
48595
48596
48603
48604
48608
48611
48622
48628
48630
48631
48632
48636
48641
48645
48647
48648
48654
48655
48658
48659
48660
48667
48668
48671
48673
48678
48681
48684
48685
48688
48689
48690
48696
48700
48702
48703
48704
48706
48708
48710
48713
48715
48716
48718
48720
48721
48723
48724
48728
48730
48733
48735
48739
48743
48745
48749
48752
48753
48754
48755
48757
48759
48763
48765
48767
48768
48769
48772
48773
48776
48778
48782
48785
48786
48787
48788
48790
48791
48796
48797
48802
48804
48805
48807
48808
48810
48811
48814
48815
48816
48817
48819
48821
48825
48826
48827
48829
48831
48834
48836
48839
48840
48841
48842
48843
48844
48847
48851
48855
48856
48862
48864
48865
48867
48868
48870
48872
48874
48875
48876
48877
48879
48881
48884
48885
48886
48887
48889
48890
48893
48894
48898
48902
48903
48906
48907
48908
48909
48910
48911
48912
48917
48918
48922
48924
48925
48926
48927
48928
48932
48937
48939
48943
48945
48946
48950
48955
48956
48957
48958
48959
48961
48963
48964
48967
48970
48972
48973
48975
48976
48978
48981
48982
48995
48999
49000
49002
49006
49009
49010
49016
49018
49019
49023
49024
49028
49029
49031
49032
49034
49037
49038
49039
49040
49041
49042
49043
49044
49048
49051
49054
49057
49058
49060
49061
49063
49064
49067
49069
49070
49073
49074
49075
49077
49078
49080
49083
49084
49088
49089
49091
49097
49098
49100
49101
49102
49105
49107
49108
49109
49110
49112
49113
49120
49121
49123
49124
49125
49126
49130
49131
49132
49134
49135
49136
49143
49144
49146
49147
49150
49151
49153
49154
49156
49157
49159
49160
49161
49162
49164
49165
49166
49170
49171
49172
49183
49186
49190
49195
49203
49204
49205
49209
49210
49212
49213
49217
49219
49220
49221
49222
49227
49228
49229
49231
49237
49238
49239
49243
49245
49248
49250
49252
49256
49258
49259
49262
49264
49265
49267
49271
49272
49278
49279
49280
49282
49283
49287
49289
49291
49292
49296
49303
49304
49305
49309
49310
49311
49312
49313
49314
49316
49317
49320
49321
49322
49325
49326
49327
49328
49332
49333
49334
49336
49337
49338
49339
49340
49343
49346
49347
49348
49351
49353
49355
49356
49360
49363
49364
49365
49367
49368
49369
49370
49372
49374
49376
49377
49379
49381
49382
49386
49388
49390
49392
49393
49394
49395
49396
49399
49403
49405
49407
49408
49410
49411
49412
49415
49416
49419
49422
49424
49427
49431
49432
49435
49436
49442
49443
49445
49448
49451
49456
49458
49462
49464
49465
49468
49469
49472
49475
49476
49477
49479
49480
49481
49482
49485
49488
49491
49496
49498
49499
49500
49501
49503
49508
49512
49513
49516
49523
49525
49527
49530
49532
49534
49537
49539
49541
49545
49546
49547
49550
49553
49554
49555
49556
49557
49558
49560
49563
49564
49569
49570
49571
49573
49574
49577
49579
49581
49583
49586
49592
49593
49596
49597
49600
49604
49606
49607
49608
49612
49617
49619
49620
49621
49622
49623
49625
49627
49632
49634
49639
49640
49645
49647
49649
49650
49652
49653
49654
49657
49658
49663
49664
49665
49666
49669
49672
49678
49684
49691
49693
49695
49696
49697
49698
49701
49703
49705
49708
49709
49710
49711
49712
49713
49715
49716
49718
49719
49722
49723
49724
49725
49728
49729
49732
49733
49738
49744
49747
49748
49749
49752
49753
49754
49759
49765
49769
49771
49772
49773
49776
49779
49785
49787
49788
49790
49792
49795
49796
49799
49800
49801
49807
49808
49810
49813
49814
49815
49823
49825
49828
49831
49834
49835
49836
49838
49839
49844
49845
49848
49855
49857
49858
49859
49860
49863
49868
49869
49870
49871
49873
49875
49876
49877
49880
49882
49884
49886
49887
49890
49893
49897
49898
49900
49906
49907
49912
49913
49914
49916
49917
49918
49922
49926
49927
49928
49929
49931
49932
49933
49937
49938
49939
49940
49941
49942
49943
49945
49946
49948
49949
49954
49955
49956
49959
49960
49963
49964
49967
49968
49969
49970
49971
49972
49973
49975
49977
49986
49988
49989
49990
49991
49992
49993
49994
49995
49998
49999
50007
50009
50011
50012
50014
50016
50017
50020
50021
50024
50027
50028
50029
50030
50032
50033
50034
50036
50039
50044
50046
50049
50054
50057
50058
50061
50065
50066
50067
50069
50073
50074
50075
50076
50079
50080
50081
50083
50084
50087
50089
50090
50093
50094
50095
50096
50098
50099
50100
50101
50103
50104
50105
50106
50107
50110
50111
50113
50115
50118
50120
50123
50124
50128
50133
50136
50137
50139
50142
50143
50147
50148
50151
50153
50158
50160
50161
50162
50163
50168
50170
50173
50174
50176
50178
50180
50185
50186
50187
50188
50189
50190
50192
50194
50196
50197
50199
50201
50202
50203
50204
50209
50210
50215
50217
50222
50224
50225
50226
50229
50231
50233
50235
50237
50239
50240
50242
50245
50246
50247
50249
50250
50254
50255
50257
50258
50260
50263
50267
50272
50273
50275
50276
50278
50281
50283
50284
50285
50288
50292
50293
50296
50297
50299
50301
50304
50305
50307
50309
50310
50317
50318
50320
50326
50331
50332
50333
50334
50336
50340
50341
50342
50344
50345
50346
50348
50350
50352
50353
50354
50357
50358
50359
50360
50361
50365
50366
50367
50369
50374
50376
50377
50379
50386
50389
50390
50394
50399
50400
50402
50407
50413
50414
50417
50425
50426
50427
50428
50433
50437
50438
50441
50443
50447
50450
50451
50452
50453
50454
50457
50459
50460
50465
50466
50468
50471
50472
50474
50477
50480
50488
50491
50492
50494
50495
50499
50500
50502
50504
50505
50506
50507
50508
50509
50514
50515
50524
50525
50527
50534
50535
50538
50539
50541
50543
50545
50547
50548
50550
50552
50554
50558
50559
50561
50564
50567
50568
50570
50572
50573
50574
50577
50578
50580
50581
50582
50584
50588
50589
50590
50591
50592
50601
50602
50605
50607
50609
50612
50614
50615
50617
50621
50625
50628
50630
50632
50633
50634
50635
50638
50643
50644
50648
50651
50653
50654
50656
50658
50660
50663
50665
50667
50669
50671
50679
50688
50690
50691
50692
50693
50700
50702
50703
50705
50707
50713
50714
50715
50716
50717
50719
50721
50725
50726
50727
50729
50731
50732
50733
50734
50736
50737
50738
50743
50746
50749
50750
50751
50756
50763
50764
50766
50767
50768
50769
50770
50774
50779
50781
50783
50786
50790
50791
50793
50803
50811
50812
50813
50815
50817
50819
50820
50821
50823
50827
50831
50832
50833
50838
50841
50842
50844
50845
50846
50848
50849
50850
50853
50854
50855
50856
50860
50861
50862
50863
50865
50867
50870
50871
50875
50876
50877
50879
50882
50885
50891
50892
50893
50894
50897
50900
50903
50905
50906
50910
50915
50919
50920
50921
50922
50923
50931
50932
50933
50934
50935
50937
50938
50943
50944
50945
50947
50949
50951
50952
50953
50955
50959
50962
50965
50970
50971
50973
50975
50976
50977
50981
50983
50984
50985
50987
50988
50989
50990
50991
50992
50993
50998
51000
51001
51004
51005
51006
51008
51010
51011
51012
51014
51016
51017
51018
51021
51024
51026
51028
51031
51032
51035
51042
51043
51046
51047
51048
51051
51052
51054
51056
51058
51059
51060
51063
51067
51070
51071
51073
51075
51076
51078
51079
51080
51081
51083
51085
51087
51089
51091
51092
51098
51099
51102
51103
51105
51110
51111
51112
51113
51116
51119
51121
51123
51128
51129
51133
51135
51137
51138
51139
51140
51142
51144
51145
51154
51155
51157
51158
51159
51162
51168
51169
51170
51171
51172
51175
51177
51178
51179
51180
51183
51185
51186
51187
51189
51190
51191
51194
51199
51201
51202
51203
51204
51205
51206
51207
51209
51211
51215
51216
51218
51219
51220
51221
51224
51225
51228
51229
51231
51234
51237
51239
51241
51247
51253
51260
51268
51269
51270
51272
51273
51274
51275
51278
51282
51285
51286
51287
51290
51292
51296
51297
51299
51301
51304
51305
51307
51317
51319
51323
51324
51331
51333
51334
51336
51337
51338
51339
51343
51344
51345
51347
51350
51351
51356
51357
51358
51359
51360
51362
51364
51365
51368
51372
51375
51376
51379
51380
51381
51382
51384
51386
51388
51389
51390
51392
51393
51395
51398
51399
51401
51403
51404
51405
51406
51407
51411
51413
51414
51416
51418
51420
51422
51425
51426
51432
51435
51439
51442
51443
51448
51449
51450
51451
51453
51454
51455
51456
51457
51458
51459
51460
51461
51463
51464
51467
51469
51470
51474
51476
51479
51481
51482
51485
51486
51487
51489
51491
51492
51493
51494
51495
51497
51498
51499
51502
51503
51505
51514
51515
51516
51519
51520
51525
51529
51534
51535
51538
51541
51544
51549
51553
51554
51556
51560
51561
51563
51564
51567
51570
51571
51574
51575
51576
51577
51580
51586
51587
51588
51595
51596
51598
51599
51600
51601
51602
51609
51610
51612
51616
51619
51622
51623
51624
51625
51631
51635
51637
51638
51640
51642
51644
51652
51654
51657
51658
51662
51663
51665
51666
51667
51672
51675
51676
51680
51683
51690
51691
51692
51693
51694
51695
51698
51700
51701
51703
51711
51712
51714
51716
51718
51719
51721
51722
51726
51727
51728
51730
51731
51733
51735
51740
51741
51745
51746
51747
51748
51755
51756
51761
51762
51763
51764
51765
51770
51773
51774
51775
51779
51781
51782
51783
51784
51785
51790
51792
51794
51795
51796
51797
51808
51809
51812
51814
51816
51817
51819
51820
51822
51826
51831
51833
51834
51835
51836
51838
51841
51842
51850
51852
51853
51854
51855
51856
51857
51859
51860
51862
51863
51864
51868
51870
51871
51874
51875
51876
51877
51878
51882
51883
51886
51888
51891
51893
51895
51898
51902
51903
51905
51908
51911
51913
51917
51918
51919
51922
51924
51926
51927
51929
51930
51932
51933
51934
51935
51936
51939
51946
51947
51948
51952
51953
51954
51955
51958
51959
51966
51967
51968
51969
51974
51976
51977
51981
51983
51984
51989
51990
51993
51997
52001
52008
52011
52012
52013
52014
52015
52017
52018
52019
52022
52023
52026
52027
52031
52034
52037
52038
52039
52040
52041
52044
52046
52048
52049
52051
52053
52055
52057
52058
52059
52063
52065
52068
52070
52075
52078
52081
52082
52085
52086
52091
52092
52097
52099
52105
52106
52108
52109
52112
52116
52117
52118
52124
52125
52131
52132
52133
52136
52137
52138
52139
52140
52141
52142
52144
52145
52146
52148
52149
52150
52151
52152
52153
52154
52155
52157
52158
52159
52165
52167
52172
52175
52176
52178
52179
52181
52184
52189
52191
52193
52195
52197
52199
52202
52211
52213
52214
52215
52218
52221
52222
52223
52226
52228
52230
52231
52232
52234
52237
52238
52239
52240
52242
52243
52250
52251
52254
52256
52262
52264
52267
52268
52269
52270
52272
52274
52275
52278
52279
52281
52285
52287
52288
52290
52294
52295
52297
52300
52302
52303
52304
52305
52306
52307
52308
52309
52310
52311
52312
52317
52318
52320
52323
52329
52332
52333
52336
52339
52340
52341
52342
52346
52348
52349
52351
52353
52354
52357
52359
52361
52363
52365
52367
52371
52372
52373
52374
52379
52381
52383
52385
52386
52390
52391
52392
52393
52394
52395
52397
52398
52400
52401
52402
52405
52408
52411
52412
52413
52416
52419
52421
52422
52424
52425
52426
52428
52429
52433
52434
52436
52437
52440
52441
52443
52444
52446
52447
52448
52449
52450
52451
52452
52453
52455
52457
52459
52461
52465
52467
52468
52470
52473
52476
52477
52478
52481
52482
52483
52486
52487
52489
52490
52493
52494
52496
52498
52500
52501
52502
52507
52508
52513
52514
52515
52516
52519
52520
52524
52525
52533
52546
52549
52551
52555
52556
52557
52560
52561
52562
52563
52565
52567
52569
52572
52573
52575
52582
52584
52590
52592
52593
52594
52597
52601
52602
52603
52604
52606
52609
52610
52612
52614
52615
52618
52621
52622
52624
52625
52626
52628
52629
52633
52634
52635
52638
52640
52641
52642
52643
52645
52651
52652
52653
52662
52663
52665
52670
52673
52676
52677
52678
52680
52681
52682
52685
52686
52695
52696
52698
52699
52703
52707
52709
52711
52712
52713
52718
52722
52723
52726
52727
52730
52731
52732
52733
52736
52737
52738
52739
52742
52744
52746
52749
52750
52753
52754
52757
52760
52761
52763
52766
52767
52771
52773
52775
52776
52779
52780
52782
52783
52786
52788
52789
52790
52796
52797
52798
52801
52802
52811
52812
52815
52816
52818
52819
52821
52823
52824
52825
52826
52827
52829
52830
52832
52833
52836
52837
52838
52840
52843
52848
52850
52852
52853
52854
52855
52856
52860
52862
52865
52866
52867
52876
52877
52879
52883
52886
52887
52894
52900
52902
52903
52904
52910
52916
52917
52920
52923
52926
52931
52932
52933
52934
52935
52938
52940
52941
52943
52945
52946
52948
52949
52951
52953
52954
52955
52958
52960
52961
52962
52963
52964
52965
52966
52967
52968
52969
52970
52971
52973
52975
52976
52978
52979
52980
52983
52984
52985
52992
52993
52995
52998
53001
53003
53005
53007
53009
53012
53016
53018
53019
53020
53021
53023
53026
53027
53030
53032
53037
53038
53041
53044
53045
53048
53057
53058
53064
53067
53069
53070
53071
53072
53080
53083
53084
53087
53088
53090
53096
53099
53100
53102
53103
53105
53106
53108
53109
53111
53115
53116
53118
53121
53125
53136
53140
53141
53147
53150
53152
53153
53155
53162
53164
53166
53167
53170
53171
53172
53174
53175
53177
53179
53180
53182
53185
53187
53192
53194
53196
53198
53207
53211
53218
53221
53226
53228
53230
53235
53236
53237
53238
53240
53244
53245
53247
53248
53251
53253
53254
53256
53257
53258
53261
53264
53265
53267
53269
53270
53272
53274
53275
53276
53277
53278
53280
53282
53283
53286
53293
53295
53296
53297
53298
53300
53302
53304
53307
53309
53310
53313
53315
53317
53319
53322
53326
53330
53336
53339
53340
53341
53343
53344
53345
53346
53347
53350
53356
53358
53359
53361
53363
53364
53369
53378
53379
53380
53381
53383
53384
53390
53392
53396
53399
53400
53402
53403
53405
53406
53415
53419
53423
53429
53432
53433
53434
53435
53438
53439
53441
53442
53447
53449
53450
53451
53452
53454
53455
53458
53461
53463
53464
53465
53466
53472
53475
53478
53479
53482
53483
53485
53486
53488
53489
53492
53495
53496
53498
53499
53501
53503
53507
53508
53511
53512
53518
53523
53525
53526
53528
53530
53531
53532
53533
53535
53536
53538
53539
53540
53541
53546
53547
53549
53550
53557
53559
53566
53567
53568
53571
53574
53575
53576
53577
53579
53580
53582
53583
53589
53590
53591
53596
53598
53601
53605
53606
53609
53612
53613
53616
53617
53618
53619
53621
53624
53627
53637
53638
53639
53640
53642
53645
53646
53648
53650
53653
53654
53656
53661
53662
53663
53665
53666
53670
53671
53672
53673
53678
53679
53682
53684
53685
53686
53688
53691
53692
53695
53697
53698
53700
53701
53702
53705
53706
53707
53708
53709
53712
53715
53724
53725
53727
53729
53732
53739
53746
53747
53749
53751
53753
53754
53757
53759
53761
53764
53768
53772
53774
53776
53778
53780
53781
53782
53783
53784
53785
53786
53787
53790
53791
53792
53794
53795
53797
53798
53800
53805
53806
53810
53812
53817
53818
53820
53822
53823
53824
53826
53829
53837
53838
53844
53845
53847
53850
53851
53857
53860
53865
53866
53868
53871
53876
53879
53881
53886
53889
53897
53898
53899
53900
53902
53904
53905
53907
53908
53913
53914
53915
53916
53922
53924
53927
53931
53938
53940
53942
53951
53952
53954
53955
53959
53961
53962
53964
53968
53969
53970
53971
53975
53977
53979
53981
53984
53985
53989
53992
53993
53995
54001
54004
54005
54006
54008
54009
54013
54014
54015
54018
54020
54022
54029
54030
54031
54032
54033
54034
54035
54040
54043
54044
54045
54047
54048
54051
54052
54056
54059
54060
54061
54066
54067
54072
54074
54076
54078
54081
54084
54086
54088
54090
54094
54097
54098
54100
54102
54108
54109
54111
54112
54114
54115
54116
54117
54119
54120
54124
54125
54126
54129
54133
54134
54136
54137
54138
54147
54149
54150
54154
54157
54159
54164
54165
54173
54183
54184
54186
54187
54188
54190
54192
54202
54206
54209
54210
54211
54214
54215
54217
54218
54219
54225
54227
54231
54233
54237
54239
54241
54242
54243
54244
54245
54248
54250
54251
54252
54253
54255
54258
54263
54264
54265
54270
54272
54279
54281
54284
54286
54287
54288
54292
54295
54296
54302
54304
54309
54310
54312
54314
54315
54320
54321
54322
54323
54324
54325
54326
54327
54328
54331
54332
54333
54334
54338
54341
54342
54344
54348
54350
54351
54353
54354
54356
54360
54365
54367
54369
54375
54377
54378
54379
54380
54381
54383
54386
54388
54389
54390
54392
54394
54395
54397
54399
54406
54408
54409
54412
54414
54416
54420
54424
54425
54430
54431
54433
54438
54444
54446
54449
54454
54457
54458
54461
54462
54463
54466
54469
54472
54474
54476
54477
54481
54484
54488
54493
54497
54498
54499
54503
54504
54507
54510
54512
54517
54518
54520
54521
54526
54527
54529
54531
54533
54534
54537
54539
54541
54551
54553
54554
54555
54556
54557
54561
54562
54564
54570
54571
54572
54573
54574
54578
54580
54582
54583
54584
54585
54586
54587
54589
54590
54591
54593
54595
54596
54597
54599
54600
54601
54602
54603
54607
54608
54612
54622
54624
54625
54627
54628
54630
54631
54633
54634
54638
54640
54641
54642
54648
54654
54660
54664
54665
54667
54668
54670
54671
54674
54675
54678
54681
54682
54683
54684
54685
54686
54688
54691
54693
54695
54697
54699
54702
54703
54704
54705
54709
54712
54713
54714
54716
54717
54718
54719
54726
54731
54732
54733
54734
54738
54740
54741
54745
54747
54749
54750
54751
54752
54753
54754
54756
54757
54759
54761
54762
54766
54769
54770
54771
54774
54778
54779
54782
54784
54788
54789
54793
54794
54796
54799
54802
54804
54809
54813
54814
54816
54818
54820
54823
54827
54832
54833
54837
54841
54842
54848
54851
54852
54853
54855
54856
54860
54861
54865
54866
54867
54869
54871
54872
54873
54874
54878
54879
54882
54883
54884
54886
54887
54889
54891
54892
54894
54896
54897
54898
54900
54902
54903
54908
54909
54912
54917
54919
54920
54922
54925
54929
54931
54933
54934
54935
54936
54946
54952
54955
54958
54961
54962
54964
54965
54967
54975
54984
54985
54986
54991
54992
54993
54994
54997
54998
55000
55002
55007
55008
55012
55016
55018
55019
55020
55024
55025
55026
55027
55029
55030
55034
55036
55039
55042
55045
55046
55047
55049
55054
55060
55061
55062
55064
55066
55067
55068
55069
55071
55073
55075
55076
55079
55081
55082
55084
55085
55087
55088
55089
55090
55099
55101
55102
55106
55108
55110
55112
55113
55114
55115
55116
55119
55122
55124
55126
55127
55129
55130
55131
55132
55134
55135
55138
55139
55140
55142
55146
55147
55148
55149
55150
55151
55152
55157
55158
55163
55164
55169
55170
55171
55172
55173
55174
55175
55185
55188
55189
55190
55195
55196
55203
55204
55205
55208
55209
55210
55211
55213
55217
55218
55221
55223
55224
55226
55227
55232
55235
55236
55238
55240
55249
55252
55253
55256
55257
55259
55260
55261
55266
55271
55274
55275
55278
55284
55287
55288
55289
55293
55294
55296
55297
55304
55305
55308
55311
55312
55314
55316
55317
55318
55320
55321
55322
55330
55331
55333
55334
55339
55340
55342
55344
55347
55348
55350
55352
55353
55354
55357
55358
55360
55361
55363
55367
55368
55370
55372
55373
55374
55375
55377
55378
55383
55384
55385
55387
55394
55395
55399
55400
55402
55403
55406
55409
55411
55414
55415
55419
55421
55422
55424
55425
55428
55429
55431
55432
55434
55435
55436
55438
55439
55440
55441
55442
55444
55445
55446
55448
55451
55452
55456
55457
55459
55461
55463
55464
55465
55471
55472
55477
55478
55482
55483
55484
55488
55490
55491
55492
55497
55499
55501
55503
55507
55508
55509
55512
55516
55521
55526
55530
55531
55535
55539
55543
55544
55545
55546
55549
55551
55552
55555
55557
55558
55559
55560
55561
55564
55566
55571
55572
55573
55574
55575
55581
55582
55587
55588
55600
55601
55602
55603
55606
55610
55613
55616
55618
55619
55622
55625
55626
55628
55634
55635
55639
55643
55645
55652
55653
55654
55657
55662
55664
55665
55666
55667
55668
55670
55671
55673
55676
55677
55678
55680
55683
55686
55687
55688
55689
55691
55692
55699
55700
55703
55704
55705
55707
55710
55712
55713
55717
55718
55719
55721
55722
55723
55725
55729
55730
55733
55737
55740
55743
55744
55747
55748
55750
55753
55755
55761
55762
55763
55767
55769
55771
55774
55778
55779
55780
55781
55782
55786
55789
55791
55792
55796
55797
55799
55800
55802
55803
55804
55805
55807
55809
55810
55813
55816
55818
55823
55825
55826
55831
55832
55833
55834
55838
55839
55842
55844
55846
55848
55851
55853
55856
55857
55858
55860
55864
55866
55867
55868
55871
55872
55876
55877
55879
55881
55884
55885
55889
55893
55897
55899
55901
55903
55905
55911
55913
55914
55917
55918
55923
55924
55927
55930
55931
55932
55933
55936
55938
55940
55941
55942
55943
55946
55947
55948
55949
55950
55954
55955
55956
55957
55958
55960
55964
55965
55968
55971
55975
55977
55979
55983
55985
55989
55991
55993
55994
55997
56001
56002
56004
56006
56008
56009
56012
56017
56018
56024
56028
56029
56030
56031
56034
56035
56042
56044
56047
56048
56051
56054
56055
56057
56063
56066
56067
56068
56073
56074
56075
56076
56082
56084
56088
56091
56092
56093
56095
56096
56099
56102
56105
56107
56108
56111
56120
56121
56122
56124
56127
56128
56130
56133
56135
56139
56140
56141
56142
56143
56144
56146
56149
56150
56153
56154
56162
56163
56165
56166
56169
56172
56174
56178
56179
56180
56182
56187
56193
56194
56195
56197
56198
56201
56202
56205
56207
56209
56212
56216
56217
56222
56227
56229
56232
56235
56236
56238
56239
56240
56241
56243
56246
56248
56250
56251
56254
56255
56256
56259
56261
56262
56263
56264
56265
56267
56268
56273
56274
56275
56276
56277
56280
56281
56283
56284
56285
56291
56293
56296
56298
56300
56301
56303
56306
56307
56313
56315
56316
56317
56320
56325
56326
56328
56332
56340
56341
56342
56343
56348
56349
56351
56352
56354
56358
56360
56363
56364
56367
56370
56373
56374
56376
56377
56378
56385
56386
56387
56392
56393
56395
56397
56398
56403
56411
56415
56416
56419
56421
56422
56425
56430
56433
56435
56437
56438
56439
56440
56441
56443
56445
56448
56452
56455
56458
56459
56460
56461
56464
56465
56466
56467
56468
56475
56478
56480
56481
56482
56484
56485
56488
56489
56490
56491
56493
56495
56496
56497
56501
56504
56506
56507
56511
56514
56518
56519
56525
56526
56527
56528
56532
56535
56536
56538
56540
56541
56542
56545
56546
56547
56548
56551
56552
56553
56554
56555
56557
56558
56561
56564
56566
56568
56570
56572
56575
56578
56583
56584
56595
56597
56598
56603
56604
56606
56608
56617
56623
56624
56627
56628
56631
56633
56641
56643
56650
56652
56660
56662
56665
56670
56672
56675
56677
56682
56684
56685
56686
56688
56691
56692
56695
56698
56699
56703
56708
56710
56713
56715
56720
56723
56724
56727
56728
56729
56730
56731
56732
56733
56736
56738
56741
56743
56744
56745
56748
56749
56750
56751
56754
56757
56759
56760
56761
56764
56767
56768
56772
56773
56775
56780
56784
56785
56788
56791
56793
56796
56797
56801
56805
56812
56814
56816
56817
56819
56823
56826
56827
56829
56830
56833
56835
56837
56839
56840
56845
56848
56852
56855
56856
56858
56859
56860
56871
56877
56879
56881
56885
56886
56887
56888
56890
56892
56894
56896
56897
56899
56900
56903
56905
56906
56911
56912
56913
56919
56923
56925
56928
56929
56930
56932
56933
56936
56937
56940
56943
56944
56946
56948
56950
56952
56953
56958
56960
56962
56966
56967
56968
56970
56973
56974
56975
56976
56977
56978
56980
56981
56986
56987
56989
56994
56995
56996
56997
57000
57002
57006
57009
57010
57013
57017
57018
57019
57020
57021
57024
57026
57027
57028
57030
57032
57035
57036
57038
57039
57042
57043
57044
57047
57048
57050
57051
57052
57053
57055
57057
57060
57061
57062
57064
57065
57068
57069
57074
57078
57079
57080
57081
57084
57085
57086
57087
57089
57094
57099
57101
57104
57105
57106
57108
57109
57111
57112
57114
57115
57121
57124
57125
57128
57130
57131
57135
57136
57138
57139
57146
57149
57154
57156
57157
57158
57160
57163
57164
57165
57167
57172
57173
57176
57177
57179
57182
57183
57189
57190
57194
57199
57200
57201
57202
57206
57208
57212
57215
57226
57227
57229
57230
57235
57238
57239
57241
57242
57244
57245
57246
57247
57248
57250
57258
57259
57260
57267
57271
57277
57282
57283
57284
57287
57288
57289
57290
57291
57292
57296
57297
57302
57304
57306
57308
57313
57316
57319
57326
57330
57331
57334
57335
57338
57345
57350
57352
57354
57355
57357
57358
57360
57361
57363
57369
57372
57374
57376
57378
57382
57384
57385
57388
57389
57390
57393
57394
57396
57400
57402
57404
57406
57407
57409
57411
57415
57416
57419
57420
57423
57424
57427
57431
57432
57435
57436
57439
57448
57449
57451
57453
57455
57458
57460
57461
57463
57464
57465
57467
57468
57469
57471
57474
57475
57477
57480
57484
57485
57488
57489
57491
57496
57497
57498
57500
57501
57507
57508
57510
57511
57515
57517
57518
57519
57520
57521
57522
57524
57525
57534
57536
57537
57542
57545
57547
57549
57550
57551
57554
57555
57556
57558
57559
57561
57563
57571
57576
57582
57583
57584
57585
57586
57587
57589
57590
57592
57596
57597
57599
57601
57604
57608
57609
57610
57611
57615
57616
57618
57619
57627
57631
57634
57635
57637
57638
57643
57644
57646
57647
57648
57649
57651
57653
57655
57656
57657
57659
57660
57661
57663
57664
57671
57675
57677
57678
57679
57680
57685
57686
57687
57689
57691
57692
57694
57698
57699
57700
57705
57706
57708
57709
57710
57713
57714
57715
57716
57717
57722
57724
57725
57726
57727
57728
57732
57733
57734
57738
57739
57741
57742
57744
57745
57746
57749
57755
57756
57758
57760
57761
57762
57765
57768
57769
57772
57773
57775
57780
57784
57785
57790
57796
57797
57798
57799
57805
57807
57809
57810
57811
57814
57818
57824
57831
57832
57835
57840
57844
57845
57846
57848
57857
57859
57861
57863
57864
57867
57870
57871
57873
57874
57878
57881
57883
57885
57890
57895
57898
57899
57900
57901
57902
57904
57905
57906
57908
57909
57911
57913
57914
57927
57928
57932
57934
57935
57939
57947
57948
57953
57955
57956
57957
57959
57960
57961
57962
57964
57966
57970
57971
57976
57977
57980
57981
57982
57986
57989
57992
57994
57996
57997
57998
57999
58001
58003
58004
58006
58008
58011
58013
58020
58021
58022
58024
58025
58027
58034
58038
58039
58040
58047
58058
58063
58064
58066
58068
58070
58071
58073
58076
58078
58085
58087
58093
58097
58098
58102
58103
58106
58108
58110
58112
58114
58115
58117
58118
58120
58122
58124
58126
58128
58130
58133
58136
58139
58140
58141
58142
58143
58145
58150
58153
58154
58158
58159
58160
58167
58169
58170
58171
58172
58173
58179
58183
58186
58188
58190
58192
58193
58194
58196
58197
58201
58205
58206
58213
58215
58216
58217
58219
58220
58221
58223
58225
58230
58235
58236
58239
58242
58243
58244
58246
58248
58251
58252
58256
58257
58261
58264
58266
58268
58271
58272
58276
58277
58278
58279
58282
58288
58289
58292
58293
58300
58302
58304
58305
58307
58308
58309
58310
58312
58313
58317
58320
58321
58328
58332
58333
58336
58340
58341
58344
58345
58350
58351
58354
58356
58359
58362
58363
58369
58371
58373
58382
58383
58384
58387
58391
58392
58396
58398
58399
58400
58405
58407
58408
58410
58411
58417
58418
58420
58423
58424
58426
58430
58431
58432
58434
58435
58439
58443
58444
58445
58446
58447
58449
58454
58456
58458
58459
58460
58463
58467
58469
58474
58480
58482
58488
58490
58495
58496
58497
58499
58501
58502
58504
58507
58508
58509
58510
58511
58514
58516
58518
58522
58523
58525
58526
58527
58532
58535
58539
58540
58542
58543
58544
58549
58550
58552
58553
58554
58555
58560
58562
58564
58565
58567
58571
58572
58578
58581
58582
58585
58586
58591
58593
58594
58597
58599
58603
58605
58607
58609
58610
58614
58615
58617
58623
58624
58631
58634
58635
58638
58640
58641
58643
58645
58648
58651
58652
58653
58655
58656
58659
58660
58662
58664
58668
58672
58674
58676
58679
58680
58684
58687
58691
58694
58695
58697
58699
58705
58708
58709
58710
58716
58720
58721
58722
58723
58724
58725
58726
58732
58733
58737
58739
58740
58742
58743
58744
58745
58746
58747
58751
58752
58755
58759
58760
58762
58763
58764
58765
58766
58768
58769
58770
58772
58778
58780
58783
58784
58786
58788
58791
58793
58794
58797
58800
58801
58803
58804
58806
58811
58814
58815
58818
58832
58836
58837
58839
58841
58844
58848
58849
58853
58854
58855
58859
58860
58861
58862
58864
58865
58866
58868
58870
58871
58872
58873
58875
58877
58881
58883
58884
58885
58893
58898
58900
58903
58908
58916
58917
58918
58921
58922
58923
58927
58928
58930
58934
58941
58944
58946
58948
58950
58953
58955
58957
58958
58959
58963
58965
58971
58979
58981
58983
58986
58987
58988
58991
58993
58995
58996
58999
59001
59007
59010
59017
59023
59024
59027
59028
59031
59032
59035
59036
59037
59038
59040
59041
59042
59050
59054
59055
59056
59062
59073
59074
59075
59076
59080
59085
59087
59088
59090
59092
59097
59098
59099
59100
59102
59103
59106
59111
59112
59118
59119
59121
59124
59126
59132
59136
59137
59140
59142
59143
59144
59149
59157
59161
59168
59171
59173
59174
59176
59177
59178
59182
59183
59187
59190
59191
59195
59197
59198
59199
59203
59207
59208
59209
59210
59212
59215
59218
59219
59222
59224
59225
59230
59236
59237
59239
59240
59241
59242
59246
59250
59254
59255
59263
59266
59271
59273
59276
59281
59282
59284
59285
59288
59293
59294
59295
59296
59298
59307
59309
59310
59313
59315
59317
59322
59326
59327
59330
59331
59334
59338
59339
59340
59341
59343
59347
59348
59352
59359
59361
59365
59367
59371
59372
59374
59379
59381
59382
59383
59384
59385
59388
59391
59392
59394
59395
59397
59398
59399
59400
59401
59405
59407
59408
59410
59413
59422
59429
59431
59433
59434
59436
59438
59444
59446
59450
59452
59453
59454
59460
59462
59465
59467
59469
59470
59474
59476
59477
59478
59479
59480
59484
59486
59487
59489
59490
59491
59494
59498
59499
59500
59504
59505
59506
59508
59510
59511
59513
59514
59515
59517
59518
59519
59523
59525
59526
59529
59533
59537
59540
59542
59543
59544
59545
59549
59550
59552
59554
59557
59560
59562
59563
59570
59576
59581
59582
59584
59589
59590
59593
59597
59598
59600
59601
59604
59605
59610
59612
59613
59615
59617
59618
59621
59622
59624
59626
59629
59630
59635
59639
59643
59653
59654
59657
59666
59668
59669
59671
59676
59678
59682
59683
59684
59685
59687
59689
59692
59697
59700
59701
59712
59713
59714
59718
59724
59725
59728
59732
59735
59736
59737
59740
59741
59744
59745
59750
59752
59753
59754
59763
59768
59770
59782
59785
59786
59788
59795
59797
59799
59800
59803
59805
59806
59808
59809
59810
59811
59815
59818
59820
59822
59823
59826
59827
59829
59831
59833
59835
59836
59840
59841
59842
59843
59845
59846
59852
59854
59855
59856
59859
59865
59867
59868
59869
59870
59871
59878
59886
59887
59890
59891
59892
59894
59898
59902
59903
59904
59905
59907
59911
59914
59915
59917
59918
59922
59923
59924
59926
59927
59928
59929
59930
59932
59933
59936
59939
59940
59941
59942
59943
59944
59945
59946
59948
59950
59951
59953
59954
59957
59965
59970
59977
59980
59984
59986
59987
59993
59994
59995
59996
59997
59998
60001
60003
60004
60010
60011
60012
60013
60018
60019
60020
60025
60026
60030
60031
60035
60037
60039
60041
60047
60049
60050
60051
60052
60055
60062
60065
60066
60067
60068
60073
60083
60086
60088
60090
60092
60097
60098
60099
60100
60101
60102
60104
60106
60108
60109
60110
60120
60129
60130
60131
60134
60135
60136
60138
60139
60140
60141
60146
60151
60156
60157
60158
60161
60162
60163
60165
60166
60167
60170
60172
60173
60175
60176
60180
60184
60187
60190
60192
60197
60199
60200
60202
60204
60212
60216
60217
60218
60219
60222
60223
60224
60226
60227
60230
60234
60238
60240
60241
60243
60245
60246
60254
60255
60258
60259
60261
60263
60265
60266
60267
60268
60271
60273
60275
60280
60282
60286
60289
60292
60293
60294
60296
60298
60299
60300
60301
60303
60304
60305
60306
60311
60315
60320
60321
60322
60327
60335
60339
60342
60343
60345
60350
60351
60352
60353
60356
60358
60361
60362
60363
60364
60366
60369
60373
60376
60379
60384
60387
60389
60390
60393
60394
60395
60396
60397
60401
60404
60405
60408
60413
60414
60417
60418
60420
60422
60426
60427
60434
60436
60440
60442
60447
60453
60457
60458
60462
60465
60466
60467
60468
60471
60472
60473
60476
60477
60478
60479
60480
60481
60482
60485
60487
60488
60491
60493
60494
60495
60497
60500
60501
60504
60506
60507
60509
60511
60512
60517
60518
60520
60521
60523
60526
60529
60542
60544
60545
60547
60552
60553
60556
60557
60559
60560
60562
60564
60565
60566
60569
60571
60575
60577
60579
60583
60584
60585
60591
60594
60598
60599
60601
60602
60608
60610
60612
60613
60614
60617
60619
60622
60628
60629
60630
60631
60635
60640
60643
60644
60647
60651
60662
60666
60670
60676
60680
60683
60685
60688
60689
60690
60691
60693
60694
60696
60697
60698
60699
60700
60701
60702
60703
60704
60714
60716
60719
60722
60724
60726
60730
60731
60733
60735
60736
60737
60739
60742
60746
60750
60755
60756
60757
60758
60759
60765
60770
60771
60777
60779
60780
60781
60782
60783
60784
60785
60786
60789
60793
60794
60795
60797
60800
60804
60805
60806
60807
60810
60812
60819
60820
60821
60822
60824
60826
60828
60831
60832
60834
60845
60847
60850
60854
60856
60863
60865
60869
60870
60872
60882
60883
60885
60887
60889
60894
60895
60897
60905
60907
60908
60912
60915
60922
60923
60924
60925
60931
60932
60935
60936
60938
60939
60940
60945
60947
60950
60955
60956
60958
60961
60963
60966
60967
60969
60971
60975
60977
60979
60980
60993
60998
60999
61002
61003
61005
61007
61008
61010
61013
61014
61017
61019
61021
61027
61028
61029
61030
61031
61035
61036
61038
61041
61049
61050
61051
61052
61059
61060
61063
61065
61069
61073
61074
61075
61076
61077
61079
61095
61098
61105
61106
61108
61112
61113
61114
61116
61123
61124
61128
61133
61137
61138
61141
61143
61144
61145
61147
61151
61153
61155
61158
61161
61163
61165
61176
61179
61193
61198
61199
61200
61203
61205
61207
61209
61211
61213
61215
61224
61225
61226
61227
61228
61229
61230
61232
61235
61236
61239
61240
61243
61249
61253
61254
61257
61259
61260
61261
61262
61264
61265
61267
61269
61274
61276
61280
61281
61282
61284
61286
61287
61288
61294
61296
61300
61307
61309
61315
61316
61317
61319
61323
61325
61327
61329
61330
61331
61333
61336
61337
61338
61342
61343
61345
61349
61351
61355
61361
61363
61364
61366
61368
61369
61374
61376
61380
61382
61384
61385
61386
61387
61389
61390
61391
61392
61393
61394
61396
61399
61400
61403
61405
61409
61412
61415
61416
61426
61429
61430
61432
61434
61438
61440
61441
61442
61443
61444
61445
61447
61448
61449
61453
61454
61456
61457
61458
61461
61462
61463
61468
61471
61473
61477
61482
61485
61487
61492
61498
61499
61501
61502
61503
61506
61507
61516
61517
61520
61521
61522
61523
61525
61530
61533
61535
61536
61538
61539
61540
61541
61542
61544
61545
61546
61548
61551
61552
61553
61555
61556
61557
61558
61563
61565
61566
61568
61569
61570
61574
61580
61587
61593
61594
61595
61598
61601
61602
61603
61607
61608
61610
61612
61613
61614
61619
61620
61621
61622
61624
61625
61629
61631
61633
61635
61636
61637
61641
61642
61644
61645
61646
61651
61658
61659
61662
61663
61664
61667
61670
61671
61672
61674
61677
61678
61681
61683
61685
61686
61687
61689
61692
61693
61694
61696
61698
61700
61716
61720
61725
61731
61741
61742
61744
61745
61746
61747
61749
61750
61752
61754
61762
61765
61766
61768
61769
61774
61778
61779
61781
61785
61786
61788
61789
61790
61791
61794
61797
61798
61799
61801
61802
61804
61806
61809
61810
61811
61815
61816
61818
61819
61822
61823
61835
61837
61838
61841
61842
61846
61847
61850
61860
61861
61862
61863
61865
61866
61869
61873
61880
61887
61892
61897
61901
61902
61905
61906
61909
61911
61912
61913
61914
61915
61920
61923
61924
61928
61931
61932
61933
61934
61937
61939
61942
61944
61946
61948
61950
61951
61952
61955
61958
61963
61964
61966
61969
61971
61974
61976
61982
61983
61984
61985
61990
61992
61995
62001
62004
62009
62014
62019
62020
62023
62024
62025
62027
62034
62035
62036
62039
62040
62041
62049
62052
62056
62057
62059
62060
62062
62063
62064
62065
62069
62071
62072
62075
62076
62081
62082
62084
62085
62086
62088
62089
62092
62093
62095
62096
62104
62105
62108
62109
62111
62112
62113
62116
62117
62119
62121
62124
62125
62126
62127
62132
62134
62135
62137
62138
62139
62140
62141
62154
62156
62157
62160
62162
62166
62167
62168
62169
62170
62171
62172
62174
62178
62180
62182
62183
62185
62189
62193
62195
62196
62197
62198
62206
62213
62217
62219
62227
62228
62229
62230
62231
62234
62235
62236
62237
62239
62240
62243
62244
62246
62249
62250
62251
62253
62254
62256
62258
62259
62260
62261
62262
62264
62265
62266
62269
62273
62274
62278
62279
62283
62284
62285
62287
62290
62291
62292
62294
62296
62297
62298
62300
62301
62302
62305
62307
62311
62314
62316
62317
62318
62321
62325
62326
62327
62328
62329
62331
62334
62335
62336
62342
62343
62344
62345
62346
62351
62355
62358
62359
62360
62362
62363
62364
62365
62366
62368
62369
62374
62375
62377
62379
62383
62388
62391
62392
62394
62398
62404
62405
62406
62409
62411
62413
62414
62415
62416
62420
62421
62424
62429
62430
62432
62434
62437
62441
62442
62443
62446
62447
62449
62452
62455
62456
62457
62458
62460
62466
62476
62479
62481
62487
62488
62491
62494
62495
62499
62501
62507
62514
62517
62518
62521
62523
62525
62526
62527
62529
62531
62533
62534
62536
62538
62546
62549
62550
62557
62558
62559
62560
62561
62563
62567
62569
62572
62577
62583
62584
62586
62587
62588
62589
62590
62594
62595
62605
62607
62611
62618
62620
62621
62622
62623
62625
62629
62631
62634
62636
62637
62638
62640
62641
62643
62649
62651
62653
62658
62664
62669
62671
62676
62677
62680
62682
62683
62684
62685
62686
62687
62689
62697
62699
62700
62701
62704
62706
62708
62711
62712
62715
62717
62721
62723
62727
62728
62729
62730
62737
62743
62744
62747
62748
62750
62751
62752
62753
62754
62755
62757
62760
62761
62763
62765
62768
62771
62776
62782
62785
62786
62787
62788
62790
62792
62794
62795
62796
62797
62798
62805
62807
62811
62813
62815
62817
62820
62824
62828
62829
62830
62834
62836
62843
62845
62848
62850
62856
62861
62863
62865
62866
62875
62878
62879
62881
62883
62884
62885
62887
62893
62896
62898
62900
62905
62907
62910
62911
62912
62916
62918
62919
62920
62922
62923
62924
62929
62930
62931
62932
62937
62938
62940
62942
62943
62944
62946
62951
62953
62955
62957
62964
62966
62970
62974
62975
62978
62980
62981
62984
62988
62992
62993
62994
62997
63001
63003
63004
63007
63008
63010
63011
63012
63016
63018
63019
63020
63029
63030
63032
63040
63043
63044
63049
63056
63057
63060
63064
63065
63066
63068
63069
63070
63072
63073
63074
63080
63083
63087
63090
63096
63097
63098
63099
63101
63102
63110
63113
63118
63119
63123
63125
63128
63131
63132
63137
63138
63142
63144
63148
63149
63151
63157
63160
63161
63162
63164
63165
63166
63170
63171
63173
63174
63175
63179
63183
63184
63187
63188
63190
63192
63193
63195
63197
63198
63200
63203
63204
63205
63206
63208
63212
63214
63215
63218
63219
63222
63224
63226
63227
63228
63234
63236
63241
63242
63244
63247
63248
63249
63250
63251
63254
63258
63260
63261
63266
63270
63276
63278
63282
63284
63285
63286
63291
63296
63299
63309
63310
63317
63320
63322
63327
63328
63330
63331
63332
63337
63339
63340
63341
63343
63346
63348
63352
63353
63356
63358
63359
63360
63366
63367
63371
63379
63381
63385
63387
63391
63393
63397
63403
63409
63410
63415
63417
63418
63419
63421
63422
63424
63425
63429
63430
63432
63433
63440
63442
63444
63447
63449
63452
63455
63456
63460
63471
63472
63475
63479
63486
63487
63489
63490
63494
63499
63502
63503
63504
63505
63506
63511
63512
63519
63520
63521
63522
63525
63527
63528
63531
63532
63536
63542
63548
63550
63551
63556
63557
63559
63560
63562
63563
63565
63566
63567
63568
63569
63570
63571
63574
63577
63581
63582
63587
63588
63591
63595
63596
63600
63601
63604
63605
63608
63613
63618
63620
63626
63630
63634
63636
63638
63641
63644
63645
63647
63649
63653
63656
63658
63659
63660
63661
63666
63667
63669
63670
63671
63673
63674
63679
63680
63681
63686
63687
63691
63693
63702
63703
63704
63705
63707
63710
63712
63713
63716
63717
63723
63724
63725
63726
63727
63730
63731
63734
63737
63738
63744
63746
63749
63754
63755
63757
63760
63766
63767
63770
63774
63778
63779
63781
63785
63786
63790
63795
63798
63799
63802
63803
63805
63806
63809
63812
63815
63816
63818
63821
63824
63826
63833
63834
63835
63836
63840
63841
63842
63845
63847
63851
63852
63853
63854
63856
63862
63863
63864
63865
63866
63869
63872
63873
63879
63880
63881
63883
63893
63897
63898
63901
63903
63908
63910
63913
63915
63917
63918
63921
63923
63926
63927
63930
63931
63935
63942
63943
63945
63947
63949
63952
63954
63955
63957
63961
63963
63967
63970
63972
63973
63974
63976
63977
63978
63979
63980
63982
63983
63985
63987
63990
63993
63995
63998
64001
64004
64005
64006
64007
64008
64013
64017
64018
64023
64024
64026
64028
64029
64034
64035
64037
64039
64041
64044
64048
64051
64053
64054
64066
64069
64070
64071
64072
64075
64076
64077
64080
64084
64090
64094
64104
64106
64108
64109
64111
64112
64117
64120
64121
64123
64125
64128
64130
64131
64133
64134
64136
64138
64140
64143
64151
64154
64159
64161
64162
64164
64167
64169
64170
64171
64180
64182
64188
64191
64193
64195
64196
64198
64202
64203
64206
64207
64209
64213
64216
64219
64221
64229
64234
64239
64240
64241
64243
64244
64249
64252
64254
64255
64258
64259
64262
64263
64268
64273
64281
64282
64283
64287
64291
64294
64295
64297
64298
64301
64302
64303
64304
64307
64309
64312
64316
64319
64320
64325
64328
64329
64330
64333
64334
64338
64341
64343
64345
64346
64347
64348
64349
64351
64357
64358
64359
64360
64362
64369
64371
64373
64374
64375
64378
64379
64381
64382
64383
64387
64388
64389
64390
64391
64396
64398
64401
64403
64404
64410
64415
64416
64419
64420
64422
64425
64437
64439
64440
64441
64442
64444
64446
64447
64448
64449
64455
64457
64458
64459
64460
64462
64463
64464
64472
64475
64478
64479
64481
64483
64484
64485
64487
64494
64495
64498
64499
64504
64506
64510
64512
64516
64524
64528
64531
64532
64533
64538
64541
64548
64549
64550
64552
64557
64561
64562
64568
64570
64574
64579
64583
64584
64586
64588
64589
64590
64595
64596
64597
64599
64603
64604
64605
64608
64612
64615
64616
64618
64621
64627
64635
64636
64642
64644
64645
64646
64654
64662
64666
64671
64673
64676
64677
64678
64679
64682
64683
64684
64687
64697
64699
64700
64701
64702
64706
64708
64712
64713
64714
64715
64721
64723
64724
64725
64726
64736
64738
64744
64746
64747
64750
64751
64752
64754
64755
64760
64764
64769
64770
64773
64774
64776
64777
64778
64779
64781
64783
64784
64790
64792
64796
64797
64798
64799
64800
64805
64810
64814
64815
64816
64817
64818
64819
64821
64823
64825
64829
64831
64832
64834
64838
64839
64843
64844
64847
64850
64852
64855
64856
64859
64864
64868
64870
64872
64874
64876
64877
64879
64882
64883
64885
64886
64887
64888
64889
64891
64893
64897
64899
64901
64904
64910
64913
64914
64915
64917
64919
64922
64926
64928
64929
64931
64932
64933
64934
64937
64940
64941
64942
64950
64951
64954
64956
64958
64959
64960
64961
64962
64963
64966
64969
64971
64973
64974
64979
64983
64985
64987
64990
64991
64994
64997
64998
65001
65002
65003
65007
65013
65015
65019
65020
65022
65026
65028
65031
65032
65039
65041
65042
65043
65048
65054
65058
65059
65063
65068
65071
65081
65084
65085
65086
65087
65088
65092
65098
65100
65105
65106
65109
65110
65111
65114
65125
65127
65128
65129
65130
65132
65134
65138
65141
65142
65144
65147
65150
65151
65152
65154
65157
65158
65161
65162
65163
65171
65172
65173
65174
65178
65179
65180
65181
65184
65187
65189
65190
65194
65199
65201
65202
65205
65209
65210
65214
65217
65219
65220
65222
65223
65225
65232
65234
65239
65240
65244
65245
65246
65250
65252
65254
65256
65257
65259
65261
65262
65263
65264
65266
65267
65269
65274
65275
65283
65284
65285
65289
65290
65294
65297
65304
65306
65308
65311
65313
65314
65316
65319
65322
65325
65326
65332
65339
65340
65341
65342
65343
65345
65346
65349
65352
65353
65357
65362
65363
65365
65367
65369
65371
65372
65378
65384
65386
65387
65389
65392
65393
65394
65397
65400
65402
65403
65405
65408
65409
65411
65414
65417
65420
65422
65434
65441
65442
65446
65451
65454
65455
65457
65461
65463
65464
65470
65473
65481
65482
65487
65489
65491
65493
65495
65496
65497
65498
65499
65500
65501
65506
65507
65510
65511
65512
65515
65526
65529
65531
65533
65534
65535
65539
65542
65546
65547
65548
65550
65552
65554
65557
65560
65562
65567
65580
65581
65582
65584
65587
65588
65590
65591
65593
65594
65599
65604
65606
65608
65609
65612
65616
65618
65619
65623
65625
65626
65633
65634
65635
65637
65638
65639
65640
65641
65644
65651
65653
65654
65655
65656
65657
65660
65662
65667
65672
65675
65676
65677
65684
65687
65690
65692
65693
65694
65702
65703
65705
65711
65714
65715
65719
65720
65721
65722
65724
65726
65728
65729
65734
65735
65736
65738
65743
65746
65752
65753
65756
65757
65758
65759
65761
65763
65765
65770
65771
65774
65775
65777
65778
65779
65782
65785
65786
65787
65788
65789
65790
65793
65794
65802
65804
65812
65815
65817
65821
65824
65826
65827
65829
65833
65837
65838
65843
65844
65851
65852
65857
65858
65860
65861
65867
65876
65878
65882
65883
65885
65886
65896
65903
65904
65909
65912
65914
65917
65921
65922
65924
65927
65928
65930
65932
65937
65938
65941
65944
65948
65952
65953
65955
65956
65960
65961
65964
65966
65967
65968
65969
65971
65974
65975
65977
65978
65981
65982
65983
65986
65987
65993
65994
65999
66000
66007
66008
66009
66012
66013
66022
66026
66027
66029
66034
66038
66042
66044
66045
66047
66054
66055
66057
66061
66063
66064
66065
66067
66073
66074
66077
66078
66080
66095
66099
66103
66107
66109
66111
66117
66127
66128
66129
66131
66132
66133
66134
66135
66139
66140
66144
66146
66148
66150
66152
66153
66155
66157
66158
66159
66160
66163
66164
66167
66169
66171
66172
66174
66175
66176
66177
66178
66179
66187
66188
66193
66198
66209
66212
66215
66217
66218
66219
66224
66230
66232
66233
66237
66238
66243
66246
66248
66249
66251
66252
66254
66256
66258
66263
66281
66282
66285
66287
66299
66300
66301
66303
66304
66307
66308
66310
66311
66313
66317
66319
66320
66321
66322
66326
66328
66330
66333
66334
66335
66336
66337
66338
66341
66344
66345
66347
66349
66350
66351
66352
66355
66356
66357
66358
66359
66360
66364
66365
66367
66369
66370
66371
66375
66376
66380
66381
66388
66389
66396
66397
66404
66405
66406
66407
66412
66413
66414
66418
66420
66425
66426
66429
66431
66433
66434
66438
66439
66443
66444
66445
66447
66449
66454
66455
66457
66460
66463
66465
66467
66472
66473
66483
66485
66489
66491
66495
66496
66499
66502
66504
66508
66509
66510
66511
66516
66517
66519
66520
66521
66530
66532
66539
66540
66544
66546
66549
66552
66553
66555
66559
66561
66562
66564
66565
66568
66569
66577
66579
66580
66581
66584
66588
66590
66593
66594
66595
66598
66602
66605
66609
66610
66615
66616
66617
66620
66621
66622
66623
66631
66633
66634
66640
66641
66642
66651
66654
66657
66662
66663
66664
66667
66668
66672
66674
66675
66678
66679
66680
66681
66682
66683
66689
66690
66691
66693
66695
66697
66702
66706
66708
66711
66714
66715
66723
66725
66726
66728
66729
66733
66734
66740
66742
66745
66746
66753
66754
66756
66761
66764
66765
66767
66768
66769
66771
66775
66782
66783
66785
66788
66791
66795
66800
66802
66803
66814
66818
66821
66828
66833
66840
66841
66842
66843
66844
66848
66849
66854
66867
66869
66870
66872
66875
66877
66880
66886
66887
66895
66900
66902
66905
66907
66910
66917
66918
66923
66924
66925
66926
66931
66933
66935
66938
66939
66944
66945
66947
66952
66956
66959
66961
66962
66965
66967
66968
66970
66971
66973
66976
66979
66983
66986
66990
66993
66995
67003
67008
67011
67016
67017
67019
67022
67025
67026
67030
67034
67038
67039
67041
67043
67044
67046
67052
67054
67055
67056
67058
67063
67069
67072
67074
67076
67078
67079
67080
67082
67084
67091
67092
67099
67101
67102
67112
67116
67117
67118
67121
67124
67126
67128
67130
67132
67133
67137
67139
67140
67144
67145
67150
67154
67156
67157
67159
67160
67164
67165
67167
67170
67171
67172
67173
67175
67178
67179
67181
67185
67186
67194
67195
67196
67198
67200
67203
67205
67209
67211
67214
67217
67219
67220
67226
67229
67234
67235
67236
67237
67238
67240
67243
67244
67248
67251
67257
67262
67263
67265
67267
67268
67273
67274
67277
67278
67279
67283
67288
67292
67295
67299
67300
67301
67304
67307
67309
67312
67313
67318
67319
67324
67325
67327
67330
67332
67334
67336
67337
67343
67344
67350
67355
67356
67358
67360
67362
67365
67368
67369
67370
67375
67385
67386
67387
67388
67390
67396
67401
67402
67403
67406
67407
67409
67410
67411
67412
67417
67424
67432
67438
67440
67441
67442
67444
67453
67455
67459
67463
67464
67469
67473
67476
67481
67486
67489
67490
67492
67495
67499
67501
67503
67505
67518
67519
67520
67524
67525
67527
67528
67529
67531
67536
67542
67546
67548
67550
67551
67553
67558
67559
67563
67565
67566
67570
67574
67575
67577
67579
67580
67581
67584
67585
67586
67587
67592
67594
67595
67599
67602
67604
67606
67607
67614
67615
67617
67619
67620
67622
67623
67628
67638
67639
67642
67645
67647
67648
67649
67656
67663
67664
67665
67670
67671
67673
67678
67680
67681
67686
67689
67690
67694
67695
67697
67699
67700
67707
67708
67709
67710
67714
67716
67717
67718
67721
67722
67725
67726
67734
67737
67740
67742
67743
67745
67746
67752
67755
67757
67761
67764
67765
67767
67769
67771
67773
67774
67775
67776
67781
67782
67784
67786
67789
67793
67797
67802
67806
67807
67814
67815
67817
67818
67821
67827
67828
67830
67831
67832
67834
67836
67843
67845
67847
67851
67855
67857
67858
67860
67864
67865
67868
67875
67884
67885
67892
67894
67895
67897
67899
67900
67907
67908
67911
67913
67916
67920
67921
67922
67923
67926
67927
67929
67934
67935
67940
67944
67948
67950
67954
67955
67966
67976
67978
67979
67983
67984
67990
67993
68002
68003
68005
68007
68008
68009
68011
68017
68019
68022
68024
68026
68028
68030
68032
68036
68037
68041
68042
68043
68044
68045
68049
68050
68051
68052
68055
68059
68060
68065
68066
68069
68072
68073
68077
68079
68080
68083
68085
68086
68088
68092
68096
68099
68103
68112
68117
68118
68121
68124
68125
68131
68134
68135
68137
68142
68143
68145
68146
68147
68148
68149
68156
68157
68162
68163
68164
68168
68170
68174
68188
68191
68194
68197
68207
68208
68211
68215
68218
68219
68220
68226
68227
68231
68233
68234
68239
68241
68244
68245
68248
68251
68252
68253
68259
68266
68267
68268
68272
68274
68277
68278
68279
68280
68281
68283
68284
68286
68288
68289
68290
68291
68297
68298
68300
68302
68307
68308
68309
68311
68313
68315
68316
68318
68320
68322
68323
68328
68329
68331
68334
68336
68338
68342
68345
68349
68352
68355
68356
68360
68361
68369
68370
68371
68372
68373
68375
68377
68386
68387
68388
68390
68392
68393
68394
68397
68403
68405
68406
68408
68410
68412
68413
68414
68417
68420
68422
68424
68429
68430
68431
68434
68437
68439
68442
68445
68453
68457
68459
68461
68462
68463
68466
68470
68471
68480
68481
68484
68486
68488
68490
68491
68494
68496
68497
68498
68499
68502
68506
68507
68508
68509
68510
68516
68517
68520
68522
68524
68525
68526
68529
68530
68532
68534
68539
68542
68544
68547
68554
68561
68568
68574
68578
68581
68584
68585
68586
68587
68588
68589
68595
68600
68605
68610
68613
68614
68615
68620
68621
68623
68625
68626
68632
68635
68639
68640
68641
68642
68643
68648
68650
68656
68658
68659
68661
68664
68672
68674
68675
68676
68679
68680
68683
68692
68694
68700
68701
68703
68704
68706
68710
68711
68714
68719
68721
68725
68727
68730
68732
68735
68737
68738
68739
68742
68743
68745
68750
68752
68754
68755
68761
68763
68764
68767
68769
68770
68771
68774
68777
68780
68786
68792
68802
68803
68806
68809
68812
68815
68816
68818
68819
68822
68827
68829
68831
68833
68836
68837
68838
68841
68843
68844
68846
68849
68852
68853
68855
68858
68859
68862
68863
68866
68868
68880
68882
68886
68887
68889
68890
68896
68903
68904
68905
68914
68915
68916
68917
68918
68919
68920
68923
68926
68929
68931
68935
68939
68941
68943
68944
68947
68948
68951
68952
68954
68957
68959
68961
68964
68967
68968
68972
68974
68975
68980
68984
68990
68991
68994
68995
68999
69000
69001
69004
69011
69013
69017
69021
69022
69023
69031
69036
69040
69041
69049
69052
69053
69054
69058
69062
69064
69067
69069
69072
69075
69076
69077
69087
69088
69089
69095
69098
69100
69101
69102
69104
69105
69108
69109
69111
69112
69113
69115
69116
69119
69124
69125
69128
69130
69138
69140
69142
69143
69144
69152
69153
69154
69159
69162
69163
69167
69169
69176
69177
69181
69183
69188
69195
69200
69202
69203
69207
69208
69211
69217
69223
69224
69232
69234
69237
69239
69242
69244
69251
69252
69253
69255
69265
69267
69269
69271
69273
69274
69275
69276
69278
69281
69282
69289
69291
69292
69295
69296
69298
69299
69301
69305
69307
69311
69313
69319
69321
69322
69329
69330
69335
69342
69343
69344
69345
69351
69354
69355
69358
69364
69366
69367
69369
69374
69375
69377
69379
69383
69386
69389
69392
69397
69400
69404
69405
69406
69407
69410
69412
69413
69414
69422
69426
69428
69431
69432
69433
69434
69437
69438
69439
69441
69442
69447
69449
69452
69454
69456
69460
69462
69464
69466
69468
69469
69471
69472
69473
69475
69477
69479
69480
69482
69484
69485
69486
69488
69489
69493
69494
69496
69497
69498
69501
69502
69503
69504
69505
69506
69514
69515
69516
69522
69523
69525
69536
69540
69541
69542
69543
69545
69546
69547
69550
69551
69552
69554
69558
69563
69567
69568
69569
69572
69574
69578
69584
69588
69591
69592
69595
69598
69604
69606
69609
69611
69614
69615
69619
69620
69621
69627
69628
69629
69631
69635
69637
69638
69639
69641
69644
69645
69648
69650
69658
69659
69660
69661
69662
69665
69666
69668
69669
69675
69679
69682
69684
69685
69687
69689
69692
69693
69695
69699
69701
69702
69707
69710
69714
69716
69723
69724
69727
69730
69736
69737
69738
69739
69740
69741
69743
69744
69745
69748
69755
69759
69762
69764
69765
69768
69773
69776
69777
69781
69787
69788
69790
69793
69794
69795
69798
69799
69800
69804
69805
69810
69813
69814
69821
69822
69827
69830
69831
69832
69833
69834
69837
69840
69843
69848
69849
69851
69853
69855
69859
69861
69863
69864
69867
69869
69875
69879
69883
69892
69893
69898
69900
69905
69909
69911
69917
69921
69923
69932
69938
69942
69945
69951
69957
69958
69961
69963
69966
69968
69969
69970
69976
69978
69979
69984
69998
70003
70004
70006
70007
70018
70020
70042
70046
70049
70051
70062
70069
70072
70073
70075
70078
70090
70093
70094
70096
70097
70100
70103
70111
70112
70118
70120
70122
70126
70133
70134
70142
70147
70152
70162
70164
70168
70173
70174
70178
70180
70186
70188
70190
70193
70194
70196
70198
70202
70204
70207
70208
70209
70211
70214
70215
70217
70218
70220
70221
70223
70227
70229
70232
70233
70235
70236
70237
70238
70243
70244
70248
70249
70253
70254
70256
70261
70263
70264
70271
70272
70276
70277
70278
70282
70290
70294
70298
70304
70307
70309
70312
70313
70315
70316
70320
70321
70322
70323
70325
70327
70329
70332
70336
70337
70338
70340
70348
70349
70358
70359
70360
70364
70367
70368
70369
70370
70371
70374
70376
70380
70381
70382
70387
70388
70389
70390
70392
70401
70402
70403
70414
70416
70417
70421
70422
70433
70435
70438
70439
70446
70448
70449
70452
70453
70454
70458
70460
70463
70466
70470
70471
70472
70473
70474
70481
70484
70486
70487
70491
70492
70502
70507
70512
70514
70515
70521
70522
70523
70524
70526
70527
70528
70529
70531
70533
70535
70536
70540
70541
70542
70543
70544
70545
70546
70547
70549
70550
70551
70554
70558
70566
70571
70572
70573
70576
70580
70583
70585
70586
70591
70592
70594
70596
70605
70609
70611
70614
70624
70626
70627
70628
70629
70641
70644
70645
70648
70649
70652
70653
70655
70661
70672
70676
70678
70679
70687
70691
70696
70697
70699
70700
70702
70704
70705
70706
70714
70721
70723
70725
70728
70729
70731
70732
70733
70735
70740
70742
70753
70754
70757
70764
70765
70771
70774
70780
70788
70796
70798
70804
70807
70808
70813
70815
70818
70820
70822
70824
70827
70828
70834
70838
70839
70840
70842
70845
70848
70850
70851
70853
70854
70855
70857
70859
70862
70865
70870
70876
70882
70883
70884
70886
70891
70892
70897
70899
70902
70903
70905
70910
70912
70915
70916
70920
70921
70922
70923
70927
70932
70937
70939
70941
70942
70946
70950
70951
70959
70964
70965
70966
70967
70971
70973
70974
70979
70984
70988
70990
70992
70997
70998
71001
71003
71005
71006
71014
71015
71016
71017
71018
71028
71033
71036
71037
71039
71040
71044
71046
71047
71048
71049
71052
71053
71055
71057
71058
71062
71064
71066
71073
71075
71078
71079
71082
71083
71087
71088
71090
71093
71096
71105
71116
71118
71119
71121
71122
71126
71128
71129
71133
71136
71139
71141
71142
71143
71144
71145
71146
71147
71150
71151
71152
71157
71158
71159
71163
71166
71171
71174
71176
71179
71180
71182
71185
71187
71190
71192
71193
71195
71203
71204
71205
71206
71207
71214
71217
71219
71220
71222
71235
71238
71240
71242
71244
71247
71256
71257
71259
71264
71265
71268
71269
71273
71274
71279
71285
71291
71296
71297
71305
71306
71308
71309
71314
71317
71318
71319
71320
71324
71326
71329
71336
71337
71340
71345
71346
71357
71360
71363
71366
71369
71370
71372
71376
71380
71381
71384
71385
71387
71389
71391
71394
71395
71403
71408
71415
71419
71420
71422
71424
71426
71428
71432
71435
71436
71439
71440
71444
71446
71448
71449
71455
71458
71462
71464
71470
71471
71475
71477
71479
71483
71488
71489
71495
71499
71501
71503
71507
71508
71511
71512
71514
71516
71518
71523
71524
71525
71528
71541
71545
71546
71547
71548
71552
71553
71559
71570
71571
71576
71580
71584
71586
71587
71590
71592
71594
71597
71599
71603
71604
71605
71614
71621
71622
71624
71625
71626
71627
71631
71633
71634
71641
71642
71645
71647
71649
71659
71662
71664
71666
71674
71679
71680
71684
71685
71688
71698
71699
71702
71704
71710
71714
71715
71716
71717
71728
71733
71736
71737
71739
71746
71751
71755
71759
71762
71764
71766
71767
71772
71779
71786
71792
71793
71802
71803
71810
71812
71813
71816
71818
71823
71825
71828
71829
71830
71831
71835
71843
71849
71850
71853
71855
71860
71862
71865
71866
71867
71868
71874
71878
71888
71890
71891
71893
71895
71896
71898
71902
71903
71908
71915
71917
71921
71923
71924
71932
71934
71937
71939
71940
71942
71943
71944
71945
71946
71952
71953
71954
71958
71960
71962
71968
71972
71977
71979
71981
71983
71984
72000
72005
72007
72009
72010
72012
72014
72017
72019
72022
72029
72033
72040
72043
72048
72051
72052
72053
72054
72056
72057
72059
72060
72064
72067
72069
72070
72071
72072
72073
72075
72076
72077
72081
72084
72086
72089
72100
72101
72102
72103
72105
72108
72109
72112
72113
72115
72116
72118
72127
72132
72136
72141
72143
72145
72146
72154
72162
72166
72172
72173
72181
72182
72186
72191
72198
72204
72207
72213
72216
72218
72221
72228
72240
72244
72247
72251
72252
72256
72258
72259
72271
72272
72274
72280
72283
72284
72286
72291
72292
72293
72296
72298
72303
72310
72318
72322
72323
72335
72343
72345
72346
72349
72350
72354
72361
72364
72365
72367
72368
72370
72371
72372
72375
72379
72380
72384
72386
72387
72388
72391
72393
72396
72399
72400
72401
72403
72404
72405
72407
72408
72410
72412
72413
72419
72423
72431
72434
72435
72437
72441
72442
72451
72456
72458
72464
72469
72473
72474
72475
72476
72485
72490
72493
72494
72497
72502
72510
72518
72519
72525
72526
72536
72539
72548
72550
72553
72555
72560
72569
72571
72572
72573
72577
72582
72588
72593
72595
72599
72602
72603
72604
72606
72609
72612
72617
72620
72622
72624
72632
72640
72643
72650
72651
72652
72653
72657
72659
72665
72669
72671
72674
72675
72676
72677
72681
72686
72691
72699
72700
72702
72707
72708
72710
72716
72719
72721
72722
72723
72724
72725
72726
72730
72731
72734
72743
72745
72751
72756
72757
72758
72762
72763
72766
72769
72770
72773
72775
72777
72781
72792
72803
72806
72808
72811
72812
72813
72815
72817
72830
72832
72838
72844
72847
72860
72861
72866
72868
72869
72873
72876
72880
72887
72888
72889
72891
72895
72896
72906
72909
72912
72913
72915
72916
72919
72921
72927
72930
72933
72935
72939
72942
72947
72949
72954
72957
72958
72959
72960
72965
72967
72972
72975
72978
72980
72982
72983
72986
72987
72993
72996
72998
73002
73005
73008
73016
73021
73023
73028
73033
73034
73039
73043
73048
73052
73053
73054
73058
73060
73062
73065
73066
73068
73070
73071
73074
73075
73084
73090
73093
73096
73097
73099
73102
73114
73117
73119
73120
73123
73129
73133
73141
73142
73143
73145
73146
73148
73154
73155
73158
73165
73172
73173
73174
73177
73184
73185
73187
73189
73190
73192
73194
73195
73196
73197
73201
73205
73206
73210
73227
73229
73231
73233
73236
73237
73245
73248
73250
73252
73257
73259
73260
73261
73262
73264
73265
73273
73278
73285
73288
73290
73292
73296
73298
73299
73300
73301
73306
73307
73309
73310
73312
73314
73317
73321
73326
73331
73335
73339
73342
73344
73346
73347
73348
73350
73352
73353
73354
73355
73359
73364
73371
73372
73373
73385
73388
73394
73396
73397
73399
73401
73402
73403
73405
73406
73409
73410
73418
73421
73425
73438
73439
73441
73445
73450
73451
73455
73456
73460
73464
73465
73467
73468
73469
73470
73471
73472
73482
73486
73492
73493
73498
73499
73507
73509
73513
73518
73530
73531
73532
73533
73541
73544
73545
73546
73552
73557
73558
73560
73561
73568
73571
73573
73574
73580
73582
73583
73589
73592
73596
73597
73598
73606
73607
73608
73610
73621
73622
73623
73629
73630
73635
73643
73652
73653
73655
73658
73660
73661
73662
73666
73667
73672
73675
73677
73682
73685
73693
73695
73696
73704
73705
73706
73708
73711
73713
73716
73720
73722
73723
73727
73728
73737
73740
73743
73744
73747
73749
73755
73759
73762
73763
73765
73766
73767
73775
73784
73791
73795
73797
73799
73801
73802
73804
73819
73825
73826
73829
73830
73833
73834
73840
73845
73846
73847
73853
73861
73867
73868
73872
73873
73874
73875
73877
73887
73893
73895
73897
73898
73906
73907
73911
73914
73915
73916
73917
73918
73923
73931
73933
73936
73938
73940
73943
73949
73950
73951
73955
73957
73959
73962
73969
73977
73982
73989
73990
73991
73993
74000
74003
74004
74011
74013
74015
74017
74021
74022
74025
74026
74029
74030
74031
74032
74036
74037
74038
74040
74041
74042
74043
74046
74050
74051
74055
74060
74061
74068
74071
74072
74074
74075
74078
74082
74087
74089
74092
74098
74105
74106
74117
74122
74123
74124
74126
74129
74135
74146
74151
74157
74159
74163
74167
74168
74170
74171
74173
74178
74179
74182
74183
74189
74190
74193
74194
74197
74201
74204
74206
74208
74214
74223
74228
74241
74243
74244
74245
74247
74248
74251
74254
74256
74267
74277
74280
74284
74285
74288
74294
74298
74308
74319
74324
74332
74335
74336
74345
74348
74352
74356
74358
74363
74379
74381
74384
74387
74388
74391
74393
74396
74398
74399
74400
74403
74404
74406
74408
74414
74415
74419
74422
74424
74431
74434
74437
74438
74441
74442
74443
74444
74448
74450
74451
74455
74459
74460
74464
74466
74472
74473
74475
74479
74483
74484
74487
74488
74492
74493
74496
74498
74499
74503
74504
74506
74509
74512
74516
74517
74519
74522
74525
74526
74534
74535
74536
74537
74540
74543
74546
74548
74550
74551
74554
74555
74562
74563
74564
74565
74566
74569
74570
74571
74574
74575
74576
74577
74578
74579
74582
74587
74590
74593
74596
74597
74598
74599
74601
74602
74603
74604
74609
74611
74614
74626
74633
74645
74646
74650
74659
74660
74661
74675
74681
74684
74689
74691
74694
74696
74700
74715
74718
74719
74730
74731
74734
74735
74737
74740
74757
74765
74767
74770
74775
74781
74784
74788
74794
74799
74800
74806
74814
74817
74820
74821
74824
74827
74828
74829
74830
74839
74843
74854
74855
74862
74864
74872
74874
74875
74880
74881
74883
74887
74891
74892
74897
74901
74910
74911
74917
74922
74923
74925
74926
74927
74931
74932
74936
74939
74945
74946
74950
74954
74956
74958
74961
74962
74963
74972
74973
74983
74988
74991
74992
74995
75000
75008
75009
75010
75013
75014
75020
75021
75022
75024
75029
75034
75035
75038
75039
75042
75048
75050
75051
75053
75055
75060
75062
75065
75066
75081
75085
75086
75091
75092
75093
75098
75102
75104
75106
75113
75115
75119
75121
75122
75124
75125
75132
75133
75134
75136
75138
75140
75142
75143
75144
75150
75154
75159
75161
75162
75167
75177
75180
75201
75205
75206
75208
75210
75211
75212
75213
75216
75219
75221
75223
75225
75230
75232
75237
75238
75252
75259
75260
75266
75267
75270
75272
75275
75277
75279
75283
75284
75286
75290
75293
75294
75296
75297
75298
75299
75302
75305
75307
75310
75315
75317
75322
75323
75324
75328
75329
75332
75333
75336
75344
75345
75346
75349
75352
75353
75354
75356
75367
75368
75371
75372
75374
75375
75376
75377
75381
75382
75384
75389
75399
75405
75412
75414
75415
75416
75418
75419
75420
75422
75423
75430
75438
75440
75442
75452
75454
75457
75458
75459
75461
75462
75466
75467
75468
75469
75472
75473
75476
75480
75485
75488
75489
75490
75491
75492
75493
75494
75495
75496
75502
75503
75505
75507
75509
75512
75515
75528
75530
75535
75537
75543
75546
75549
75551
75559
75560
75561
75563
75566
75567
75570
75571
75576
75579
75580
75581
75583
75585
75587
75590
75592
75593
75598
75599
75600
75603
75604
75606
75607
75608
75612
75619
75620
75631
75635
75644
75647
75652
75654
75657
75660
75663
75667
75670
75674
75676
75679
75682
75689
75690
75692
75693
75695
75698
75708
75710
75711
75722
75724
75725
75728
75731
75736
75737
75740
75741
75743
75745
75748
75750
75751
75752
75755
75758
75759
75760
75764
75767
75768
75770
75771
75772
75776
75781
75782
75784
75785
75788
75789
75798
75801
75809
75810
75811
75812
75818
75821
75823
75824
75825
75827
75828
75835
75838
75848
75851
75853
75859
75861
75862
75867
75874
75875
75878
75879
75883
75885
75887
75889
75890
75892
75898
75899
75900
75907
75911
75913
75914
75916
75918
75919
75920
75921
75922
75926
75928
75930
75931
75932
75940
75945
75947
75948
75952
75953
75955
75959
75962
75969
75970
75971
75972
75973
75983
75992
75996
75997
75999
76003
76006
76017
76019
76023
76025
76027
76031
76035
76036
76037
76040
76041
76042
76043
76046
76049
76051
76052
76056
76057
76058
76061
76063
76068
76070
76073
76074
76075
76076
76078
76080
76087
76094
76100
76101
76104
76109
76111
76115
76116
76118
76119
76123
76127
76131
76134
76135
76142
76147
76159
76163
76165
76170
76172
76173
76176
76177
76179
76181
76182
76186
76189
76190
76195
76199
76201
76204
76206
76211
76223
76225
76226
76232
76234
76235
76238
76242
76245
76247
76248
76250
76256
76262
76265
76266
76269
76271
76274
76276
76280
76282
76283
76286
76289
76290
76292
76293
76296
76299
76303
76304
76305
76308
76309
76314
76320
76330
76331
76340
76341
76342
76344
76351
76353
76356
76364
76366
76370
76371
76373
76375
76382
76394
76396
76397
76399
76401
76402
76405
76412
76417
76418
76422
76423
76428
76431
76432
76435
76436
76440
76443
76447
76453
76454
76456
76458
76459
76462
76466
76467
76475
76481
76482
76491
76493
76495
76496
76498
76501
76506
76508
76511
76514
76516
76521
76523
76528
76530
76531
76532
76533
76534
76535
76536
76540
76548
76553
76555
76558
76559
76560
76561
76563
76569
76579
76582
76584
76586
76588
76592
76594
76598
76604
76606
76610
76622
76633
76637
76640
76641
76642
76646
76647
76649
76650
76659
76662
76663
76665
76668
76672
76675
76696
76697
76700
76702
76704
76707
76714
76720
76722
76727
76729
76735
76736
76737
76738
76739
76740
76755
76757
76760
76761
76762
76764
76768
76770
76775
76776
76777
76778
76781
76784
76786
76787
76788
76794
76802
76803
76808
76812
76818
76822
76824
76827
76836
76837
76842
76849
76852
76859
76866
76877
76879
76880
76883
76888
76891
76898
76899
76908
76910
76911
76916
76919
76924
76925
76927
76932
76934
76936
76940
76941
76947
76949
76950
76951
76952
76957
76963
76964
76966
76969
76976
76981
76989
76990
76991
76993
76994
77000
77003
77006
77013
77016
77018
77019
77023
77024
77031
77033
77036
77038
77041
77043
77048
77051
77052
77058
77063
77064
77069
77078
77081
77082
77085
77089
77090
77094
77095
77096
77098
77099
77107
77114
77115
77118
77126
77135
77140
77142
77143
77144
77147
77150
77154
77159
77174
77176
77181
77194
77202
77205
77217
77218
77225
77227
77231
77232
77236
77242
77244
77245
77249
77250
77253
77258
77267
77269
77274
77275
77278
77281
77289
77290
77292
77294
77295
77296
77299
77302
77303
77306
77309
77313
77315
77317
77318
77320
77326
77328
77329
77330
77332
77338
77340
77342
77343
77347
77348
77353
77360
77361
77362
77370
77373
77374
77381
77384
77387
77388
77396
77397
77398
77402
77403
77404
77410
77411
77412
77420
77421
77424
77426
77427
77428
77430
77431
77432
77434
77450
77454
77456
77459
77463
77470
77476
77483
77484
77485
77491
77493
77495
77497
77500
77501
77506
77507
77515
77517
77518
77522
77526
77528
77530
77531
77532
77538
77541
77542
77544
77560
77564
77565
77567
77573
77574
77577
77581
77586
77589
77595
77596
77600
77601
77602
77603
77604
77605
77610
77613
77620
77622
77625
77627
77629
77632
77633
77638
77645
77646
77649
77650
77651
77663
77665
77666
77673
77680
77682
77684
77686
77688
77689
77691
77695
77697
77699
77702
77704
77714
77718
77720
77726
77727
77733
77736
77739
77742
77747
77748
77757
77758
77769
77770
77771
77778
77782
77785
77788
77789
77791
77793
77797
77809
77814
77815
77819
77821
77823
77826
77831
77834
77841
77845
77846
77848
77850
77852
77859
77860
77861
77863
77864
77865
77866
77869
77870
77874
77875
77876
77879
77880
77881
77882
77884
77890
77892
77894
77898
77899
77907
77911
77912
77916
77920
77924
77926
77931
77932
77935
77940
77943
77946
77947
77952
77959
77961
77972
77975
77976
77978
77981
77982
77987
77988
77989
77991
77992
77996
78000
78001
78005
78008
78011
78014
78016
78018
78020
78021
78024
78028
78034
78037
78039
78056
78060
78061
78062
78064
78067
78078
78082
78084
78091
78112
78118
78119
78123
78125
78128
78130
78132
78140
78142
78143
78147
78151
78154
78155
78156
78157
78164
78168
78177
78181
78183
78185
78187
78188
78190
78192
78194
78195
78196
78197
78198
78205
78207
78209
78210
78215
78219
78223
78224
78228
78233
78234
78235
78236
78238
78242
78244
78246
78247
78250
78252
78258
78263
78265
78266
78268
78272
78273
78274
78278
78285
78288
78294
78295
78296
78303
78304
78305
78306
78307
78312
78313
78315
78316
78317
78319
78320
78321
78324
78325
78329
78331
78334
78340
78341
78349
78354
78361
78363
78364
78367
78371
78377
78379
78380
78381
78386
78387
78389
78395
78397
78398
78400
78402
78406
78407
78410
78411
78415
78416
78417
78418
78421
78422
78423
78424
78425
78434
78435
78437
78438
78439
78440
78441
78443
78448
78450
78452
78454
78456
78472
78474
78476
78477
78479
78486
78487
78489
78490
78492
78495
78503
78504
78506
78512
78519
78526
78530
78534
78536
78541
78542
78547
78548
78551
78553
78555
78557
78565
78573
78574
78575
78582
78583
78588
78589
78590
78592
78593
78595
78599
78601
78606
78619
78622
78627
78631
78636
78638
78640
78645
78651
78654
78655
78656
78657
78659
78662
78666
78667
78668
78673
78675
78676
78680
78685
78686
78693
78694
78701
78704
78705
78706
78707
78717
78719
78723
78728
78729
78732
78733
78738
78745
78747
78749
78752
78753
78759
78761
78766
78771
78774
78776
78780
78784
78799
78800
78802
78806
78812
78814
78819
78823
78824
78828
78830
78838
78839
78840
78842
78844
78847
78851
78856
78858
78865
78869
78870
78872
78876
78878
78885
78890
78891
78893
78898
78904
78909
78910
78911
78913
78922
78931
78949
78950
78951
78953
78957
78962
78966
78967
78969
78975
78979
78982
78984
78988
78989
78990
78994
78997
78998
79001
79008
79012
79016
79018
79023
79034
79035
79036
79039
79042
79044
79045
79047
79050
79052
79054
79056
79061
79063
79071
79077
79084
79088
79089
79091
79096
79097
79100
79105
79113
79114
79117
79118
79120
79124
79126
79132
79133
79136
79139
79141
79148
79149
79151
79156
79166
79170
79174
79178
79179
79191
79192
79193
79195
79200
79201
79204
79212
79214
79216
79221
79222
79223
79226
79227
79229
79230
79233
79241
79243
79247
79249
79256
79257
79258
79260
79263
79265
79267
79268
79272
79275
79277
79278
79280
79288
79290
79291
79296
79298
79300
79301
79306
79309
79311
79313
79314
79315
79317
79324
79325
79327
79328
79331
79336
79338
79344
79345
79346
79348
79353
79356
79364
79369
79376
79381
79383
79384
79386
79394
79396
79401
79408
79409
79411
79418
79420
79427
79432
79434
79438
79439
79440
79445
79454
79455
79458
79459
79460
79462
79466
79469
79470
79474
79475
79476
79477
79478
79480
79483
79484
79485
79486
79490
79496
79498
79501
79502
79503
79511
79512
79518
79531
79533
79534
79543
79552
79556
79562
79565
79568
79569
79570
79577
79578
79583
79584
79587
79588
79593
79596
79597
79601
79604
79610
79612
79615
79616
79622
79624
79625
79626
79628
79632
79635
79639
79640
79649
79652
79654
79655
79657
79658
79659
79661
79663
79665
79666
79669
79676
79678
79680
79682
79684
79686
79690
79691
79699
79700
79704
79706
79707
79709
79716
79717
79720
79721
79722
79724
79726
79733
79736
79740
79744
79745
79750
79751
79752
79758
79761
79764
79767
79770
79772
79773
79774
79775
79777
79778
79781
79784
79785
79791
79797
79798
79799
79801
79803
79806
79807
79810
79812
79814
79822
79823
79827
79837
79840
79844
79848
79852
79865
79868
79870
79873
79877
79878
79880
79881
79882
79887
79888
79896
79897
79898
79900
79902
79904
79905
79909
79915
79924
79925
79931
79933
79935
79938
79939
79940
79941
79949
79951
79952
79953
79957
79962
79966
79968
79971
79972
79977
79979
79987
79991
79996
79997
79998
80005
80007
80010
80012
80015
80017
80018
80019
80022
80024
80030
80032
80037
80039
80047
80054
80056
80062
80065
80068
80069
80072
80075
80078
80083
80085
80086
80087
80088
80096
80097
80099
80105
80106
80107
80109
80110
80112
80113
80114
80116
80117
80118
80119
80122
80124
80126
80129
80133
80134
80136
80141
80142
80158
80159
80162
80163
80164
80167
80170
80174
80175
80178
80182
80183
80187
80192
80193
80194
80197
80198
80201
80207
80208
80224
80231
80233
80241
80242
80243
80246
80248
80249
80250
80251
80253
80254
80256
80258
80259
80260
80268
80273
80274
80284
80285
80289
80291
80295
80296
80298
80299
80302
80305
80306
80307
80310
80312
80316
80321
80322
80329
80330
80332
80340
80341
80345
80347
80350
80352
80367
80375
80385
80387
80388
80391
80401
80403
80415
80425
80427
80430
80433
80436
80439
80440
80444
80445
80450
80454
80455
80464
80466
80468
80471
80475
80481
80490
80492
80498
80506
80507
80518
80519
80524
80525
80527
80537
80542
80543
80544
80547
80548
80550
80553
80555
80557
80558
80559
80560
80568
80571
80572
80573
80579
80586
80589
80592
80598
80602
80605
80606
80612
80615
80618
80621
80622
80628
80630
80634
80637
80641
80643
80646
80648
80649
80663
80670
80671
80672
80675
80678
80681
80685
80691
80692
80697
80711
80714
80722
80723
80724
80725
80732
80734
80740
80747
80754
80758
80762
80764
80765
80773
80774
80786
80791
80807
80809
80812
80819
80823
80828
80832
80835
80838
80842
80844
80847
80849
80853
80861
80863
80865
80868
80870
80872
80874
80875
80877
80878
80885
80890
80893
80899
80900
80903
80912
80913
80919
80922
80926
80931
80935
80945
80946
80965
80968
80969
80971
80973
80979
80985
80993
80996
81002
81004
81006
81007
81009
81016
81021
81026
81027
81033
81034
81041
81042
81049
81050
81053
81055
81059
81060
81064
81065
81066
81080
81081
81083
81084
81085
81088
81093
81094
81099
81100
81101
81106
81107
81111
81116
81117
81120
81123
81127
81129
81130
81132
81133
81137
81152
81155
81158
81161
81162
81163
81167
81168
81170
81172
81178
81179
81185
81186
81192
81196
81197
81199
81203
81206
81207
81211
81223
81227
81232
81233
81234
81236
81244
81246
81247
81250
81252
81254
81259
81260
81264
81266
81267
81270
81271
81275
81281
81284
81286
81288
81291
81293
81295
81296
81297
81299
81301
81303
81305
81307
81309
81310
81314
81315
81316
81330
81332
81344
81350
81354
81355
81356
81359
81368
81377
81379
81382
81383
81386
81391
81397
81400
81404
81406
81407
81410
81411
81414
81416
81420
81421
81422
81425
81427
81428
81430
81432
81433
81438
81440
81442
81444
81447
81448
81451
81461
81467
81472
81475
81479
81483
81485
81487
81499
81502
81506
81510
81513
81515
81520
81521
81525
81530
81532
81535
81537
81541
81544
81555
81559
81561
81570
81572
81576
81578
81580
81582
81583
81584
81585
81586
81589
81590
81596
81597
81598
81604
81605
81610
81611
81612
81619
81621
81629
81631
81637
81640
81645
81646
81651
81655
81657
81664
81672
81676
81682
81683
81689
81698
81706
81709
81712
81717
81718
81722
81725
81726
81727
81728
81731
81735
81739
81741
81743
81747
81751
81753
81756
81760
81761
81765
81771
81779
81783
81788
81789
81790
81809
81811
81815
81821
81827
81828
81830
81831
81836
81837
81838
81840
81844
81845
81846
81850
81855
81859
81868
81870
81873
81875
81879
81880
81886
81887
81889
81890
81892
81897
81905
81906
81910
81917
81925
81932
81937
81941
81948
81949
81963
81966
81978
81981
81987
81988
81991
81997
81998
82000
82004
82005
82006
82007
82013
82016
82017
82024
82029
82033
82035
82036
82037
82042
82045
82051
82056
82061
82062
82064
82067
82072
82073
82083
82087
82092
82097
82105
82107
82112
82115
82117
82118
82126
82131
82132
82136
82137
82139
82145
82148
82149
82150
82151
82157
82158
82160
82161
82164
82168
82170
82178
82183
82187
82188
82190
82191
82193
82197
82198
82201
82204
82206
82207
82210
82220
82222
82224
82228
82232
82233
82236
82237
82240
82241
82244
82251
82255
82256
82258
82260
82261
82262
82266
82267
82272
82275
82276
82277
82279
82290
82293
82297
82298
82301
82305
82306
82317
82318
82320
82322
82323
82324
82329
82337
82339
82341
82344
82347
82351
82353
82355
82359
82360
82364
82374
82380
82382
82395
82397
82398
82402
82405
82413
82428
82442
82443
82444
82445
82446
82449
82450
82455
82459
82461
82469
82470
82474
82478
82481
82488
82490
82494
82497
82501
82503
82505
82508
82509
82510
82515
82516
82517
82525
82526
82529
82531
82533
82534
82537
82543
82544
82546
82551
82552
82554
82555
82558
82564
82565
82568
82573
82578
82582
82583
82584
82585
82587
82588
82589
82595
82597
82602
82609
82612
82616
82618
82620
82621
82627
82629
82632
82634
82637
82642
82643
82648
82656
82659
82666
82675
82682
82684
82688
82693
82695
82697
82698
82699
82704
82705
82707
82713
82714
82715
82718
82723
82731
82732
82733
82734
82735
82739
82744
82745
82750
82751
82752
82753
82755
82756
82762
82764
82768
82769
82771
82776
82777
82778
82782
82783
82785
82788
82792
82798
82799
82800
82803
82805
82808
82811
82813
82816
82817
82819
82827
82829
82830
82833
82838
82841
82850
82851
82855
82857
82858
82860
82862
82864
82865
82868
82869
82874
82875
82878
82881
82883
82884
82889
82891
82892
82898
82899
82907
82910
82912
82913
82915
82916
82921
82923
82926
82930
82931
82932
82937
82939
82943
82944
82945
82948
82949
82953
82954
82955
82956
82959
82961
82962
82963
82972
82974
82975
82976
82977
82978
82980
82987
82988
82990
82991
82995
83000
83008
83012
83014
83015
83017
83020
83021
83024
83032
83034
83035
83039
83046
83048
83057
83066
83067
83069
83073
83075
83076
83077
83079
83080
83082
83084
83086
83090
83093
83097
83107
83109
83113
83114
83117
83122
83123
83125
83130
83141
83144
83145
83148
83157
83167
83170
83177
83185
83191
83192
83195
83196
83201
83202
83205
83209
83210
83218
83220
83222
83226
83229
83233
83238
83240
83245
83258
83266
83269
83270
83271
83272
83273
83283
83284
83285
83291
83295
83303
83306
83312
83317
83322
83326
83334
83336
83338
83339
83340
83341
83342
83351
83357
83358
83360
83362
83366
83372
83374
83380
83389
83390
83392
83398
83399
83404
83416
83418
83421
83422
83424
83426
83429
83432
83434
83436
83437
83440
83441
83443
83445
83449
83451
83454
83455
83456
83457
83459
83464
83478
83479
83485
83486
83495
83497
83501
83505
83506
83509
83511
83512
83513
83515
83517
83521
83530
83536
83541
83545
83546
83549
83551
83554
83562
83568
83569
83579
83580
83588
83591
83592
83597
83599
83602
83605
83608
83609
83611
83613
83617
83618
83621
83625
83626
83628
83629
83632
83638
83641
83643
83646
83647
83648
83650
83651
83661
83665
83674
83678
83686
83687
83696
83700
83702
83707
83708
83711
83713
83714
83721
83722
83727
83728
83729
83731
83739
83744
83745
83747
83749
83750
83752
83761
83767
83769
83788
83789
83797
83800
83808
83812
83814
83817
83822
83823
83825
83827
83828
83831
83832
83837
83841
83842
83848
83849
83854
83868
83869
83870
83871
83878
83889
83896
83903
83905
83906
83907
83908
83916
83918
83926
83929
83936
83943
83944
83945
83946
83947
83950
83952
83965
83968
83970
83974
83976
83977
83985
83988
83990
83991
83998
83999
84001
84008
84009
84012
84013
84018
84019
84020
84021
84023
84026
84027
84032
84038
84043
84049
84063
84064
84065
84066
84067
84068
84069
84071
84073
84074
84086
84091
84100
84101
84103
84108
84118
84127
84128
84129
84134
84138
84141
84142
84145
84152
84156
84157
84160
84163
84164
84168
84174
84175
84176
84181
84186
84187
84194
84197
84199
84200
84201
84206
84215
84216
84218
84222
84228
84229
84233
84235
84239
84243
84244
84246
84255
84256
84257
84259
84262
84271
84272
84273
84280
84282
84285
84287
84288
84290
84292
84293
84294
84297
84298
84300
84309
84310
84311
84312
84313
84316
84322
84325
84333
84335
84336
84338
84343
84350
84351
84354
84355
84356
84357
84358
84364
84365
84376
84378
84379
84381
84384
84387
84391
84399
84401
84408
84409
84414
84418
84422
84425
84426
84429
84433
84436
84438
84442
84446
84448
84450
84459
84464
84466
84478
84481
84486
84487
84488
84489
84492
84494
84504
84507
84508
84510
84522
84524
84529
84532
84533
84534
84537
84540
84541
84548
84549
84554
84563
84565
84567
84570
84573
84576
84578
84583
84584
84586
84591
84593
84598
84603
84611
84617
84619
84620
84625
84629
84632
84635
84637
84638
84642
84644
84645
84646
84647
84648
84655
84659
84664
84665
84668
84670
84673
84674
84675
84676
84677
84679
84685
84686
84688
84699
84700
84701
84702
84705
84709
84713
84714
84716
84720
84722
84724
84726
84728
84734
84735
84736
84740
84745
84746
84747
84748
84750
84753
84755
84761
84766
84769
84770
84781
84791
84792
84793
84796
84801
84806
84810
84811
84814
84815
84817
84823
84825
84828
84833
84836
84838
84843
84853
84858
84859
84862
84871
84875
84877
84878
84887
84888
84889
84890
84891
84892
84893
84901
84905
84906
84907
84909
84912
84919
84930
84934
84939
84941
84943
84944
84947
84966
84971
84972
84973
84976
84979
84980
84982
84983
84984
84988
84991
84995
85000
85008
85010
85014
85017
85027
85029
85033
85037
85039
85040
85043
85045
85046
85047
85057
85058
85070
85072
85080
85081
85086
85090
85091
85092
85094
85099
85101
85102
85103
85110
85117
85129
85136
85140
85142
85144
85146
85151
85154
85156
85174
85176
85181
85182
85186
85193
85194
85201
85202
85205
85210
85214
85217
85220
85222
85223
85225
85232
85241
85250
85252
85255
85257
85260
85264
85265
85275
85276
85279
85280
85283
85284
85286
85289
85295
85299
85300
85308
85310
85311
85313
85314
85319
85321
85324
85326
85338
85340
85342
85346
85347
85354
85357
85364
85365
85366
85367
85369
85370
85374
85378
85379
85380
85383
85399
85401
85403
85409
85413
85414
85419
85434
85437
85439
85443
85444
85445
85446
85448
85456
85457
85458
85459
85464
85467
85469
85471
85475
85476
85478
85482
85497
85503
85505
85514
85515
85517
85519
85526
85527
85535
85536
85540
85541
85545
85550
85553
85558
85561
85562
85565
85567
85570
85571
85573
85575
85583
85587
85595
85596
85597
85598
85601
85606
85608
85612
85614
85617
85631
85635
85636
85639
85641
85642
85643
85646
85647
85650
85658
85663
85665
85673
85676
85679
85688
85690
85692
85699
85703
85704
85707
85708
85715
85718
85719
85721
85728
85729
85730
85736
85739
85740
85743
85749
85750
85751
85759
85763
85770
85773
85776
85779
85781
85782
85783
85787
85789
85791
85792
85796
85797
85798
85799
85808
85823
85826
85827
85831
85833
85836
85840
85841
85866
85867
85868
85869
85880
85884
85885
85886
85898
85901
85902
85905
85908
85912
85917
85923
85926
85927
85928
85943
85945
85946
85948
85949
85950
85959
85963
85966
85967
85970
85973
85976
85978
85983
85985
85986
85987
85988
85992
85996
85999
86014
86017
86020
86029
86031
86037
86039
86046
86047
86049
86055
86058
86060
86064
86065
86067
86070
86072
86090
86094
86097
86100
86102
86105
86108
86118
86121
86124
86125
86131
86132
86133
86144
86149
86153
86156
86157
86158
86159
86160
86161
86168
86170
86173
86174
86176
86190
86191
86192
86196
86198
86203
86210
86214
86219
86223
86224
86225
86231
86232
86234
86235
86239
86243
86245
86254
86260
86261
86265
86266
86267
86272
86275
86279
86287
86291
86294
86299
86301
86315
86316
86319
86320
86321
86324
86325
86335
86340
86347
86348
86351
86353
86354
86359
86361
86368
86369
86371
86372
86376
86377
86379
86381
86385
86399
86400
86403
86405
86406
86409
86410
86412
86416
86417
86422
86423
86425
86429
86433
86436
86443
86455
86460
86468
86471
86473
86479
86482
86483
86489
86491
86492
86498
86499
86505
86507
86508
86513
86514
86521
86523
86524
86533
86539
86549
86560
86562
86563
86572
86573
86577
86578
86589
86590
86598
86601
86605
86608
86610
86611
86616
86619
86622
86623
86629
86630
86631
86635
86636
86638
86641
86644
86646
86647
86652
86657
86662
86668
86671
86672
86675
86676
86692
86695
86698
86700
86704
86711
86715
86716
86718
86726
86731
86732
86734
86735
86736
86738
86742
86743
86748
86750
86751
86752
86762
86764
86767
86771
86773
86776
86778
86779
86786
86788
86791
86792
86793
86794
86797
86802
86806
86807
86810
86813
86820
86824
86827
86830
86833
86838
86842
86844
86849
86855
86856
86863
86864
86865
86873
86875
86878
86880
86884
86888
86891
86893
86907
86914
86916
86918
86922
86925
86926
86931
86932
86936
86937
86947
86951
86954
86958
86961
86965
86967
86970
86973
86977
86980
86981
86985
86999
87006
87009
87012
87020
87023
87028
87029
87030
87032
87036
87045
87051
87052
87055
87057
87060
87063
87064
87070
87073
87091
87095
87110
87112
87114
87117
87118
87132
87135
87147
87149
87150
87151
87153
87156
87158
87161
87162
87166
87170
87175
87178
87179
87183
87194
87195
87205
87206
87221
87235
87241
87246
87247
87254
87255
87257
87263
87266
87272
87275
87283
87285
87286
87301
87303
87304
87305
87310
87312
87314
87317
87321
87322
87324
87325
87326
87327
87347
87368
87376
87377
87378
87384
87395
87398
87400
87401
87410
87411
87413
87416
87418
87419
87420
87422
87425
87426
87429
87438
87442
87443
87445
87451
87452
87453
87454
87456
87465
87470
87473
87474
87476
87478
87484
87489
87496
87502
87505
87509
87516
87522
87526
87527
87528
87529
87531
87533
87538
87539
87546
87551
87553
87557
87560
87562
87576
87578
87585
87593
87600
87604
87609
87614
87618
87620
87622
87624
87626
87629
87630
87634
87643
87651
87655
87656
87663
87664
87667
87672
87681
87685
87686
87693
87695
87709
87710
87715
87719
87720
87727
87733
87737
87738
87743
87749
87754
87759
87760
87769
87772
87778
87783
87792
87793
87795
87796
87797
87805
87809
87810
87818
87819
87823
87824
87829
87831
87833
87834
87838
87840
87842
87843
87847
87848
87853
87855
87862
87870
87871
87873
87874
87882
87887
87890
87897
87905
87910
87917
87920
87922
87923
87930
87959
87967
87973
87979
87981
87984
87986
87987
87994
87997
88004
88008
88010
88017
88018
88025
88028
88029
88034
88036
88038
88047
88048
88061
88064
88066
88070
88083
88086
88090
88100
88104
88105
88106
88110
88117
88121
88126
88127
88128
88129
88130
88137
88140
88144
88146
88153
88154
88156
88157
88160
88163
88173
88186
88187
88189
88198
88200
88205
88211
88213
88217
88222
88223
88226
88239
88243
88244
88247
88251
88252
88257
88261
88262
88271
88273
88274
88278
88279
88280
88282
88285
88290
88292
88295
88296
88297
88300
88301
88302
88315
88333
88335
88341
88343
88344
88345
88347
88351
88356
88367
88371
88373
88376
88377
88378
88380
88388
88390
88392
88398
88408
88410
88417
88424
88427
88429
88433
88435
88437
88438
88443
88444
88447
88449
88452
88453
88454
88461
88463
88464
88466
88468
88469
88473
88476
88478
88481
88483
88485
88493
88495
88497
88500
88502
88507
88515
88516
88523
88524
88526
88533
88541
88546
88550
88555
88558
88559
88563
88565
88569
88573
88575
88577
88584
88585
88591
88592
88600
88601
88604
88605
88614
88620
88622
88624
88625
88629
88631
88633
88634
88637
88639
88641
88648
88651
88652
88654
88656
88661
88665
88668
88670
88674
88675
88679
88680
88681
88704
88712
88716
88717
88725
88728
88731
88733
88743
88744
88746
88749
88754
88756
88760
88762
88764
88766
88768
88780
88784
88785
88787
88788
88789
88797
88801
88802
88805
88806
88807
88814
88818
88821
88822
88823
88824
88826
88830
88831
88839
88841
88842
88843
88845
88848
88862
88868
88884
88888
88892
88895
88901
88903
88907
88908
88909
88913
88923
88932
88935
88942
88945
88946
88947
88953
88961
88966
88967
88970
88972
88977
88983
88987
88988
89006
89007
89012
89014
89018
89020
89027
89036
89037
89041
89043
89044
89052
89054
89058
89059
89063
89064
89069
89076
89077
89078
89081
89082
89085
89086
89088
89090
89092
89097
89101
89102
89105
89110
89111
89115
89117
89119
89120
89124
89127
89132
89143
89145
89146
89151
89154
89158
89160
89171
89172
89173
89175
89179
89181
89187
89190
89192
89204
89211
89212
89222
89227
89228
89230
89236
89239
89240
89242
89245
89255
89258
89263
89264
89267
89269
89284
89291
89295
89301
89308
89311
89314
89317
89320
89321
89324
89325
89329
89342
89343
89345
89348
89349
89363
89366
89369
89370
89375
89376
89386
89388
89389
89404
89408
89409
89410
89411
89413
89417
89423
89426
89430
89434
89445
89446
89450
89454
89456
89459
89461
89465
89468
89475
89478
89480
89484
89485
89489
89493
89495
89497
89500
89502
89506
89517
89519
89528
89531
89538
89539
89540
89543
89545
89549
89561
89563
89570
89575
89577
89578
89579
89595
89596
89599
89609
89621
89624
89630
89632
89639
89644
89647
89655
89667
89668
89671
89678
89679
89680
89683
89684
89687
89689
89690
89691
89692
89698
89699
89701
89702
89705
89706
89707
89708
89710
89711
89712
89714
89725
89728
89731
89737
89745
89754
89755
89759
89766
89768
89776
89782
89784
89786
89787
89793
89795
89798
89799
89801
89813
89814
89816
89817
89822
89826
89829
89830
89831
89832
89833
89835
89836
89838
89842
89845
89851
89861
89867
89871
89873
89882
89886
89887
89894
89895
89897
89901
89903
89908
89911
89916
89923
89924
89927
89931
89934
89944
89945
89949
89954
89964
89969
89976
89984
89988
89993
89999
90000
90002
90007
90010
90012
90014
90017
90026
90027
90031
90033
90048
90051
90054
90056
90058
90060
90062
90069
90079
90086
90089
90097
90101
90107
90111
90112
90117
90119
90123
90126
90127
90128
90129
90130
90136
90140
90143
90146
90147
90149
90150
90151
90152
90156
90162
90178
90180
90183
90188
90189
90197
90199
90203
90205
90210
90211
90214
90218
90225
90226
90227
90236
90237
90241
90242
90246
90248
90252
90255
90260
90274
90278
90286
90287
90290
90293
90294
90300
90305
90307
90315
90320
90327
90332
90342
90345
90349
90350
90354
90363
90371
90372
90377
90382
90383
90385
90386
90390
90392
90394
90395
90406
90407
90410
90411
90414
90415
90416
90419
90423
90430
90434
90439
90443
90446
90448
90452
90455
90456
90460
90461
90463
90464
90468
90479
90482
90489
90493
90495
90496
90499
90502
90509
90512
90515
90527
90533
90534
90536
90537
90538
90540
90545
90549
90551
90560
90563
90566
90568
90572
90575
90580
90581
90582
90583
90586
90599
90600
90601
90602
90603
90606
90607
90609
90616
90619
90625
90626
90627
90629
90636
90639
90641
90642
90643
90646
90651
90656
90668
90670
90679
90680
90681
90682
90687
90692
90694
90699
90700
90701
90702
90707
90710
90712
90713
90717
90718
90720
90722
90727
90729
90734
90735
90736
90737
90742
90743
90748
90750
90758
90759
90763
90766
90767
90774
90777
90780
90781
90782
90785
90788
90796
90805
90808
90809
90810
90813
90821
90832
90844
90859
90861
90875
90878
90886
90898
90904
90907
90908
90912
90916
90917
90922
90926
90931
90934
90938
90940
90943
90946
90949
90953
90955
90959
90960
90966
90971
90979
90983
90997
90998
91000
91006
91007
91015
91020
91036
91037
91044
91048
91056
91059
91062
91063
91064
91068
91070
91071
91077
91078
91087
91089
91090
91092
91094
91096
91097
91098
91100
91103
91106
91108
91112
91125
91132
91133
91136
91137
91143
91144
91145
91149
91156
91161
91169
91170
91173
91174
91175
91179
91184
91187
91188
91191
91197
91198
91200
91210
91216
91223
91224
91226
91229
91235
91240
91253
91255
91259
91260
91266
91270
91271
91274
91275
91279
91284
91291
91294
91298
91300
91301
91303
91307
91310
91316
91317
91318
91319
91324
91326
91332
91340
91341
91345
91349
91357
91359
91360
91366
91373
91377
91380
91383
91384
91389
91400
91401
91409
91410
91412
91413
91416
91420
91424
91427
91428
91431
91433
91434
91435
91436
91437
91438
91443
91445
91449
91457
91459
91463
91466
91467
91479
91491
91492
91494
91496
91497
91499
91500
91502
91503
91505
91508
91512
91514
91515
91517
91525
91531
91536
91539
91540
91541
91543
91552
91554
91555
91558
91561
91565
91567
91574
91575
91580
91585
91589
91597
91600
91601
91605
91611
91623
91627
91630
91633
91635
91636
91638
91640
91648
91651
91657
91660
91662
91673
91677
91679
91691
91696
91698
91704
91711
91721
91728
91729
91730
91746
91750
91752
91756
91760
91765
91768
91770
91778
91783
91788
91795
91796
91797
91805
91808
91810
91811
91817
91821
91825
91826
91834
91838
91839
91841
91843
91847
91849
91852
91855
91863
91864
91865
91868
91887
91892
91893
91894
91904
91907
91910
91917
91919
91921
91924
91925
91929
91935
91937
91939
91940
91944
91945
91947
91951
91956
91960
91967
91968
91970
91971
91975
91976
91978
91981
91982
91983
91986
91993
92004
92007
92011
92019
92025
92027
92031
92033
92035
92038
92041
92042
92043
92044
92047
92048
92050
92051
92054
92060
92062
92064
92069
92075
92079
92082
92085
92089
92090
92092
92094
92099
92102
92103
92108
92114
92118
92120
92125
92128
92131
92132
92133
92135
92137
92140
92145
92148
92150
92154
92155
92157
92161
92165
92169
92172
92180
92184
92195
92200
92203
92204
92207
92208
92213
92216
92217
92218
92225
92230
92234
92235
92237
92241
92244
92245
92250
92253
92254
92258
92259
92260
92261
92266
92268
92274
92278
92284
92285
92290
92292
92299
92305
92306
92313
92314
92320
92322
92323
92325
92328
92335
92345
92349
92355
92358
92362
92364
92371
92382
92383
92386
92390
92391
92395
92396
92397
92399
92400
92403
92409
92410
92413
92416
92421
92423
92425
92431
92434
92435
92445
92446
92447
92448
92449
92456
92459
92465
92466
92467
92468
92475
92478
92481
92482
92488
92494
92496
92498
92500
92502
92509
92510
92511
92517
92525
92527
92531
92533
92535
92536
92541
92547
92549
92552
92554
92564
92570
92578
92579
92584
92595
92598
92607
92610
92619
92621
92624
92626
92627
92630
92631
92632
92634
92636
92641
92642
92644
92649
92653
92664
92669
92675
92676
92680
92685
92689
92690
92694
92695
92698
92705
92713
92725
92736
92739
92740
92741
92747
92748
92758
92768
92772
92773
92781
92782
92794
92798
92799
92802
92804
92805
92808
92814
92816
92818
92824
92825
92829
92831
92832
92835
92843
92844
92853
92854
92857
92858
92860
92868
92869
92870
92883
92886
92899
92901
92905
92906
92913
92916
92918
92927
92935
92937
92947
92949
92950
92954
92955
92960
92961
92962
92963
92970
92975
92978
92981
92982
92984
92986
92993
92997
93001
93006
93007
93008
93013
93017
93020
93022
93034
93040
93048
93050
93051
93055
93058
93060
93068
93092
93093
93097
93106
93116
93118
93121
93122
93128
93131
93132
93137
93141
93142
93145
93146
93149
93150
93154
93159
93167
93168
93169
93170
93171
93172
93173
93177
93178
93182
93183
93186
93187
93188
93194
93207
93210
93218
93219
93220
93222
93223
93228
93230
93234
93243
93252
93258
93261
93265
93268
93275
93283
93287
93289
93290
93295
93299
93300
93308
93317
93319
93321
93324
93325
93332
93335
93336
93338
93341
93342
93359
93360
93363
93364
93375
93378
93393
93395
93396
93399
93405
93408
93422
93424
93428
93434
93436
93448
93451
93460
93461
93465
93473
93474
93478
93484
93485
93488
93493
93494
93495
93497
93500
93503
93504
93509
93513
93517
93519
93526
93527
93531
93532
93534
93541
93542
93544
93559
93565
93570
93571
93574
93587
93588
93590
93591
93592
93604
93612
93613
93615
93616
93619
93627
93635
93637
93639
93641
93642
93643
93648
93651
93653
93655
93660
93664
93666
93669
93676
93678
93686
93687
93692
93696
93697
93698
93708
93712
93715
93720
93727
93732
93741
93744
93750
93752
93775
93777
93778
93785
93805
93806
93809
93822
93827
93829
93832
93833
93835
93840
93842
93843
93844
93853
93855
93856
93864
93868
93873
93874
93880
93884
93886
93888
93896
93899
93920
93923
93926
93932
93933
93938
93948
93960
93964
93968
93971
93982
93987
94002
94016
94018
94019
94020
94025
94027
94029
94033
94044
94045
94046
94047
94050
94059
94060
94063
94064
94067
94071
94075
94076
94082
94085
94086
94089
94090
94092
94093
94094
94104
94109
94112
94121
94123
94138
94140
94150
94157
94162
94164
94170
94171
94172
94174
94178
94179
94190
94193
94197
94205
94213
94228
94229
94231
94234
94238
94242
94246
94247
94252
94258
94259
94261
94268
94270
94286
94289
94291
94295
94297
94305
94306
94308
94315
94316
94320
94321
94323
94327
94329
94332
94335
94338
94345
94350
94355
94358
94361
94362
94363
94365
94370
94371
94372
94374
94376
94379
94381
94391
94394
94395
94396
94397
94400
94401
94403
94408
94409
94410
94414
94416
94423
94428
94433
94436
94447
94450
94454
94458
94459
94461
94462
94463
94472
94473
94474
94476
94487
94492
94501
94504
94505
94510
94521
94527
94528
94533
94534
94537
94542
94544
94549
94550
94555
94561
94564
94565
94567
94570
94571
94575
94580
94589
94597
94603
94612
94623
94638
94639
94640
94641
94646
94647
94650
94664
94667
94673
94677
94682
94684
94692
94695
94696
94699
94704
94713
94715
94721
94723
94724
94737
94741
94750
94751
94756
94757
94766
94770
94773
94774
94780
94783
94791
94793
94795
94799
94805
94807
94809
94813
94815
94818
94827
94828
94834
94836
94838
94839
94848
94851
94853
94854
94860
94862
94865
94869
94872
94873
94875
94878
94880
94882
94885
94894
94895
94898
94901
94902
94905
94907
94916
94926
94931
94932
94934
94935
94937
94938
94941
94944
94946
94955
94962
94964
94965
94968
94969
94971
94972
94973
94975
94981
94987
94988
94990
94995
94996
94997
95006
95008
95012
95015
95017
95026
95027
95029
95041
95042
95045
95049
95064
95069
95072
95074
95079
95081
95083
95086
95088
95089
95091
95094
95095
95097
95102
95105
95115
95116
95117
95122
95125
95141
95146
95149
95150
95151
95152
95156
95157
95161
95166
95168
95179
95180
95182
95183
95191
95199
95200
95201
95203
95206
95208
95215
95218
95220
95224
95226
95227
95229
95230
95232
95233
95240
95244
95249
95252
95254
95260
95262
95270
95272
95295
95296
95297
95298
95318
95324
95328
95334
95349
95352
95359
95362
95366
95369
95370
95371
95374
95376
95377
95380
95385
95390
95393
95395
95397
95413
95414
95417
95422
95423
95430
95442
95449
95451
95456
95462
95464
95465
95466
95471
95484
95485
95493
95502
95503
95508
95510
95521
95532
95535
95539
95540
95544
95545
95546
95547
95549
95552
95554
95555
95556
95557
95559
95566
95567
95579
95588
95596
95603
95613
95615
95620
95621
95629
95638
95640
95641
95643
95645
95646
95648
95649
95651
95657
95662
95671
95676
95679
95683
95685
95686
95694
95698
95703
95704
95711
95716
95720
95721
95779
95926
96292
96405
124160
124161
124162
124163
124164
124165
124166
124167
124168
124169
124170
124171
124172
124173
124174
124175
124176
124177
124178
124179
124180
124181
124182
124183
124184
124185
124186
124187
124188
124189
124190
124191
124192
124193
124194
124195
124196
124197
124198
124199
124200
124201
124202
124203
124204
124205
124206
124207
124208
124209
124210
124211
124212
124213
124214
124215
124216
124217
124218
124219
124220
124221
124222
124223
124224
124225
124226
124227
124228
124229
124230
124231
124232
124233
124234
124235
124236
124237
124238
124239
124240
124241
124242
124243
124244
124245
124246
124247
124248
124249
124250
124251
124252
124253
124254
124255
124256
124257
124258
124259
124260
124261
124262
124263
124264
124265
124266
124267
124268
124269
124270
124271
124272
124273
124274
124275
124276
124277
124278
124279
124280
124281
124282
124283
124284
124285
124286
124287
124288
124289
124290
124291
124292
124293
124294
124295
124296
124297
124298
124299
124300
124301
124302
124303
124304
124305
124306
124307
124308
124309
124310
124311
124312
124313
124314
124315
124316
124317
124318
124319
124320
124321
124322
124323
124324
124325
124326
124327
124328
124329
124330
124331
124332
124333
124334
124335
124336
124337
124338
124339
124340
124341
124342
124343
124344
124345
124346
124347
124348
124349
124350
124351
124352
124353
124354
124355
124356
124357
124358
124359
124360
124361
124362
124363
124364
124365
124366
124367
124368
124369
124370
124371
124372
124373
124374
124375
124376
124377
124378
124379
124380
124381
124382
124383
124384
124385
124386
124387
124388
124389
124390
124391
124392
124393
124394
124395
124396
124397
124398
124399
124400
124401
124402
124403
124404
124405
124406
124407
124408
124409
124410
124411
124412
124413
124414
124415
124416
124417
124418
124419
124420
124421
124422
124423
124424
124425
124426
124427
124428
124429
124430
124431
124432
124433
124434
124435
124436
124437
124438
124439
124440
124441
124442
124443
124444
124445
124446
124447
124448
124449
124450
124451
124452
124453
124454
124455
124456
124457
124458
124459
124460
124461
124462
124463
124464
124465
124466
124467
124468
124469
124470
124471
124472
124473
124474
124475
124476
124477
124478
124479
124480
124481
124482
124483
124484
124485
124486
124487
124488
124489
124490
124491
124492
124493
124494
124495
124496
124497
124498
124499
124500
124501
124502
124503
124504
124505
124506
124507
124508
124509
124510
124511
124512
124513
124514
124515
124516
124517
124518
124519
124520
124521
124522
124523
124524
124525
124526
124527
124528
124529
124530
124531
124532
124533
124534
124535
124536
124537
124538
124539
124540
124541
124542
124543
124544
124545
124546
124547
124548
124549
124550
124551
124552
124553
124554
124555
124556
124557
124558
124559
124560
124561
124562
124563
124564
124565
124566
124567
124568
124569
124570
124571
124572
124573
124574
124575
124576
124577
124578
124579
124580
124581
124582
124583
124584
124585
124586
124587
124588
124589
124590
124591
124592
124593
124594
124595
124596
124597
124598
124599
124600
124601
124602
124603
124604
124605
124606
124607
124608
124609
124610
124611
124612
124613
124614
124615
124616
124617
124618
124619
124620
124621
124622
124623
124624
124625
124626
124627
124628
124629
124630
124631
124632
124633
124634
124635
124636
124637
124638
124639
124640
124641
124642
124643
124644
124645
124646
124647
124648
124649
124650
124651
124652
124653
124654
124655
124656
124657
124658
124659
124660
124661
124662
124663
124664
124665
124666
124667
124668
124669
124670
124671
124672
124673
124674
124675
124676
124677
124678
124679
124680
124681
124682
124683
124684
124685
124686
124687
124688
124689
124690
124691
124692
124693
124694
124695
124696
124697
124698
124699
124700
124701
124702
124703
124704
124705
124706
124707
124708
124709
124710
124711
124712
124713
124714
124715
124716
124717
124718
124719
124720
124721
124722
124723
124724
124725
124726
124727
124728
124729
124730
124731
124732
124733
124734
124735
124736
124737
124738
124739
124740
124741
124742
124743
124744
124745
124746
124747
124748
124749
124750
124751
124752
124753
124754
124755
124756
124757
124758
124759
124760
124761
124762
124763
124764
124765
124766
124767
124768
124769
124770
124771
124772
124773
124774
124775
124776
124777
124778
124779
124780
124781
124782
124783
124784
124785
124786
124787
124788
124789
124790
124791
124792
124793
124794
124795
124796
124797
124798
124799
124800
124801
124802
124803
124804
124805
124806
124807
124808
124809
124810
124811
124812
124813
124814
124815
124816
124817
124818
124819
124820
124821
124822
124823
124824
124825
124826
124827
124828
124829
124830
124831
124832
124833
124834
124835
124836
124837
124838
124839
124840
124841
124842
124843
124844
124845
124846
124847
124848
124849
124850
124851
124852
124853
124854
124855
124856
124857
124858
124859
124860
124861
124862
124863
124864
124865
124866
124867
124868
124869
124870
124871
124872
124873
124874
124875
124876
124877
124878
124879
124880
124881
124882
124883
124884
124885
124886
124887
124888
124889
124890
124891
124892
124893
124894
124895
124896
124897
124898
124899
124900
124901
124902
124903
124904
124905
124906
124907
124908
124909
124910
124911
124912
124913
124914
124915
124916
124917
124918
124919
124920
124921
124922
124923
124924
124925
124926
124927
124928
124929
124930
124931
124932
124933
124934
124935
124936
124937
124938
124939
124940
124941
124942
124943
124944
124945
124946
124947
124948
124949
124950
124951
124952
124953
124954
124955
124956
124957
124958
124959
124960
124961
124962
124963
124964
124965
124966
124967
124968
124969
124970
124971
124972
124973
124974
124975
124976
124977
124978
124979
124980
124981
124982
124983
124984
124985
124986
124987
124988
124989
124990
124991
124992
124993
124994
124995
124996
124997
124998
124999
125000
125001
125002
125003
125004
125005
125006
125007
125008
125009
125010
125011
125012
125013
125014
125015
125016
125017
125018
125019
125020
125021
125022
125023
125024
125025
125026
125027
125028
125029
125030
125031
125032
125033
125034
125035
125036
125037
125038
125039
125040
125041
125042
125043
125044
125045
125046
125047
125048
125049
125050
125051
125052
125053
125054
125055
125056
125057
125058
125059
125060
125061
125062
125063
125064
125065
125066
125067
125068
125069
125070
125071
125072
125073
125074
125075
125076
125077
125078
125079
125080
125081
125082
125083
125084
125085
125086
125087
125088
125089
125090
125091
125092
125093
125094
125095
125096
125097
125098
125099
125100
125101
125102
125103
125104
125105
125106
125107
125108
125109
125110
125111
125112
125113
125114
125115
125116
125117
125118
125119
125120
125121
125122
125123
125124
125125
125126
125127
125128
125129
125130
125131
125132
125133
125134
125135
125136
125137
125138
125139
125140
125141
125142
125143
125144
125145
125146
125147
125148
125149
125150
125151
125152
125153
125154
125155
125156
125157
125158
125159
125160
125161
125162
125163
125164
125165
125166
125167
125168
125169
125170
125171
125172
125173
125174
125175
125176
125177
125178
125179
125180
125181
125182
125183
125184
125185
125186
125187
125188
125189
125190
125191
125192
125193
125194
125195
125196
125197
125198
125199
125200
125201
125202
125203
125204
125205
125206
125207
125208
125209
125210
125211
125212
125213
125214
125215
125216
125217
125218
125219
125220
125221
125222
125223
125224
125225
125226
125227
125228
125229
125230
125231
125232
125233
125234
125235
125236
125237
125238
125239
125240
125241
125242
125243
125244
125245
125246
125247
125248
125249
125250
125251
125252
125253
125254
125255
125256
125257
125258
125259
125260
125261
125262
125263
125264
125265
125266
125267
125268
125269
125270
125271
125272
125273
125274
125275
125276
125277
125278
125279
125280
125281
125282
125283
125284
125285
125286
125287
125288
125289
125290
125291
125292
125293
125294
125295
125296
125297
125298
125299
125300
125301
125302
125303
125304
125305
125306
125307
125308
125309
125310
125311
125312
125313
125314
125315
125316
125317
125318
125319
125320
125321
125322
125323
125324
125325
125326
125327
125328
125329
125330
125331
125332
125333
125334
125335
125336
125337
125338
125339
125340
125341
125342
125343
125344
125345
125346
125347
125348
125349
125350
125351
125352
125353
125354
125355
125356
125357
125358
125359
125360
125361
125362
125363
125364
125365
125366
125367
125368
125369
125370
125371
125372
125373
125374
125375
125376
125377
125378
125379
125380
125381
125382
125383
125384
125385
125386
125387
125388
125389
125390
125391
125392
125393
125394
125395
125396
125397
125398
125399
125400
125401
125402
125403
125404
125405
125406
125407
125408
125409
125410
125411
125412
125413
125414
125415
125416
125417
125418
125419
125420
125421
125422
125423
125424
125425
125426
125427
125428
125429
125430
125431
125432
125433
125434
125435
125436
125437
125438
125439
125440
125441
125442
125443
125444
125445
125446
125447
125448
125449
125450
125451
125452
125453
125454
125455
125456
125457
125458
125459
125460
125461
125462
125463
125464
125465
125466
125467
125468
125469
125470
125471
125472
125473
125474
125475
125476
125477
125478
125479
125480
125481
125482
125483
125484
125485
125486
125487
125488
125489
125490
125491
125492
125493
125494
125495
125496
125497
125498
125499
125500
125501
125502
125503
125504
125505
125506
125507
125508
125509
125510
125511
125512
125513
125514
125515
125516
125517
125518
125519
125520
125521
125522
125523
125524
125525
125526
125527
125528
125529
125530
125531
125532
125533
125534
125535
125536
125537
125538
125539
125540
125541
125542
125543
125544
125545
125546
125547
125548
125549
125550
125551
125552
125553
125554
125555
125556
125557
125558
125559
125560
125561
125562
125563
125564
125565
125566
125567
125568
125569
125570
125571
125572
125573
125574
125575
125576
125577
125578
125579
125580
125581
125582
125583
125584
125585
125586
125587
125588
125589
125590
125591
125592
125593
125594
125595
125596
125597
125598
125599
125600
125601
125602
125603
125604
125605
125606
125607
125608
125609
125610
125611
125612
125613
125614
125615
125616
125617
125618
125619
125620
125621
125622
125623
125624
125625
125626
125627
125628
125629
125630
125631
125632
125633
125634
125635
125636
125637
125638
125639
125640
125641
125642
125643
125644
125645
125646
125647
125648
125649
125650
125651
125652
125653
125654
125655
125656
125657
125658
125659
125660
125661
125662
125663
125664
125665
125666
125667
125668
125669
125670
125671
125672
125673
125674
125675
125676
125677
125678
125679
125680
125681
125682
125683
125684
125685
125686
125687
125688
125689
125690
125691
125692
125693
125694
125695
125696
125697
125698
125699
125700
125701
125702
125703
125704
125705
125706
125707
125708
125709
125710
125711
125712
125713
125714
125715
125716
125717
125718
125719
125720
125721
125722
125723
125724
125725
125726
125727
125728
125729
125730
125731
125732
125733
125734
125735
125736
125737
125738
125739
125740
125741
125742
125743
125744
125745
125746
125747
125748
125749
125750
125751
125752
125753
125754
125755
125756
125757
125758
125759
125760
125761
125762
125763
125764
125765
125766
125767
125768
125769
125770
125771
125772
125773
125774
125775
125776
125777
125778
125779
125780
125781
125782
125783
125784
125785
125786
125787
125788
125789
125790
125791
125792
125793
125794
125795
125796
125797
125798
125799
125800
125801
125802
125803
125804
125805
125806
125807
125808
125809
125810
125811
125812
125813
125814
125815
125816
125817
125818
125819
125820
125821
125822
125823
125824
125825
125826
125827
125828
125829
125830
125831
125832
125833
125834
125835
125836
125837
125838
125839
125840
125841
125842
125843
125844
125845
125846
125847
125848
125849
125850
125851
125852
125853
125854
125855
125856
125857
125858
125859
125860
125861
125862
125863
125864
125865
125866
125867
125868
125869
125870
125871
125872
125873
125874
125875
125876
125877
125878
125879
125880
125881
125882
125883
125884
125885
125886
125887
125888
125889
125890
125891
125892
125893
125894
125895
125896
125897
125898
125899
125900
125901
125902
125903
125904
125905
125906
125907
125908
125909
125910
125911
125912
125913
125914
125915
125916
125917
125918
125919
125920
125921
125922
125923
125924
125925
125926
125927
125928
125929
125930
125931
125932
125933
125934
125935
125936
125937
125938
125939
125940
125941
125942
125943
125944
125945
125946
125947
125948
125949
125950
125951
125952
125953
125954
125955
125956
125957
125958
125959
125960
125961
125962
125963
125964
125965
125966
125967
125968
125969
125970
125971
125972
125973
125974
125975
125976
125977
125978
125979
125980
125981
125982
125983
125984
125985
125986
125987
125988
125989
125990
125991
125992
125993
125994
125995
125996
125997
125998
125999
126000
126001
126002
126003
126004
126005
126006
126007
126008
126009
126010
126011
126012
126013
126014
126015
126016
126017
126018
126019
126020
126021
126022
126023
126024
126025
126026
126027
126028
126029
126030
126031
126032
126033
126034
126035
126036
126037
126038
126039
126040
126041
126042
126043
126044
126045
126046
126047
126048
126049
126050
126051
126052
126053
126054
126055
126056
126057
126058
126059
126060
126061
126062
126063
126064
126065
126066
126067
126068
126069
126070
126071
126072
126073
126074
126075
126076
126077
126078
126079
126080
126081
126082
126083
126084
126085
126086
126087
126088
126089
126090
126091
126092
126093
126094
126095
126096
126097
126098
126099
126100
126101
126102
126103
126104
126105
126106
126107
126108
126109
126110
126111
126112
126113
126114
126115
126116
126117
126118
126119
126120
126121
126122
126123
126124
126125
126126
126127
126128
126129
126130
126131
126132
126133
126134
126135
126136
126137
126138
126139
126140
126141
126142
126143
126144
126145
126146
126147
126148
126149
126150
126151
126152
126153
126154
126155
126156
126157
126158
126159
126160
126161
126162
126163
126164
126165
126166
126167
126168
126169
126170
126171
126172
126173
126174
126175
126176
126177
126178
126179
126180
126181
126182
126183
126184
126185
126186
126187
126188
126189
126190
126191
126192
126193
126194
126195
126196
126197
126198
126199
126200
126201
126202
126203
126204
126205
126206
126207
126208
126209
126210
126211
126212
126213
126214
126215
126216
126217
126218
126219
126220
126221
126222
126223
126224
126225
126226
126227
126228
126229
126230
126231
126232
126233
126234
126235
126236
126237
126238
126239
126240
126241
126242
126243
126244
126245
126246
126247
126248
126249
126250
126251
126252
126253
126254
126255
126256
126257
126258
126259
126260
126261
126262
126263
126264
126265
126266
126267
126268
126269
126270
126271
126272
126273
126274
126275
126276
126277
126278
126279
126280
126281
126282
126283
126284
126285
126286
126287
126288
126289
126290
126291
126292
126293
126294
126295
126296
126297
126298
126299
126300
126301
126302
126303
126304
126305
126306
126307
126308
126309
126310
126311
126312
126313
126314
126315
126316
126317
126318
126319
126320
126321
126322
126323
126324
126325
126326
126327
126328
126329
126330
126331
126332
126333
126334
126335
126336
126337
126338
126339
126340
126341
126342
126343
126344
126345
126346
126347
126348
126349
126350
126351
126352
126353
126354
126355
126356
126357
126358
126359
126360
126361
126362
126363
126364
126365
126366
126367
126368
126369
126370
126371
126372
126373
126374
126375
126376
126377
126378
126379
126380
126381
126382
126383
126384
126385
126386
126387
126388
126389
126390
126391
126392
126393
126394
126395
126396
126397
126398
126399
126400
126401
126402
126403
126404
126405
126406
126407
126408
126409
126410
126411
126412
126413
126414
126415
126416
126417
126418
126419
126420
126421
126422
126423
126424
126425
126426
126427
126428
126429
126430
126431
126432
126433
126434
126435
126436
126437
126438
126439
126440
126441
126442
126443
126444
126445
126446
126447
126448
126449
126450
126451
126452
126453
126454
126455
126456
126457
126458
126459
126460
126461
126462
126463
126464
126465
126466
126467
126468
126469
126470
126471
126472
126473
126474
126475
126476
126477
126478
126479
126480
126481
126482
126483
126484
126485
126486
126487
126488
126489
126490
126491
126492
126493
126494
126495
126496
126497
126498
126499
126500
126501
126502
126503
126504
126505
126506
126507
126508
126509
126510
126511
126512
126513
126514
126515
126516
126517
126518
126519
126520
126521
126522
126523
126524
126525
126526
126527
126528
126529
126530
126531
126532
126533
126534
126535
126536
126537
126538
126539
126540
126541
126542
126543
126544
126545
126546
126547
126548
126549
126550
126551
126552
126553
126554
126555
126556
126557
126558
126559
126560
126561
126562
126563
126564
126565
126566
126567
126568
126569
126570
126571
126572
126573
126574
126575
126576
126577
126578
126579
126580
126581
126582
126583
126584
126585
126586
126587
126588
126589
126590
126591
126592
126593
126594
126595
126596
126597
126598
126599
126600
126601
126602
126603
126604
126605
126606
126607
126608
126609
126610
126611
126612
126613
126614
126615
126616
126617
126618
126619
126620
126621
126622
126623
126624
126625
126626
126627
126628
126629
126630
126631
126632
126633
126634
126635
126636
126637
126638
126639
126640
126641
126642
126643
126644
126645
126646
126647
126648
126649
126650
126651
126652
126653
126654
126655
126656
126657
126658
126659
126660
126661
126662
126663
126664
126665
126666
126667
126668
126669
126670
126671
126672
126673
126674
126675
126676
126677
126678
126679
126680
126681
126682
126683
126684
126685
126686
126687
126688
126689
126690
126691
126692
126693
126694
126695
126696
126697
126698
126699
126700
126701
126702
126703
126704
126705
126706
126707
126708
126709
126710
126711
126712
126713
126714
126715
126716
126717
126718
126719
126720
126721
126722
126723
126724
126725
126726
126727
126728
126729
126730
126731
126732
126733
126734
126735
126736
126737
126738
126739
126740
126741
126742
126743
126744
126745
126746
126747
126748
126749
126750
126751
126752
126753
126754
126755
126756
126757
126758
126759
126760
126761
126762
126763
126764
126765
126766
126767
126768
126769
126770
126771
126772
126773
126774
126775
126776
126777
126778
126779
126780
126781
126782
126783
126784
126785
126786
126787
126788
126789
126790
126791
126792
126793
126794
126795
126796
126797
126798
126799
126800
126801
126802
126803
126804
126805
126806
126807
126808
126809
126810
126811
126812
126813
126814
126815
126816
126817
126818
126819
126820
126821
126822
126823
126824
126825
126826
126827
126828
126829
126830
126831
126832
126833
126834
126835
126836
126837
126838
126839
126840
126841
126842
126843
126844
126845
126846
126847
126848
126849
126850
126851
126852
126853
126854
126855
126856
126857
126858
126859
126860
126861
126862
126863
126864
126865
126866
126867
126868
126869
126870
126871
126872
126873
126874
126875
126876
126877
126878
126879
126880
126881
126882
126883
126884
126885
126886
126887
126888
126889
126890
126891
126892
126893
126894
126895
126896
126897
126898
126899
126900
126901
126902
126903
126904
126905
126906
126907
126908
126909
126910
126911
126912
126913
126914
126915
126916
126917
126918
126919
126920
126921
126922
126923
126924
126925
126926
126927
126928
126929
126930
126931
126932
126933
126934
126935
126936
126937
126938
126939
126940
126941
126942
126943
126944
126945
126946
126947
126948
126949
126950
126951
126952
126953
126954
126955
126956
126957
126958
126959
126960
126961
126962
126963
126964
126965
126966
126967
126968
126969
126970
126971
126972
126973
126974
126975
126976
126977
126978
126979
126980
126981
126982
126983
126984
126985
126986
126987
126988
126989
126990
126991
126992
126993
126994
126995
126996
126997
126998
126999
127000
127001
127002
127003
127004
127005
127006
127007
127008
127009
127010
127011
127012
127013
127014
127015
127016
127017
127018
127019
127020
127021
127022
127023
127024
127025
127026
127027
127028
127029
127030
127031
127032
127033
127034
127035
127036
127037
127038
127039
127040
127041
127042
127043
127044
127045
127046
127047
127048
127049
127050
127051
127052
127053
127054
127055
127056
127057
127058
127059
127060
127061
127062
127063
127064
127065
127066
127067
127068
127069
127070
127071
127072
127073
127074
127075
127076
127077
127078
127079
127080
127081
127082
127083
127084
127085
127086
127087
127088
127089
127090
127091
127092
127093
127094
127095
127096
127097
127098
127099
127100
127101
127102
127103
127104
127105
127106
127107
127108
127109
127110
127111
127112
127113
127114
127115
127116
127117
127118
127119
127120
127121
127122
127123
127124
127125
127126
127127
127128
127129
127130
127131
127132
127133
127134
127135
127136
127137
127138
127139
127140
127141
127142
127143
127144
127145
127146
127147
127148
127149
127150
127151
127152
127153
127154
127155
127156
127157
127158
127159
127160
127161
127162
127163
127164
127165
127166
127167
127168
127169
127170
127171
127172
127173
127174
127175
127176
127177
127178
127179
127180
127181
127182
127183
127184
127185
127186
127187
127188
127189
127190
127191
127192
127193
127194
127195
127196
127197
127198
127199
127200
127201
127202
127203
127204
127205
127206
127207
127208
127209
127210
127211
127212
127213
127214
127215
127216
127217
127218
127219
127220
127221
127222
127223
127224
127225
127226
127227
127228
127229
127230
127231
127232
127233
127234
127235
127236
127237
127238
127239
127240
127241
127242
127243
127244
127245
127246
127247
127248
127249
127250
127251
127252
127253
127254
127255
127256
127257
127258
127259
127260
127261
127262
127263
127264
127265
127266
127267
127268
127269
127270
127271
127272
127273
127274
127275
127276
127277
127278
127279
127280
127281
127282
127283
127284
127285
127286
127287
127288
127289
127290
127291
127292
127293
127294
127295
127296
127297
127298
127299
127300
127301
127302
127303
127304
127305
127306
127307
127308
127309
127310
127311
127312
127313
127314
127315
127316
127317
127318
127319
127320
127321
127322
127323
127324
127325
127326
127327
127328
127329
127330
127331
127332
127333
127334
127335
127336
127337
127338
127339
127340
127341
127342
127343
127344
127345
127346
127347
127348
127349
127350
127351
127352
127353
127354
127355
127356
127357
127358
127359
127360
127361
127362
127363
127364
127365
127366
127367
127368
127369
127370
127371
127372
127373
127374
127375
127376
127377
127378
127379
127380
127381
127382
127383
127384
127385
127386
127387
127388
127389
127390
127391
127392
127393
127394
127395
127396
127397
127398
127399
127400
127401
127402
127403
127404
127405
127406
127407
127408
127409
127410
127411
127412
127413
127414
127415
127416
127417
127418
127419
127420
127421
127422
127423
127424
127425
127426
127427
127428
127429
127430
127431
127432
127433
127434
127435
127436
127437
127438
127439
127440
127441
127442
127443
127444
127445
127446
127447
127448
127449
127450
127451
127452
127453
127454
127455
127456
127457
127458
127459
127460
127461
127462
127463
127464
127465
127466
127467
127468
127469
127470
127471
127472
127473
127474
127475
127476
127477
127478
127479
127480
127481
127482
127483
127484
127485
127486
127487
127488
127489
127490
127491
127492
127493
127494
127495
127496
127497
127498
127499
127500
127501
127502
127503
127504
127505
127506
127507
127508
127509
127510
127511
127512
127513
127514
127515
127516
127517
127518
127519
127520
127521
127522
127523
127524
127525
127526
127527
127528
127529
127530
127531
127532
127533
127534
127535
127536
127537
127538
127539
127540
127541
127542
127543
127544
127545
127546
127547
127548
127549
127550
127551
127552
127553
127554
127555
127556
127557
127558
127559
127560
127561
127562
127563
127564
127565
127566
127567
127568
127569
127570
127571
127572
127573
127574
127575
127576
127577
127578
127579
127580
127581
127582
127583
127584
127585
127586
127587
127588
127589
127590
127591
127592
127593
127594
127595
127596
127597
127598
127599
127600
127601
127602
127603
127604
127605
127606
127607
127608
127609
127610
127611
127612
127613
127614
127615
127616
127617
127618
127619
127620
127621
127622
127623
127624
127625
127626
127627
127628
127629
127630
127631
127632
127633
127634
127635
127636
127637
127638
127639
127640
127641
127642
127643
127644
127645
127646
127647
127648
127649
127650
127651
127652
127653
127654
127655
127656
127657
127658
127659
127660
127661
127662
127663
127664
127665
127666
127667
127668
127669
127670
127671
127672
127673
127674
127675
127676
127677
127678
127679
127680
127681
127682
127683
127684
127685
127686
127687
127688
127689
127690
127691
127692
127693
127694
127695
127696
127697
127698
127699
127700
127701
127702
127703
127704
127705
127706
127707
127708
127709
127710
127711
127712
127713
127714
127715
127716
127717
127718
127719
127720
127721
127722
127723
127724
127725
127726
127727
127728
127729
127730
127731
127732
127733
127734
127735
127736
127737
127738
127739
127740
127741
127742
127743
127744
127745
127746
127747
127748
127749
127750
127751
127752
127753
127754
127755
127756
127757
127758
127759
127760
127761
127762
127763
127764
127765
127766
127767
127768
127769
127770
127771
127772
127773
127774
127775
127776
127777
127778
127779
127780
127781
127782
127783
127784
127785
127786
127787
127788
127789
127790
127791
127792
127793
127794
127795
127796
127797
127798
127799
127800
127801
127802
127803
127804
127805
127806
127807
127808
127809
127810
127811
127812
127813
127814
127815
127816
127817
127818
127819
127820
127821
127822
127823
127824
127825
127826
127827
127828
127829
127830
127831
127832
127833
127834
127835
127836
127837
127838
127839
127840
127841
127842
127843
127844
127845
127846
127847
127848
127849
127850
127851
127852
127853
127854
127855
127856
127857
127858
127859
127860
127861
127862
127863
127864
127865
127866
127867
127868
127869
127870
127871
127872
127873
127874
127875
127876
127877
127878
127879
127880
127881
127882
127883
127884
127885
127886
127887
127888
127889
127890
127891
127892
127893
127894
127895
127896
127897
127898
127899
127900
127901
127902
127903
127904
127905
127906
127907
127908
127909
127910
127911
127912
127913
127914
127915
127916
127917
127918
127919
127920
127921
127922
127923
127924
127925
127926
127927
127928
127929
127930
127931
127932
127933
127934
127935
127936
127937
127938
127939
127940
127941
127942
127943
127944
127945
127946
127947
127948
127949
127950
127951
127952
127953
127954
127955
127956
127957
127958
127959
127960
127961
127962
127963
127964
127965
127966
127967
127968
127969
127970
127971
127972
127973
127974
127975
127976
127977
127978
127979
127980
127981
127982
127983
127984
127985
127986
127987
127988
127989
127990
127991
127992
127993
127994
127995
127996
127997
127998
127999
128000
128001
128002
128003
128004
128005
128006
128007
128008
128009
128010
128011
128012
128013
128014
128015
128016
128017
128018
128019
128020
128021
128022
128023
128024
128025
128026
128027
128028
128029
128030
128031
128032
128033
128034
128035
128036
128037
128038
128039
128040
128041
128042
128043
128044
128045
128046
128047
128048
128049
128050
128051
128052
128053
128054
128055
128056
128057
128058
128059
128060
128061
128062
128063
128064
128065
128066
128067
128068
128069
128070
128071
128072
128073
128074
128075
128076
128077
128078
128079
128080
128081
128082
128083
128084
128085
128086
128087
128088
128089
128090
128091
128092
128093
128094
128095
128096
128097
128098
128099
128100
128101
128102
128103
128104
128105
128106
128107
128108
128109
128110
128111
128112
128113
128114
128115
128116
128117
128118
128119
128120
128121
128122
128123
128124
128125
128126
128127
128128
128129
128130
128131
128132
128133
128134
128135
128136
128137
128138
128139
128140
128141
128142
128143
128144
128145
128146
128147
128148
128149
128150
128151
128152
128153
128154
128155
128156
128157
128158
128159
128160
128161
128162
128163
128164
128165
128166
128167
128168
128169
128170
128171
128172
128173
128174
128175
128176
128177
128178
128179
128180
128181
128182
128183
128184
128185
128186
128187
128188
128189
128190
128191
128192
128193
128194
128195
128196
128197
128198
128199
128200
128201
128202
128203
128204
128205
128206
128207
128208
128209
128210
128211
128212
128213
128214
128215
128216
128217
128218
128219
128220
128221
128222
128223
128224
128225
128226
128227
128228
128229
128230
128231
128232
128233
128234
128235
128236
128237
128238
128239
128240
128241
128242
128243
128244
128245
128246
128247
128248
128249
128250
128251
128252
128253
128254
128255
128256
128257
128258
128259
128260
128261
128262
128263
128264
128265
128266
128267
128268
128269
128270
128271
128272
128273
128274
128275
128276
128277
128278
128279
128280
128281
128282
128283
128284
128285
128286
128287
128288
128289
128290
128291
128292
128293
128294
128295
128296
128297
128298
128299
128300
128301
128302
128303
128304
128305
128306
128307
128308
128309
128310
128311
128312
128313
128314
128315
128316
128317
128318
128319
128320
128321
128322
128323
128324
128325
128326
128327
128328
128329
128330
128331
128332
128333
128334
128335
128336
128337
128338
128339
128340
128341
128342
128343
128344
128345
128346
128347
128348
128349
128350
128351
128352
128353
128354
128355
128356
128357
128358
128359
128360
128361
128362
128363
128364
128365
128366
128367
128368
128369
128370
128371
128372
128373
128374
128375
128376
128377
128378
128379
128380
128381
128382
128383
128384
128385
128386
128387
128388
128389
128390
128391
128392
128393
128394
128395
128396
128397
128398
128399
128400
128401
128402
128403
128404
128405
128406
128407
128408
128409
128410
128411
128412
128413
128414
128415
128416
128417
128418
128419
128420
128421
128422
128423
128424
128425
128426
128427
128428
128429
128430
128431
128432
128433
128434
128435
128436
128437
128438
128439
128440
128441
128442
128443
128444
128445
128446
128447
128448
128449
128450
128451
128452
128453
128454
128455
128456
128457
128458
128459
128460
128461
128462
128463
128464
128465
128466
128467
128468
128469
128470
128471
128472
128473
128474
128475
128476
128477
128478
128479
128480
128481
128482
128483
128484
128485
128486
128487
128488
128489
128490
128491
128492
128493
128494
128495
128496
128497
128498
128499
128500
128501
128502
128503
128504
128505
128506
128507
128508
128509
128510
128511
128512
128513
128514
128515
128516
128517
128518
128519
128520
128521
128522
128523
128524
128525
128526
128527
128528
128529
128530
128531
128532
128533
128534
128535
128536
128537
128538
128539
128540
128541
128542
128543
128544
128545
128546
128547
128548
128549
128550
128551
128552
128553
128554
128555
128556
128557
128558
128559
128560
128561
128562
128563
128564
128565
128566
128567
128568
128569
128570
128571
128572
128573
128574
128575
128576
128577
128578
128579
128580
128581
128582
128583
128584
128585
128586
128587
128588
128589
128590
128591
128592
128593
128594
128595
128596
128597
128598
128599
128600
128601
128602
128603
128604
128605
128606
128607
128608
128609
128610
128611
128612
128613
128614
128615
128616
128617
128618
128619
128620
128621
128622
128623
128624
128625
128626
128627
128628
128629
128630
128631
128632
128633
128634
128635
128636
128637
128638
128639
128640
128641
128642
128643
128644
128645
128646
128647
128648
128649
128650
128651
128652
128653
128654
128655
128656
128657
128658
128659
128660
128661
128662
128663
128664
128665
128666
128667
128668
128669
128670
128671
128672
128673
128674
128675
128676
128677
128678
128679
128680
128681
128682
128683
128684
128685
128686
128687
128688
128689
128690
128691
128692
128693
128694
128695
128696
128697
128698
128699
128700
128701
128702
128703
128704
128705
128706
128707
128708
128709
128710
128711
128712
128713
128714
128715
128716
128717
128718
128719
128720
128721
128722
128723
128724
128725
128726
128727
128728
128729
128730
128731
128732
128733
128734
128735
128736
128737
128738
128739
128740
128741
128742
128743
128744
128745
128746
128747
128748
128749
128750
128751
128752
128753
128754
128755
128756
128757
128758
128759
128760
128761
128762
128763
128764
128765
128766
128767
128768
128769
128770
128771
128772
128773
128774
128775
128776
128777
128778
128779
128780
128781
128782
128783
128784
128785
128786
128787
128788
128789
128790
128791
128792
128793
128794
128795
128796
128797
128798
128799
128800
128801
128802
128803
128804
128805
128806
128807
128808
128809
128810
128811
128812
128813
128814
128815
128816
128817
128818
128819
128820
128821
128822
128823
128824
128825
128826
128827
128828
128829
128830
128831
128832
128833
128834
128835
128836
128837
128838
128839
128840
128841
128842
128843
128844
128845
128846
128847
128848
128849
128850
128851
128852
128853
128854
128855
128856
128857
128858
128859
128860
128861
128862
128863
128864
128865
128866
128867
128868
128869
128870
128871
128872
128873
128874
128875
128876
128877
128878
128879
128880
128881
128882
128883
128884
128885
128886
128887
128888
128889
128890
128891
128892
128893
128894
128895
128896
128897
128898
128899
128900
128901
128902
128903
128904
128905
128906
128907
128908
128909
128910
128911
128912
128913
128914
128915
128916
128917
128918
128919
128920
128921
128922
128923
128924
128925
128926
128927
128928
128929
128930
128931
128932
128933
128934
128935
128936
128937
128938
128939
128940
128941
128942
128943
128944
128945
128946
128947
128948
128949
128950
128951
128952
128953
128954
128955
128956
128957
128958
128959
128960
128961
128962
128963
128964
128965
128966
128967
128968
128969
128970
128971
128972
128973
128974
128975
128976
128977
128978
128979
128980
128981
128982
128983
128984
128985
128986
128987
128988
128989
128990
128991
128992
128993
128994
128995
128996
128997
128998
128999
129000
129001
129002
129003
129004
129005
129006
129007
129008
129009
129010
129011
129012
129013
129014
129015
129016
129017
129018
129019
129020
129021
129022
129023
129024
129025
129026
129027
129028
129029
129030
129031
129032
129033
129034
129035
129036
129037
129038
129039
129040
129041
129042
129043
129044
129045
129046
129047
129048
129049
129050
129051
129052
129053
129054
129055
129056
129057
129058
129059
129060
129061
129062
129063
129064
129065
129066
129067
129068
129069
129070
129071
129072
129073
129074
129075
129076
129077
129078
129079
129080
129081
129082
129083
129084
129085
129086
129087
129088
129089
129090
129091
129092
129093
129094
129095
129096
129097
129098
129099
129100
129101
129102
129103
129104
129105
129106
129107
129108
129109
129110
129111
129112
129113
129114
129115
129116
129117
129118
129119
129120
129121
129122
129123
129124
129125
129126
129127
129128
129129
129130
129131
129132
129133
129134
129135
129136
129137
129138
129139
129140
129141
129142
129143
129144
129145
129146
129147
129148
129149
129150
129151
129152
129153
129154
129155
129156
129157
129158
129159
129160
129161
129162
129163
129164
129165
129166
129167
129168
129169
129170
129171
129172
129173
129174
129175
129176
129177
129178
129179
129180
129181
129182
129183
129184
129185
129186
129187
129188
129189
129190
129191
129192
129193
129194
129195
129196
129197
129198
129199
129200
129201
129202
129203
129204
129205
129206
129207
129208
129209
129210
129211
129212
129213
129214
129215
129216
129217
129218
129219
129220
129221
129222
129223
129224
129225
129226
129227
129228
129229
129230
129231
129232
129233
129234
129235
129236
129237
129238
129239
129240
129241
129242
129243
129244
129245
129246
129247
129248
129249
129250
129251
129252
129253
129254
129255
129256
129257
129258
129259
129260
129261
129262
129263
129264
129265
129266
129267
129268
129269
129270
129271
129272
129273
129274
129275
129276
129277
129278
129279
129280
129281
129282
129283
129284
129285
129286
129287
129288
129289
129290
129291
129292
129293
129294
129295
129296
129297
129298
129299
129300
129301
129302
129303
129304
129305
129306
129307
129308
129309
129310
129311
129312
129313
129314
129315
129316
129317
129318
129319
129320
129321
129322
129323
129324
129325
129326
129327
129328
129329
129330
129331
129332
129333
129334
129335
129336
129337
129338
129339
129340
129341
129342
129343
129344
129345
129346
129347
129348
129349
129350
129351
129352
129353
129354
129355
129356
129357
129358
129359
129360
129361
129362
129363
129364
129365
129366
129367
129368
129369
129370
129371
129372
129373
129374
129375
129376
129377
129378
129379
129380
129381
129382
129383
129384
129385
129386
129387
129388
129389
129390
129391
129392
129393
129394
129395
129396
129397
129398
129399
129400
129401
129402
129403
129404
129405
129406
129407
129408
129409
129410
129411
129412
129413
129414
129415
129416
129417
129418
129419
129420
129421
129422
129423
129424
129425
129426
129427
129428
129429
129430
129431
129432
129433
129434
129435
129436
129437
129438
129439
129440
129441
129442
129443
129444
129445
129446
129447
129448
129449
129450
129451
129452
129453
129454
129455
129456
129457
129458
129459
129460
129461
129462
129463
129464
129465
129466
129467
129468
129469
129470
129471
129472
129473
129474
129475
129476
129477
129478
129479
129480
129481
129482
129483
129484
129485
129486
129487
129488
129489
129490
129491
129492
129493
129494
129495
129496
129497
129498
129499
129500
129501
129502
129503
129504
129505
129506
129507
129508
129509
129510
129511
129512
129513
129514
129515
129516
129517
129518
129519
129520
129521
129522
129523
129524
129525
129526
129527
129528
129529
129530
129531
129532
129533
129534
129535
129536
129537
129538
129539
129540
129541
129542
129543
129544
129545
129546
129547
129548
129549
129550
129551
129552
129553
129554
129555
129556
129557
129558
129559
129560
129561
129562
129563
129564
129565
129566
129567
129568
129569
129570
129571
129572
129573
129574
129575
129576
129577
129578
129579
129580
129581
129582
129583
129584
129585
129586
129587
129588
129589
129590
129591
129592
129593
129594
129595
129596
129597
129598
129599
129600
129601
129602
129603
129604
129605
129606
129607
129608
129609
129610
129611
129612
129613
129614
129615
129616
129617
129618
129619
129620
129621
129622
129623
129624
129625
129626
129627
129628
129629
129630
129631
129632
129633
129634
129635
129636
129637
129638
129639
129640
129641
129642
129643
129644
129645
129646
129647
129648
129649
129650
129651
129652
129653
129654
129655
129656
129657
129658
129659
129660
129661
129662
129663
129664
129665
129666
129667
129668
129669
129670
129671
129672
129673
129674
129675
129676
129677
129678
129679
129680
129681
129682
129683
129684
129685
129686
129687
129688
129689
129690
129691
129692
129693
129694
129695
129696
129697
129698
129699
129700
129701
129702
129703
129704
129705
129706
129707
129708
129709
129710
129711
129712
129713
129714
129715
129716
129717
129718
129719
129720
129721
129722
129723
129724
129725
129726
129727
129728
129729
129730
129731
129732
129733
129734
129735
129736
129737
129738
129739
129740
129741
129742
129743
129744
129745
129746
129747
129748
129749
129750
129751
129752
129753
129754
129755
129756
129757
129758
129759
129760
129761
129762
129763
129764
129765
129766
129767
129768
129769
129770
129771
129772
129773
129774
129775
129776
129777
129778
129779
129780
129781
129782
129783
129784
129785
129786
129787
129788
129789
129790
129791
129792
129793
129794
129795
129796
129797
129798
129799
129800
129801
129802
129803
129804
129805
129806
129807
129808
129809
129810
129811
129812
129813
129814
129815
129816
129817
129818
129819
129820
129821
129822
129823
129824
129825
129826
129827
129828
129829
129830
129831
129832
129833
129834
129835
129836
129837
129838
129839
129840
129841
129842
129843
129844
129845
129846
129847
129848
129849
129850
129851
129852
129853
129854
129855
129856
129857
129858
129859
129860
129861
129862
129863
129864
129865
129866
129867
129868
129869
129870
129871
129872
129873
129874
129875
129876
129877
129878
129879
129880
129881
129882
129883
129884
129885
129886
129887
129888
129889
129890
129891
129892
129893
129894
129895
129896
129897
129898
129899
129900
129901
129902
129903
129904
129905
129906
129907
129908
129909
129910
129911
129912
129913
129914
129915
129916
129917
129918
129919
129920
129921
129922
129923
129924
129925
129926
129927
129928
129929
129930
129931
129932
129933
129934
129935
129936
129937
129938
129939
129940
129941
129942
129943
129944
129945
129946
129947
129948
129949
129950
129951
129952
129953
129954
129955
129956
129957
129958
129959
129960
129961
129962
129963
129964
129965
129966
129967
129968
129969
129970
129971
129972
129973
129974
129975
129976
129977
129978
129979
129980
129981
129982
129983
129984
129985
129986
129987
129988
129989
129990
129991
129992
129993
129994
129995
129996
129997
129998
129999
130000
130001
130002
130003
130004
130005
130006
130007
130008
130009
130010
130011
130012
130013
130014
130015
130016
130017
130018
130019
130020
130021
130022
130023
130024
130025
130026
130027
130028
130029
130030
130031
130032
130033
130034
130035
130036
130037
130038
130039
130040
130041
130042
130043
130044
130045
130046
130047
130048
130049
130050
130051
130052
130053
130054
130055
130056
130057
130058
130059
130060
130061
130062
130063
130064
130065
130066
130067
130068
130069
130070
130071
130072
130073
130074
130075
130076
130077
130078
130079
130080
130081
130082
130083
130084
130085
130086
130087
130088
130089
130090
130091
130092
130093
130094
130095
130096
130097
130098
130099
130100
130101
130102
130103
130104
130105
130106
130107
130108
130109
130110
130111
130112
130113
130114
130115
130116
130117
130118
130119
130120
130121
130122
130123
130124
130125
130126
130127
130128
130129
130130
130131
130132
130133
130134
130135
130136
130137
130138
130139
130140
130141
130142
130143
130144
130145
130146
130147
130148
130149
130150
130151
130152
130153
130154
130155
130156
130157
130158
130159
130160
130161
130162
130163
130164
130165
130166
130167
130168
130169
130170
130171
130172
130173
130174
130175
130176
130177
130178
130179
130180
130181
130182
130183
130184
130185
130186
130187
130188
130189
130190
130191
130192
130193
130194
130195
130196
130197
130198
130199
130200
130201
130202
130203
130204
130205
130206
130207
130208
130209
130210
130211
130212
130213
130214
130215
130216
130217
130218
130219
130220
130221
130222
130223
130224
130225
130226
130227
130228
130229
130230
130231
130232
130233
130234
130235
130236
130237
130238
130239
130240
130241
130242
130243
130244
130245
130246
130247
130248
130249
130250
130251
130252
130253
130254
130255
130256
130257
130258
130259
130260
130261
130262
130263
130264
130265
130266
130267
130268
130269
130270
130271
130272
130273
130274
130275
130276
130277
130278
130279
130280
130281
130282
130283
130284
130285
130286
130287
130288
130289
130290
130291
130292
130293
130294
130295
130296
130297
130298
130299
130300
130301
130302
130303
130304
130305
130306
130307
130308
130309
130310
130311
130312
130313
130314
130315
130316
130317
130318
130319
130320
130321
130322
130323
130324
130325
130326
130327
130328
130329
130330
130331
130332
130333
130334
130335
130336
130337
130338
130339
130340
130341
130342
130343
130344
130345
130346
130347
130348
130349
130350
130351
130352
130353
130354
130355
130356
130357
130358
130359
130360
130361
130362
130363
130364
130365
130366
130367
130368
130369
130370
130371
130372
130373
130374
130375
130376
130377
130378
130379
130380
130381
130382
130383
130384
130385
130386
130387
130388
130389
130390
130391
130392
130393
130394
130395
130396
130397
130398
130399
130400
130401
130402
130403
130404
130405
130406
130407
130408
130409
130410
130411
130412
130413
130414
130415
130416
130417
130418
130419
130420
130421
130422
130423
130424
130425
130426
130427
130428
130429
130430
130431
130432
130433
130434
130435
130436
130437
130438
130439
130440
130441
130442
130443
130444
130445
130446
130447
130448
130449
130450
130451
130452
130453
130454
130455
130456
130457
130458
130459
130460
130461
130462
130463
130464
130465
130466
130467
130468
130469
130470
130471
130472
130473
130474
130475
130476
130477
130478
130479
130480
130481
130482
130483
130484
130485
130486
130487
130488
130489
130490
130491
130492
130493
130494
130495
130496
130497
130498
130499
130500
130501
130502
130503
130504
130505
130506
130507
130508
130509
130510
130511
130512
130513
130514
130515
130516
130517
130518
130519
130520
130521
130522
130523
130524
130525
130526
130527
130528
130529
130530
130531
130532
130533
130534
130535
130536
130537
130538
130539
130540
130541
130542
130543
130544
130545
130546
130547
130548
130549
130550
130551
130552
130553
130554
130555
130556
130557
130558
130559
130560
130561
130562
130563
130564
130565
130566
130567
130568
130569
130570
130571
130572
130573
130574
130575
130576
130577
130578
130579
130580
130581
130582
130583
130584
130585
130586
130587
130588
130589
130590
130591
130592
130593
130594
130595
130596
130597
130598
130599
130600
130601
130602
130603
130604
130605
130606
130607
130608
130609
130610
130611
130612
130613
130614
130615
130616
130617
130618
130619
130620
130621
130622
130623
130624
130625
130626
130627
130628
130629
130630
130631
130632
130633
130634
130635
130636
130637
130638
130639
130640
130641
130642
130643
130644
130645
130646
130647
130648
130649
130650
130651
130652
130653
130654
130655
130656
130657
130658
130659
130660
130661
130662
130663
130664
130665
130666
130667
130668
130669
130670
130671
130672
130673
130674
130675
130676
130677
130678
130679
130680
130681
130682
130683
130684
130685
130686
130687
130688
130689
130690
130691
130692
130693
130694
130695
130696
130697
130698
130699
130700
130701
130702
130703
130704
130705
130706
130707
130708
130709
130710
130711
130712
130713
130714
130715
130716
130717
130718
130719
130720
130721
130722
130723
130724
130725
130726
130727
130728
130729
130730
130731
130732
130733
130734
130735
130736
130737
130738
130739
130740
130741
130742
130743
130744
130745
130746
130747
130748
130749
130750
130751
130752
130753
130754
130755
130756
130757
130758
130759
130760
130761
130762
130763
130764
130765
130766
130767
130768
130769
130770
130771
130772
130773
130774
130775
130776
130777
130778
130779
130780
130781
130782
130783
130784
130785
130786
130787
130788
130789
130790
130791
130792
130793
130794
130795
130796
130797
130798
130799
130800
130801
130802
130803
130804
130805
130806
130807
130808
130809
130810
130811
130812
130813
130814
130815
130816
130817
130818
130819
130820
130821
130822
130823
130824
130825
130826
130827
130828
130829
130830
130831
130832
130833
130834
130835
130836
130837
130838
130839
130840
130841
130842
130843
130844
130845
130846
130847
130848
130849
130850
130851
130852
130853
130854
130855
130856
130857
130858
130859
130860
130861
130862
130863
130864
130865
130866
130867
130868
130869
130870
130871
130872
130873
130874
130875
130876
130877
130878
130879
130880
130881
130882
130883
130884
130885
130886
130887
130888
130889
130890
130891
130892
130893
130894
130895
130896
130897
130898
130899
130900
130901
130902
130903
130904
130905
130906
130907
130908
130909
130910
130911
130912
130913
130914
130915
130916
130917
130918
130919
130920
130921
130922
130923
130924
130925
130926
130927
130928
130929
130930
130931
130932
130933
130934
130935
130936
130937
130938
130939
130940
130941
130942
130943
130944
130945
130946
130947
130948
130949
130950
130951
130952
130953
130954
130955
130956
130957
130958
130959
130960
130961
130962
130963
130964
130965
130966
130967
130968
130969
130970
130971
130972
130973
130974
130975
130976
130977
130978
130979
130980
130981
130982
130983
130984
130985
130986
130987
130988
130989
130990
130991
130992
130993
130994
130995
130996
130997
130998
130999
131000
131001
131002
131003
131004
131005
131006
131007
131008
131009
131010
131011
131012
131013
131014
131015
131016
131017
131018
131019
131020
131021
131022
131023
131024
131025
131026
131027
131028
131029
131030
131031
131032
131033
131034
131035
131036
131037
131038
131039
131040
131041
131042
131043
131044
131045
131046
131047
131048
131049
131050
131051
131052
131053
131054
131055
131056
131057
131058
131059
131060
131061
131062
131063
131064
131065
131066
131067
131068
131069
131070
131071
131072
131073
131074
131075
131076
131077
131078
131079
131080
131081
131082
131083
131084
131085
131086
131087
131088
131089
131090
131091
131092
131093
131094
131095
131096
131097
131098
131099
131100
131101
131102
131103
131104
131105
131106
131107
131108
131109
131110
131111
131112
131113
131114
131115
131116
131117
131118
131119
131120
131121
131122
131123
131124
131125
131126
131127
131128
131129
131130
131131
131132
131133
131134
131135
131136
131137
131138
131139
131140
131141
131142
131143
131144
131145
131146
131147
131148
131149
131150
131151
131152
131153
131154
131155
131156
131157
131158
131159
131160
131161
131162
131163
131164
131165
131166
131167
131168
131169
131170
131171
131172
131173
131174
131175
131176
131177
131178
131179
131180
131181
131182
131183
131184
131185
131186
131187
131188
131189
131190
131191
131192
131193
131194
131195
131196
131197
131198
131199
131200
131201
131202
131203
131204
131205
131206
131207
131208
131209
131210
131211
131212
131213
131214
131215
131216
131217
131218
131219
131220
131221
131222
131223
131224
131225
131226
131227
131228
131229
131230
131231
131232
131233
131234
131235
131236
131237
131238
131239
131240
131241
131242
131243
131244
131245
131246
131247
131248
131249
131250
131251
131252
131253
131254
131255
131256
131257
131258
131259
131260
131261
131262
131263
131264
131265
131266
131267
131268
131269
131270
131271
131272
131273
131274
131275
131276
131277
131278
131279
131280
131281
131282
131283
131284
131285
131286
131287
131288
131289
131290
131291
131292
131293
131294
131295
131296
131297
131298
131299
131300
131301
131302
131303
131304
131305
131306
131307
131308
131309
131310
131311
131312
131313
131314
131315
131316
131317
131318
131319
131320
131321
131322
131323
131324
131325
131326
131327
131328
131329
131330
131331
131332
131333
131334
131335
131336
131337
131338
131339
131340
131341
131342
131343
131344
131345
131346
131347
131348
131349
131350
131351
131352
131353
131354
131355
131356
131357
131358
131359
131360
131361
131362
131363
131364
131365
131366
131367
131368
131369
131370
131371
131372
131373
131374
131375
131376
131377
131378
131379
131380
131381
131382
131383
131384
131385
131386
131387
131388
131389
131390
131391
131392
131393
131394
131395
131396
131397
131398
131399
131400
131401
131402
131403
131404
131405
131406
131407
131408
131409
131410
131411
131412
131413
131414
131415
131416
131417
131418
131419
131420
131421
131422
131423
131424
131425
131426
131427
131428
131429
131430
131431
131432
131433
131434
131435
131436
131437
131438
131439
131440
131441
131442
131443
131444
131445
131446
131447
131448
131449
131450
131451
131452
131453
131454
131455
131456
131457
131458
131459
131460
131461
131462
131463
131464
131465
131466
131467
131468
131469
131470
131471
131472
131473
131474
131475
131476
131477
131478
131479
131480
131481
131482
131483
131484
131485
131486
131487
131488
131489
131490
131491
131492
131493
131494
131495
131496
131497
131498
131499
131500
131501
131502
131503
131504
131505
131506
131507
131508
131509
131510
131511
131512
131513
131514
131515
131516
131517
131518
131519
131520
131521
131522
131523
131524
131525
131526
131527
131528
131529
131530
131531
131532
131533
131534
131535
131536
131537
131538
131539
131540
131541
131542
131543
131544
131545
131546
131547
131548
131549
131550
131551
131552
131553
131554
131555
131556
131557
131558
131559
131560
131561
131562
131563
131564
131565
131566
131567
131568
131569
131570
131571
131572
131573
131574
131575
131576
131577
131578
131579
131580
131581
131582
131583
131584
131585
131586
131587
131588
131589
131590
131591
131592
131593
131594
131595
131596
131597
131598
131599
131600
131601
131602
131603
131604
131605
131606
131607
131608
131609
131610
131611
131612
131613
131614
131615
131616
131617
131618
131619
131620
131621
131622
131623
131624
131625
131626
131627
131628
131629
131630
131631
131632
131633
131634
131635
131636
131637
131638
131639
131640
131641
131642
131643
131644
131645
131646
131647
131648
131649
131650
131651
131652
131653
131654
131655
131656
131657
131658
131659
131660
131661
131662
131663
131664
131665
131666
131667
131668
131669
131670
131671
131672
131673
131674
131675
131676
131677
131678
131679
131680
131681
131682
131683
131684
131685
131686
131687
131688
131689
131690
131691
131692
131693
131694
131695
131696
131697
131698
131699
131700
131701
131702
131703
131704
131705
131706
131707
131708
131709
131710
131711
131712
131713
131714
131715
131716
131717
131718
131719
131720
131721
131722
131723
131724
131725
131726
131727
131728
131729
131730
131731
131732
131733
131734
131735
131736
131737
131738
131739
131740
131741
131742
131743
131744
131745
131746
131747
131748
131749
131750
131751
131752
131753
131754
131755
131756
131757
131758
131759
131760
131761
131762
131763
131764
131765
131766
131767
131768
131769
131770
131771
131772
131773
131774
131775
131776
131777
131778
131779
131780
131781
131782
131783
131784
131785
131786
131787
131788
131789
131790
131791
131792
131793
131794
131795
131796
131797
131798
131799
131800
131801
131802
131803
131804
131805
131806
131807
131808
131809
131810
131811
131812
131813
131814
131815
131816
131817
131818
131819
131820
131821
131822
131823
131824
131825
131826
131827
131828
131829
131830
131831
131832
131833
131834
131835
131836
131837
131838
131839
131840
131841
131842
131843
131844
131845
131846
131847
131848
131849
131850
131851
131852
131853
131854
131855
131856
131857
131858
131859
131860
131861
131862
131863
131864
131865
131866
131867
131868
131869
131870
131871
131872
131873
131874
131875
131876
131877
131878
131879
131880
131881
131882
131883
131884
131885
131886
131887
131888
131889
131890
131891
131892
131893
131894
131895
131896
131897
131898
131899
131900
131901
131902
131903
131904
131905
131906
131907
131908
131909
131910
131911
131912
131913
131914
131915
131916
131917
131918
131919
131920
131921
131922
131923
131924
131925
131926
131927
131928
131929
131930
131931
131932
131933
131934
131935
131936
131937
131938
131939
131940
131941
131942
131943
131944
131945
131946
131947
131948
131949
131950
131951
131952
131953
131954
131955
131956
131957
131958
131959
131960
131961
131962
131963
131964
131965
131966
131967
131968
131969
131970
131971
131972
131973
131974
131975
131976
131977
131978
131979
131980
131981
131982
131983
131984
131985
131986
131987
131988
131989
131990
131991
131992
131993
131994
131995
131996
131997
131998
131999
132000
132001
132002
132003
132004
132005
132006
132007
132008
132009
132010
132011
132012
132013
132014
132015
132016
132017
132018
132019
132020
132021
132022
132023
132024
132025
132026
132027
132028
132029
132030
132031
132032
132033
132034
132035
132036
132037
132038
132039
132040
132041
132042
132043
132044
132045
132046
132047
132048
132049
132050
132051
132052
132053
132054
132055
132056
132057
132058
132059
132060
132061
132062
132063
132064
132065
132066
132067
132068
132069
132070
132071
132072
132073
132074
132075
132076
132077
132078
132079
132080
132081
132082
132083
132084
132085
132086
132087
132088
132089
132090
132091
132092
132093
132094
132095
132096
132097
132098
132099
132100
132101
132102
132103
132104
132105
132106
132107
132108
132109
132110
132111
132112
132113
132114
132115
132116
132117
132118
132119
132120
132121
132122
132123
132124
132125
132126
132127
132128
132129
132130
132131
132132
132133
132134
132135
132136
132137
132138
132139
132140
132141
132142
132143
132144
132145
132146
132147
132148
132149
132150
132151
132152
132153
132154
132155
132156
132157
132158
132159
132160
132161
132162
132163
132164
132165
132166
132167
132168
132169
132170
132171
132172
132173
132174
132175
132176
132177
132178
132179
132180
132181
132182
132183
132184
132185
132186
132187
132188
132189
132190
132191
132192
132193
132194
132195
132196
132197
132198
132199
132200
132201
132202
132203
132204
132205
132206
132207
132208
132209
132210
132211
132212
132213
132214
132215
132216
132217
132218
132219
132220
132221
132222
132223
132224
132225
132226
132227
132228
132229
132230
132231
132232
132233
132234
132235
132236
132237
132238
132239
132240
132241
132242
132243
132244
132245
132246
132247
132248
132249
132250
132251
132252
132253
132254
132255
132256
132257
132258
132259
132260
132261
132262
132263
132264
132265
132266
132267
132268
132269
132270
132271
132272
132273
132274
132275
132276
132277
132278
132279
132280
132281
132282
132283
132284
132285
132286
132287
132288
132289
132290
132291
132292
132293
132294
132295
132296
132297
132298
132299
132300
132301
132302
132303
132304
132305
132306
132307
132308
132309
132310
132311
132312
132313
132314
132315
132316
132317
132318
132319
132320
132321
132322
132323
132324
132325
132326
132327
132328
132329
132330
132331
132332
132333
132334
132335
132336
132337
132338
132339
132340
132341
132342
132343
132344
132345
132346
132347
132348
132349
132350
132351
132352
132353
132354
132355
132356
132357
132358
132359
132360
132361
132362
132363
132364
132365
132366
132367
132368
132369
132370
132371
132372
132373
132374
132375
132376
132377
132378
132379
132380
132381
132382
132383
132384
132385
132386
132387
132388
132389
132390
132391
132392
132393
132394
132395
132396
132397
132398
132399
132400
132401
132402
132403
132404
132405
132406
132407
132408
132409
132410
132411
132412
132413
132414
132415
132416
132417
132418
132419
132420
132421
132422
132423
132424
132425
132426
132427
132428
132429
132430
132431
132432
132433
132434
132435
132436
132437
132438
132439
132440
132441
132442
132443
132444
132445
132446
132447
132448
132449
132450
132451
132452
132453
132454
132455
132456
132457
132458
132459
132460
132461
132462
132463
132464
132465
132466
132467
132468
132469
132470
132471
132472
132473
132474
132475
132476
132477
132478
132479
132480
132481
132482
132483
132484
132485
132486
132487
132488
132489
132490
132491
132492
132493
132494
132495
132496
132497
132498
132499
132500
132501
132502
132503
132504
132505
132506
132507
132508
132509
132510
132511
132512
132513
132514
132515
132516
132517
132518
132519
132520
132521
132522
132523
132524
132525
132526
132527
132528
132529
132530
132531
132532
132533
132534
132535
132536
132537
132538
132539
132540
132541
132542
132543
132544
132545
132546
132547
132548
132549
132550
132551
132552
132553
132554
132555
132556
132557
132558
132559
132560
132561
132562
132563
132564
132565
132566
132567
132568
132569
132570
132571
132572
132573
132574
132575
132576
132577
132578
132579
132580
132581
132582
132583
132584
132585
132586
132587
132588
132589
132590
132591
132592
132593
132594
132595
132596
132597
132598
132599
132600
132601
132602
132603
132604
132605
132606
132607
132608
132609
132610
132611
132612
132613
132614
132615
132616
132617
132618
132619
132620
132621
132622
132623
132624
132625
132626
132627
132628
132629
132630
132631
132632
132633
132634
132635
132636
132637
132638
132639
132640
132641
132642
132643
132644
132645
132646
132647
132648
132649
132650
132651
132652
132653
132654
132655
132656
132657
132658
132659
132660
132661
132662
132663
132664
132665
132666
132667
132668
132669
132670
132671
132672
132673
132674
132675
132676
132677
132678
132679
132680
132681
132682
132683
132684
132685
132686
132687
132688
132689
132690
132691
132692
132693
132694
132695
132696
132697
132698
132699
132700
132701
132702
132703
132704
132705
132706
132707
132708
132709
132710
132711
132712
132713
132714
132715
132716
132717
132718
132719
132720
132721
132722
132723
132724
132725
132726
132727
132728
132729
132730
132731
132732
132733
132734
132735
132736
132737
132738
132739
132740
132741
132742
132743
132744
132745
132746
132747
132748
132749
132750
132751
132752
132753
132754
132755
132756
132757
132758
132759
132760
132761
132762
132763
132764
132765
132766
132767
132768
132769
132770
132771
132772
132773
132774
132775
132776
132777
132778
132779
132780
132781
132782
132783
132784
132785
132786
132787
132788
132789
132790
132791
132792
132793
132794
132795
132796
132797
132798
132799
132800
132801
132802
132803
132804
132805
132806
132807
132808
132809
132810
132811
132812
132813
132814
132815
132816
132817
132818
132819
132820
132821
132822
132823
132824
132825
132826
132827
132828
132829
132830
132831
132832
132833
132834
132835
132836
132837
132838
132839
132840
132841
132842
132843
132844
132845
132846
132847
132848
132849
132850
132851
132852
132853
132854
132855
132856
132857
132858
132859
132860
132861
132862
132863
132864
132865
132866
132867
132868
132869
132870
132871
132872
132873
132874
132875
132876
132877
132878
132879
132880
132881
132882
132883
132884
132885
132886
132887
132888
132889
132890
132891
132892
132893
132894
132895
132896
132897
132898
132899
132900
132901
132902
132903
132904
132905
132906
132907
132908
132909
132910
132911
132912
132913
132914
132915
132916
132917
132918
132919
132920
132921
132922
132923
132924
132925
132926
132927
132928
132929
132930
132931
132932
132933
132934
132935
132936
132937
132938
132939
132940
132941
132942
132943
132944
132945
132946
132947
132948
132949
132950
132951
132952
132953
132954
132955
132956
132957
132958
132959
132960
132961
132962
132963
132964
132965
132966
132967
132968
132969
132970
132971
132972
132973
132974
132975
132976
132977
132978
132979
132980
132981
132982
132983
132984
132985
132986
132987
132988
132989
132990
132991
132992
132993
132994
132995
132996
132997
132998
132999
133000
133001
133002
133003
133004
133005
133006
133007
133008
133009
133010
133011
133012
133013
133014
133015
133016
133017
133018
133019
133020
133021
133022
133023
133024
133025
133026
133027
133028
133029
133030
133031
133032
133033
133034
133035
133036
133037
133038
133039
133040
133041
133042
133043
133044
133045
133046
133047
133048
133049
133050
133051
133052
133053
133054
133055
133056
133057
133058
133059
133060
133061
133062
133063
133064
133065
133066
133067
133068
133069
133070
133071
133072
133073
133074
133075
133076
133077
133078
133079
133080
133081
133082
133083
133084
133085
133086
133087
133088
133089
133090
133091
133092
133093
133094
133095
133096
133097
133098
133099
133100
133101
133102
133103
133104
133105
133106
133107
133108
133109
133110
133111
133112
133113
133114
133115
133116
133117
133118
133119
133120
133121
133122
133123
133124
133125
133126
133127
133128
133129
133130
133131
133132
133133
133134
133135
133136
133137
133138
133139
133140
133141
133142
133143
133144
133145
133146
133147
133148
133149
133150
133151
133152
133153
133154
133155
133156
133157
133158
133159
133160
133161
133162
133163
133164
133165
133166
133167
133168
133169
133170
133171
133172
133173
133174
133175
133176
133177
133178
133179
133180
133181
133182
133183
133184
133185
133186
133187
133188
133189
133190
133191
133192
133193
133194
133195
133196
133197
133198
133199
133200
133201
133202
133203
133204
133205
133206
133207
133208
133209
133210
133211
133212
133213
133214
133215
133216
133217
133218
133219
133220
133221
133222
133223
133224
133225
133226
133227
133228
133229
133230
133231
133232
133233
133234
133235
133236
133237
133238
133239
133240
133241
133242
133243
133244
133245
133246
133247
133248
133249
133250
133251
133252
133253
133254
133255
133256
133257
133258
133259
133260
133261
133262
133263
133264
133265
133266
133267
133268
133269
133270
133271
133272
133273
133274
133275
133276
133277
133278
133279
133280
133281
133282
133283
133284
133285
133286
133287
133288
133289
133290
133291
133292
133293
133294
133295
133296
133297
133298
133299
133300
133301
133302
133303
133304
133305
133306
133307
133308
133309
133310
133311
133312
133313
133314
133315
133316
133317
133318
133319
133320
133321
133322
133323
133324
133325
133326
133327
133328
133329
133330
133331
133332
133333
133334
133335
133336
133337
133338
133339
133340
133341
133342
133343
133344
133345
133346
133347
133348
133349
133350
133351
133352
133353
133354
133355
133356
133357
133358
133359
133360
133361
133362
133363
133364
133365
133366
133367
133368
133369
133370
133371
133372
133373
133374
133375
133376
133377
133378
133379
133380
133381
133382
133383
133384
133385
133386
133387
133388
133389
133390
133391
133392
133393
133394
133395
133396
133397
133398
133399
133400
133401
133402
133403
133404
133405
133406
133407
133408
133409
133410
133411
133412
133413
133414
133415
133416
133417
133418
133419
133420
133421
133422
133423
133424
133425
133426
133427
133428
133429
133430
133431
133432
133433
133434
133435
133436
133437
133438
133439
133440
133441
133442
133443
133444
133445
133446
133447
133448
133449
133450
133451
133452
133453
133454
133455
133456
133457
133458
133459
133460
133461
133462
133463
133464
133465
133466
133467
133468
133469
133470
133471
133472
133473
133474
133475
133476
133477
133478
133479
133480
133481
133482
133483
133484
133485
133486
133487
133488
133489
133490
133491
133492
133493
133494
133495
133496
133497
133498
133499
133500
133501
133502
133503
133504
133505
133506
133507
133508
133509
133510
133511
133512
133513
133514
133515
133516
133517
133518
133519
133520
133521
133522
133523
133524
133525
133526
133527
133528
133529
133530
133531
133532
133533
133534
133535
133536
133537
133538
133539
133540
133541
133542
133543
133544
133545
133546
133547
133548
133549
133550
133551
133552
133553
133554
133555
133556
133557
133558
133559
133560
133561
133562
133563
133564
133565
133566
133567
133568
133569
133570
133571
133572
133573
133574
133575
133576
133577
133578
133579
133580
133581
133582
133583
133584
133585
133586
133587
133588
133589
133590
133591
133592
133593
133594
133595
133596
133597
133598
133599
133600
133601
133602
133603
133604
133605
133606
133607
133608
133609
133610
133611
133612
133613
133614
133615
133616
133617
133618
133619
133620
133621
133622
133623
133624
133625
133626
133627
133628
133629
133630
133631
133632
133633
133634
133635
133636
133637
133638
133639
133640
133641
133642
133643
133644
133645
133646
133647
133648
133649
133650
133651
133652
133653
133654
133655
133656
133657
133658
133659
133660
133661
133662
133663
133664
133665
133666
133667
133668
133669
133670
133671
133672
133673
133674
133675
133676
133677
133678
133679
133680
133681
133682
133683
133684
133685
133686
133687
133688
133689
133690
133691
133692
133693
133694
133695
133696
133697
133698
133699
133700
133701
133702
133703
133704
133705
133706
133707
133708
133709
133710
133711
133712
133713
133714
133715
133716
133717
133718
133719
133720
133721
133722
133723
133724
133725
133726
133727
133728
133729
133730
133731
133732
133733
133734
133735
133736
133737
133738
133739
133740
133741
133742
133743
133744
133745
133746
133747
133748
133749
133750
133751
133752
133753
133754
133755
133756
133757
133758
133759
133760
133761
133762
133763
133764
133765
133766
133767
133768
133769
133770
133771
133772
133773
133774
133775
133776
133777
133778
133779
133780
133781
133782
133783
133784
133785
133786
133787
133788
133789
133790
133791
133792
133793
133794
133795
133796
133797
133798
133799
133800
133801
133802
133803
133804
133805
133806
133807
133808
133809
133810
133811
133812
133813
133814
133815
133816
133817
133818
133819
133820
133821
133822
133823
133824
133825
133826
133827
133828
133829
133830
133831
133832
133833
133834
133835
133836
133837
133838
133839
133840
133841
133842
133843
133844
133845
133846
133847
133848
133849
133850
133851
133852
133853
133854
133855
133856
133857
133858
133859
133860
133861
133862
133863
133864
133865
133866
133867
133868
133869
133870
133871
133872
133873
133874
133875
133876
133877
133878
133879
133880
133881
133882
133883
133884
133885
133886
133887
133888
133889
133890
133891
133892
133893
133894
133895
133896
133897
133898
133899
133900
133901
133902
133903
133904
133905
133906
133907
133908
133909
133910
133911
133912
133913
133914
133915
133916
133917
133918
133919
133920
133921
133922
133923
133924
133925
133926
133927
133928
133929
133930
133931
133932
133933
133934
133935
133936
133937
133938
133939
133940
133941
133942
133943
133944
133945
133946
133947
133948
133949
133950
133951
133952
133953
133954
133955
133956
133957
133958
133959
133960
133961
133962
133963
133964
133965
133966
133967
133968
133969
133970
133971
133972
133973
133974
133975
133976
133977
133978
133979
133980
133981
133982
133983
133984
133985
133986
133987
133988
133989
133990
133991
133992
133993
133994
133995
133996
133997
133998
133999
134000
134001
134002
134003
134004
134005
134006
134007
134008
134009
134010
134011
134012
134013
134014
134015
134016
134017
134018
134019
134020
134021
134022
134023
134024
134025
134026
134027
134028
134029
134030
134031
134032
134033
134034
134035
134036
134037
134038
134039
134040
134041
134042
134043
134044
134045
134046
134047
134048
134049
134050
134051
134052
134053
134054
134055
134056
134057
134058
134059
134060
134061
134062
134063
134064
134065
134066
134067
134068
134069
134070
134071
134072
134073
134074
134075
134076
134077
134078
134079
134080
134081
134082
134083
134084
134085
134086
134087
134088
134089
134090
134091
134092
134093
134094
134095
134096
134097
134098
134099
134100
134101
134102
134103
134104
134105
134106
134107
134108
134109
134110
134111
134112
134113
134114
134115
134116
134117
134118
134119
134120
134121
134122
134123
134124
134125
134126
134127
134128
134129
134130
134131
134132
134133
134134
134135
134136
134137
134138
134139
134140
134141
134142
134143
134144
134145
134146
134147
134148
134149
134150
134151
134152
134153
134154
134155
134156
134157
134158
134159
134160
134161
134162
134163
134164
134165
134166
134167
134168
134169
134170
134171
134172
134173
134174
134175
134176
134177
134178
134179
134180
134181
134182
134183
134184
134185
134186
134187
134188
134189
134190
134191
134192
134193
134194
134195
134196
134197
134198
134199
134200
134201
134202
134203
134204
134205
134206
134207
134208
134209
134210
134211
134212
134213
134214
134215
134216
134217
134218
134219
134220
134221
134222
134223
134224
134225
134226
134227
134228
134229
134230
134231
134232
134233
134234
134235
134236
134237
134238
134239
134240
134241
134242
134243
134244
134245
134246
134247
134248
134249
134250
134251
134252
134253
134254
134255
134256
134257
134258
134259
134260
134261
134262
134263
134264
134265
134266
134267
134268
134269
134270
134271
134272
134273
134274
134275
134276
134277
134278
134279
134280
134281
134282
134283
134284
134285
134286
134287
134288
134289
134290
134291
134292
134293
134294
134295
134296
134297
134298
134299
134300
134301
134302
134303
134304
134305
134306
134307
134308
134309
134310
134311
134312
134313
134314
134315
134316
134317
134318
134319
134320
134321
134322
134323
134324
134325
134326
134327
134328
134329
134330
134331
134332
134333
134334
134335
134336
134337
134338
134339
134340
134341
134342
134343
134344
134345
134346
134347
134348
134349
134350
134351
134352
134353
134354
134355
134356
134357
134358
134359
134360
134361
134362
134363
134364
134365
134366
134367
134368
134369
134370
134371
134372
134373
134374
134375
134376
134377
134378
134379
134380
134381
134382
134383
134384
134385
134386
134387
134388
134389
134390
134391
134392
134393
134394
134395
134396
134397
134398
134399
134400
134401
134402
134403
134404
134405
134406
134407
134408
134409
134410
134411
134412
134413
134414
134415
134416
134417
134418
134419
134420
134421
134422
134423
134424
134425
134426
134427
134428
134429
134430
134431
134432
134433
134434
134435
134436
134437
134438
134439
134440
134441
134442
134443
134444
134445
134446
134447
134448
134449
134450
134451
134452
134453
134454
134455
134456
134457
134458
134459
134460
134461
134462
134463
134464
134465
134466
134467
134468
134469
134470
134471
134472
134473
134474
134475
134476
134477
134478
134479
134480
134481
134482
134483
134484
134485
134486
134487
134488
134489
134490
134491
134492
134493
134494
134495
134496
134497
134498
134499
134500
134501
134502
134503
134504
134505
134506
134507
134508
134509
134510
134511
134512
134513
134514
134515
134516
134517
134518
134519
134520
134521
134522
134523
134524
134525
134526
134527
134528
134529
134530
134531
134532
134533
134534
134535
134536
134537
134538
134539
134540
134541
134542
134543
134544
134545
134546
134547
134548
134549
134550
134551
134552
134553
134554
134555
134556
134557
134558
134559
134560
134561
134562
134563
134564
134565
134566
134567
134568
134569
134570
134571
134572
134573
134574
134575
134576
134577
134578
134579
134580
134581
134582
134583
134584
134585
134586
134587
134588
134589
134590
134591
134592
134593
134594
134595
134596
134597
134598
134599
134600
134601
134602
134603
134604
134605
134606
134607
134608
134609
134610
134611
134612
134613
134614
134615
134616
134617
134618
134619
134620
134621
134622
134623
134624
134625
134626
134627
134628
134629
134630
134631
134632
134633
134634
134635
134636
134637
134638
134639
134640
134641
134642
134643
134644
134645
134646
134647
134648
134649
134650
134651
134652
134653
134654
134655
134656
134657
134658
134659
134660
134661
134662
134663
134664
134665
134666
134667
134668
134669
134670
134671
134672
134673
134674
134675
134676
134677
134678
134679
134680
134681
134682
134683
134684
134685
134686
134687
134688
134689
134690
134691
134692
134693
134694
134695
134696
134697
134698
134699
134700
134701
134702
134703
134704
134705
134706
134707
134708
134709
134710
134711
134712
134713
134714
134715
134716
134717
134718
134719
134720
134721
134722
134723
134724
134725
134726
134727
134728
134729
134730
134731
134732
134733
134734
134735
134736
134737
134738
134739
134740
134741
134742
134743
134744
134745
134746
134747
134748
134749
134750
134751
134752
134753
134754
134755
134756
134757
134758
134759
134760
134761
134762
134763
134764
134765
134766
134767
134768
134769
134770
134771
134772
134773
134774
134775
134776
134777
134778
134779
134780
134781
134782
134783
134784
134785
134786
134787
134788
134789
134790
134791
134792
134793
134794
134795
134796
134797
134798
134799
134800
134801
134802
134803
134804
134805
134806
134807
134808
134809
134810
134811
134812
134813
134814
134815
134816
134817
134818
134819
134820
134821
134822
134823
134824
134825
134826
134827
134828
134829
134830
134831
134832
134833
134834
134835
134836
134837
134838
134839
134840
134841
134842
134843
134844
134845
134846
134847
134848
134849
134850
134851
134852
134853
134854
134855
134856
134857
134858
134859
134860
134861
134862
134863
134864
134865
134866
134867
134868
134869
134870
134871
134872
134873
134874
134875
134876
134877
134878
134879
134880
134881
134882
134883
134884
134885
134886
134887
134888
134889
134890
134891
134892
134893
134894
134895
134896
134897
134898
134899
134900
134901
134902
134903
134904
134905
134906
134907
134908
134909
134910
134911
134912
134913
134914
134915
134916
134917
134918
134919
134920
134921
134922
134923
134924
134925
134926
134927
134928
134929
134930
134931
134932
134933
134934
134935
134936
134937
134938
134939
134940
134941
134942
134943
134944
134945
134946
134947
134948
134949
134950
134951
134952
134953
134954
134955
134956
134957
134958
134959
134960
134961
134962
134963
134964
134965
134966
134967
134968
134969
134970
134971
134972
134973
134974
134975
134976
134977
134978
134979
134980
134981
134982
134983
134984
134985
134986
134987
134988
134989
134990
134991
134992
134993
134994
134995
134996
134997
134998
134999
135000
135001
135002
135003
135004
135005
135006
135007
135008
135009
135010
135011
135012
135013
135014
135015
135016
135017
135018
135019
135020
135021
135022
135023
135024
135025
135026
135027
135028
135029
135030
135031
135032
135033
135034
135035
135036
135037
135038
135039
135040
135041
135042
135043
135044
135045
135046
135047
135048
135049
135050
135051
135052
135053
135054
135055
135056
135057
135058
135059
135060
135061
135062
135063
135064
135065
135066
135067
135068
135069
135070
135071
135072
135073
135074
135075
135076
135077
135078
135079
135080
135081
135082
135083
135084
135085
135086
135087
135088
135089
135090
135091
135092
135093
135094
135095
135096
135097
135098
135099
135100
135101
135102
135103
135104
135105
135106
135107
135108
135109
135110
135111
135112
135113
135114
135115
135116
135117
135118
135119
135120
135121
135122
135123
135124
135125
135126
135127
135128
135129
135130
135131
135132
135133
135134
135135
135136
135137
135138
135139
135140
135141
135142
135143
135144
135145
135146
135147
135148
135149
135150
135151
135152
135153
135154
135155
135156
135157
135158
135159
135160
135161
135162
135163
135164
135165
135166
135167
135168
135169
135170
135171
135172
135173
135174
135175
135176
135177
135178
135179
135180
135181
135182
135183
135184
135185
135186
135187
135188
135189
135190
135191
135192
135193
135194
135195
135196
135197
135198
135199
135200
135201
135202
135203
135204
135205
135206
135207
135208
135209
135210
135211
135212
135213
135214
135215
135216
135217
135218
135219
135220
135221
135222
135223
135224
135225
135226
135227
135228
135229
135230
135231
135232
135233
135234
135235
135236
135237
135238
135239
135240
135241
135242
135243
135244
135245
135246
135247
135248
135249
135250
135251
135252
135253
135254
135255
135256
135257
135258
135259
135260
135261
135262
135263
135264
135265
135266
135267
135268
135269
135270
135271
135272
135273
135274
135275
135276
135277
135278
135279
135280
135281
135282
135283
135284
135285
135286
135287
135288
135289
135290
135291
135292
135293
135294
135295
135296
135297
135298
135299
135300
135301
135302
135303
135304
135305
135306
135307
135308
135309
135310
135311
135312
135313
135314
135315
135316
135317
135318
135319
135320
135321
135322
135323
135324
135325
135326
135327
135328
135329
135330
135331
135332
135333
135334
135335
135336
135337
135338
135339
135340
135341
135342
135343
135344
135345
135346
135347
135348
135349
135350
135351
135352
135353
135354
135355
135356
135357
135358
135359
135360
135361
135362
135363
135364
135365
135366
135367
135368
135369
135370
135371
135372
135373
135374
135375
135376
135377
135378
135379
135380
135381
135382
135383
135384
135385
135386
135387
135388
135389
135390
135391
135392
135393
135394
135395
135396
135397
135398
135399
135400
135401
135402
135403
135404
135405
135406
135407
135408
135409
135410
135411
135412
135413
135414
135415
135416
135417
135418
135419
135420
135421
135422
135423
135424
135425
135426
135427
135428
135429
135430
135431
135432
135433
135434
135435
135436
135437
135438
135439
135440
135441
135442
135443
135444
135445
135446
135447
135448
135449
135450
135451
135452
135453
135454
135455
135456
135457
135458
135459
135460
135461
135462
135463
135464
135465
135466
135467
135468
135469
135470
135471
135472
135473
135474
135475
135476
135477
135478
135479
135480
135481
135482
135483
135484
135485
135486
135487
135488
135489
135490
135491
135492
135493
135494
135495
135496
135497
135498
135499
135500
135501
135502
135503
135504
135505
135506
135507
135508
135509
135510
135511
135512
135513
135514
135515
135516
135517
135518
135519
135520
135521
135522
135523
135524
135525
135526
135527
135528
135529
135530
135531
135532
135533
135534
135535
135536
135537
135538
135539
135540
135541
135542
135543
135544
135545
135546
135547
135548
135549
135550
135551
135552
135553
135554
135555
135556
135557
135558
135559
135560
135561
135562
135563
135564
135565
135566
135567
135568
135569
135570
135571
135572
135573
135574
135575
135576
135577
135578
135579
135580
135581
135582
135583
135584
135585
135586
135587
135588
135589
135590
135591
135592
135593
135594
135595
135596
135597
135598
135599
135600
135601
135602
135603
135604
135605
135606
135607
135608
135609
135610
135611
135612
135613
135614
135615
135616
135617
135618
135619
135620
135621
135622
135623
135624
135625
135626
135627
135628
135629
135630
135631
135632
135633
135634
135635
135636
135637
135638
135639
135640
135641
135642
135643
135644
135645
135646
135647
135648
135649
135650
135651
135652
135653
135654
135655
135656
135657
135658
135659
135660
135661
135662
135663
135664
135665
135666
135667
135668
135669
135670
135671
135672
135673
135674
135675
135676
135677
135678
135679
135680
135681
135682
135683
135684
135685
135686
135687
135688
135689
135690
135691
135692
135693
135694
135695
135696
135697
135698
135699
135700
135701
135702
135703
135704
135705
135706
135707
135708
135709
135710
135711
135712
135713
135714
135715
135716
135717
135718
135719
135720
135721
135722
135723
135724
135725
135726
135727
135728
135729
135730
135731
135732
135733
135734
135735
135736
135737
135738
135739
135740
135741
135742
135743
135744
135745
135746
135747
135748
135749
135750
135751
135752
135753
135754
135755
135756
135757
135758
135759
135760
135761
135762
135763
135764
135765
135766
135767
135768
135769
135770
135771
135772
135773
135774
135775
135776
135777
135778
135779
135780
135781
135782
135783
135784
135785
135786
135787
135788
135789
135790
135791
135792
135793
135794
135795
135796
135797
135798
135799
135800
135801
135802
135803
135804
135805
135806
135807
135808
135809
135810
135811
135812
135813
135814
135815
135816
135817
135818
135819
135820
135821
135822
135823
135824
135825
135826
135827
135828
135829
135830
135831
135832
135833
135834
135835
135836
135837
135838
135839
135840
135841
135842
135843
135844
135845
135846
135847
135848
135849
135850
135851
135852
135853
135854
135855
135856
135857
135858
135859
135860
135861
135862
135863
135864
135865
135866
135867
135868
135869
135870
135871
135872
135873
135874
135875
135876
135877
135878
135879
135880
135881
135882
135883
135884
135885
135886
135887
135888
135889
135890
135891
135892
135893
135894
135895
135896
135897
135898
135899
135900
135901
135902
135903
135904
135905
135906
135907
135908
135909
135910
135911
135912
135913
135914
135915
135916
135917
135918
135919
135920
135921
135922
135923
135924
135925
135926
135927
135928
135929
135930
135931
135932
135933
135934
135935
135936
135937
135938
135939
135940
135941
135942
135943
135944
135945
135946
135947
135948
135949
135950
135951
135952
135953
135954
135955
135956
135957
135958
135959
135960
135961
135962
135963
135964
135965
135966
135967
135968
135969
135970
135971
135972
135973
135974
135975
135976
135977
135978
135979
135980
135981
135982
135983
135984
135985
135986
135987
135988
135989
135990
135991
135992
135993
135994
135995
135996
135997
135998
135999
136000
136001
136002
136003
136004
136005
136006
136007
136008
136009
136010
136011
136012
136013
136014
136015
136016
136017
136018
136019
136020
136021
136022
136023
136024
136025
136026
136027
136028
136029
136030
136031
136032
136033
136034
136035
136036
136037
136038
136039
136040
136041
136042
136043
136044
136045
136046
136047
136048
136049
136050
136051
136052
136053
136054
136055
136056
136057
136058
136059
136060
136061
136062
136063
136064
136065
136066
136067
136068
136069
136070
136071
136072
136073
136074
136075
136076
136077
136078
136079
136080
136081
136082
136083
136084
136085
136086
136087
136088
136089
136090
136091
136092
136093
136094
136095
136096
136097
136098
136099
136100
136101
136102
136103
136104
136105
136106
136107
136108
136109
136110
136111
136112
136113
136114
136115
136116
136117
136118
136119
136120
136121
136122
136123
136124
136125
136126
136127
136128
136129
136130
136131
136132
136133
136134
136135
136136
136137
136138
136139
136140
136141
136142
136143
136144
136145
136146
136147
136148
136149
136150
136151
136152
136153
136154
136155
136156
136157
136158
136159
136160
136161
136162
136163
136164
136165
136166
136167
136168
136169
136170
136171
136172
136173
136174
136175
136176
136177
136178
136179
136180
136181
136182
136183
136184
136185
136186
136187
136188
136189
136190
136191
136192
136193
136194
136195
136196
136197
136198
136199
136200
136201
136202
136203
136204
136205
136206
136207
136208
136209
136210
136211
136212
136213
136214
136215
136216
136217
136218
136219
136220
136221
136222
136223
136224
136225
136226
136227
136228
136229
136230
136231
136232
136233
136234
136235
136236
136237
136238
136239
136240
136241
136242
136243
136244
136245
136246
136247
136248
136249
136250
136251
136252
136253
136254
136255
136256
136257
136258
136259
136260
136261
136262
136263
136264
136265
136266
136267
136268
136269
136270
136271
136272
136273
136274
136275
136276
136277
136278
136279
136280
136281
136282
136283
136284
136285
136286
136287
136288
136289
136290
136291
136292
136293
136294
136295
136296
136297
136298
136299
136300
136301
136302
136303
136304
136305
136306
136307
136308
136309
136310
136311
136312
136313
136314
136315
136316
136317
136318
136319
136320
136321
136322
136323
136324
136325
136326
136327
136328
136329
136330
136331
136332
136333
136334
136335
136336
136337
136338
136339
136340
136341
136342
136343
136344
136345
136346
136347
136348
136349
136350
136351
136352
136353
136354
136355
136356
136357
136358
136359
136360
136361
136362
136363
136364
136365
136366
136367
136368
136369
136370
136371
136372
136373
136374
136375
136376
136377
136378
136379
136380
136381
136382
136383
136384
136385
136386
136387
136388
136389
136390
136391
136392
136393
136394
136395
136396
136397
136398
136399
136400
136401
136402
136403
136404
136405
136406
136407
136408
136409
136410
136411
136412
136413
136414
136415
136416
136417
136418
136419
136420
136421
136422
136423
136424
136425
136426
136427
136428
136429
136430
136431
136432
136433
136434
136435
136436
136437
136438
136439
136440
136441
136442
136443
136444
136445
136446
136447
136448
136449
136450
136451
136452
136453
136454
136455
136456
136457
136458
136459
136460
136461
136462
136463
136464
136465
136466
136467
136468
136469
136470
136471
136472
136473
136474
136475
136476
136477
136478
136479
136480
136481
136482
136483
136484
136485
136486
136487
136488
136489
136490
136491
136492
136493
136494
136495
136496
136497
136498
136499
136500
136501
136502
136503
136504
136505
136506
136507
136508
136509
136510
136511
136512
136513
136514
136515
136516
136517
136518
136519
136520
136521
136522
136523
136524
136525
136526
136527
136528
136529
136530
136531
136532
136533
136534
136535
136536
136537
136538
136539
136540
136541
136542
136543
136544
136545
136546
136547
136548
136549
136550
136551
136552
136553
136554
136555
136556
136557
136558
136559
136560
136561
136562
136563
136564
136565
136566
136567
136568
136569
136570
136571
136572
136573
136574
136575
136576
136577
136578
136579
136580
136581
136582
136583
136584
136585
136586
136587
136588
136589
136590
136591
136592
136593
136594
136595
136596
136597
136598
136599
136600
136601
136602
136603
136604
136605
136606
136607
136608
136609
136610
136611
136612
136613
136614
136615
136616
136617
136618
136619
136620
136621
136622
136623
136624
136625
136626
136627
136628
136629
136630
136631
136632
136633
136634
136635
136636
136637
136638
136639
136640
136641
136642
136643
136644
136645
136646
136647
136648
136649
136650
136651
136652
136653
136654
136655
136656
136657
136658
136659
136660
136661
136662
136663
136664
136665
136666
136667
136668
136669
136670
136671
136672
136673
136674
136675
136676
136677
136678
136679
136680
136681
136682
136683
136684
136685
136686
136687
136688
136689
136690
136691
136692
136693
136694
136695
136696
136697
136698
136699
136700
136701
136702
136703
136704
136705
136706
136707
136708
136709
136710
136711
136712
136713
136714
136715
136716
136717
136718
136719
136720
136721
136722
136723
136724
136725
136726
136727
136728
136729
136730
136731
136732
136733
136734
136735
136736
136737
136738
136739
136740
136741
136742
136743
136744
136745
136746
136747
136748
136749
136750
136751
136752
136753
136754
136755
136756
136757
136758
136759
136760
136761
136762
136763
136764
136765
136766
136767
136768
136769
136770
136771
136772
136773
136774
136775
136776
136777
136778
136779
136780
136781
136782
136783
136784
136785
136786
136787
136788
136789
136790
136791
136792
136793
136794
136795
136796
136797
136798
136799
136800
136801
136802
136803
136804
136805
136806
136807
136808
136809
136810
136811
136812
136813
136814
136815
136816
136817
136818
136819
136820
136821
136822
136823
136824
136825
136826
136827
136828
136829
136830
136831
136832
136833
136834
136835
136836
136837
136838
136839
136840
136841
136842
136843
136844
136845
136846
136847
136848
136849
136850
136851
136852
136853
136854
136855
136856
136857
136858
136859
136860
136861
136862
136863
136864
136865
136866
136867
136868
136869
136870
136871
136872
136873
136874
136875
136876
136877
136878
136879
136880
136881
136882
136883
136884
136885
136886
136887
136888
136889
136890
136891
136892
136893
136894
136895
136896
136897
136898
136899
136900
136901
136902
136903
136904
136905
136906
136907
136908
136909
136910
136911
136912
136913
136914
136915
136916
136917
136918
136919
136920
136921
136922
136923
136924
136925
136926
136927
136928
136929
136930
136931
136932
136933
136934
136935
136936
136937
136938
136939
136940
136941
136942
136943
136944
136945
136946
136947
136948
136949
136950
136951
136952
136953
136954
136955
136956
136957
136958
136959
136960
136961
136962
136963
136964
136965
136966
136967
136968
136969
136970
136971
136972
136973
136974
136975
136976
136977
136978
136979
136980
136981
136982
136983
136984
136985
136986
136987
136988
136989
136990
136991
136992
136993
136994
136995
136996
136997
136998
136999
137000
137001
137002
137003
137004
137005
137006
137007
137008
137009
137010
137011
137012
137013
137014
137015
137016
137017
137018
137019
137020
137021
137022
137023
137024
137025
137026
137027
137028
137029
137030
137031
137032
137033
137034
137035
137036
137037
137038
137039
137040
137041
137042
137043
137044
137045
137046
137047
137048
137049
137050
137051
137052
137053
137054
137055
137056
137057
137058
137059
137060
137061
137062
137063
137064
137065
137066
137067
137068
137069
137070
137071
137072
137073
137074
137075
137076
137077
137078
137079
137080
137081
137082
137083
137084
137085
137086
137087
137088
137089
137090
137091
137092
137093
137094
137095
137096
137097
137098
137099
137100
137101
137102
137103
137104
137105
137106
137107
137108
137109
137110
137111
137112
137113
137114
137115
137116
137117
137118
137119
137120
137121
137122
137123
137124
137125
137126
137127
137128
137129
137130
137131
137132
137133
137134
137135
137136
137137
137138
137139
137140
137141
137142
137143
137144
137145
137146
137147
137148
137149
137150
137151
137152
137153
137154
137155
137156
137157
137158
137159
137160
137161
137162
137163
137164
137165
137166
137167
137168
137169
137170
137171
137172
137173
137174
137175
137176
137177
137178
137179
137180
137181
137182
137183
137184
137185
137186
137187
137188
137189
137190
137191
137192
137193
137194
137195
137196
137197
137198
137199
137200
137201
137202
137203
137204
137205
137206
137207
137208
137209
137210
137211
137212
137213
137214
137215
137216
137217
137218
137219
137220
137221
137222
137223
137224
137225
137226
137227
137228
137229
137230
137231
137232
137233
137234
137235
137236
137237
137238
137239
137240
137241
137242
137243
137244
137245
137246
137247
137248
137249
137250
137251
137252
137253
137254
137255
137256
137257
137258
137259
137260
137261
137262
137263
137264
137265
137266
137267
137268
137269
137270
137271
137272
137273
137274
137275
137276
137277
137278
137279
137280
137281
137282
137283
137284
137285
137286
137287
137288
137289
137290
137291
137292
137293
137294
137295
137296
137297
137298
137299
137300
137301
137302
137303
137304
137305
137306
137307
137308
137309
137310
137311
137312
137313
137314
137315
137316
137317
137318
137319
137320
137321
137322
137323
137324
137325
137326
137327
137328
137329
137330
137331
137332
137333
137334
137335
137336
137337
137338
137339
137340
137341
137342
137343
137344
137345
137346
137347
137348
137349
137350
137351
137352
137353
137354
137355
137356
137357
137358
137359
137360
137361
137362
137363
137364
137365
137366
137367
137368
137369
137370
137371
137372
137373
137374
137375
137376
137377
137378
137379
137380
137381
137382
137383
137384
137385
137386
137387
137388
137389
137390
137391
137392
137393
137394
137395
137396
137397
137398
137399
137400
137401
137402
137403
137404
137405
137406
137407
137408
137409
137410
137411
137412
137413
137414
137415
137416
137417
137418
137419
137420
137421
137422
137423
137424
137425
137426
137427
137428
137429
137430
137431
137432
137433
137434
137435
137436
137437
137438
137439
137440
137441
137442
137443
137444
137445
137446
137447
137448
137449
137450
137451
137452
137453
137454
137455
137456
137457
137458
137459
137460
137461
137462
137463
137464
137465
137466
137467
137468
137469
137470
137471
137472
137473
137474
137475
137476
137477
137478
137479
137480
137481
137482
137483
137484
137485
137486
137487
137488
137489
137490
137491
137492
137493
137494
137495
137496
137497
137498
137499
137500
137501
137502
137503
137504
137505
137506
137507
137508
137509
137510
137511
137512
137513
137514
137515
137516
137517
137518
137519
137520
137521
137522
137523
137524
137525
137526
137527
137528
137529
137530
137531
137532
137533
137534
137535
137536
137537
137538
137539
137540
137541
137542
137543
137544
137545
137546
137547
137548
137549
137550
137551
137552
137553
137554
137555
137556
137557
137558
137559
137560
137561
137562
137563
137564
137565
137566
137567
137568
137569
137570
137571
137572
137573
137574
137575
137576
137577
137578
137579
137580
137581
137582
137583
137584
137585
137586
137587
137588
137589
137590
137591
137592
137593
137594
137595
137596
137597
137598
137599
137600
137601
137602
137603
137604
137605
137606
137607
137608
137609
137610
137611
137612
137613
137614
137615
137616
137617
137618
137619
137620
137621
137622
137623
137624
137625
137626
137627
137628
137629
137630
137631
137632
137633
137634
137635
137636
137637
137638
137639
137640
137641
137642
137643
137644
137645
137646
137647
137648
137649
137650
137651
137652
137653
137654
137655
137656
137657
137658
137659
137660
137661
137662
137663
137664
137665
137666
137667
137668
137669
137670
137671
137672
137673
137674
137675
137676
137677
137678
137679
137680
137681
137682
137683
137684
137685
137686
137687
137688
137689
137690
137691
137692
137693
137694
137695
137696
137697
137698
137699
137700
137701
137702
137703
137704
137705
137706
137707
137708
137709
137710
137711
137712
137713
137714
137715
137716
137717
137718
137719
137720
137721
137722
137723
137724
137725
137726
137727
137728
137729
137730
137731
137732
137733
137734
137735
137736
137737
137738
137739
137740
137741
137742
137743
137744
137745
137746
137747
137748
137749
137750
137751
137752
137753
137754
137755
137756
137757
137758
137759
137760
137761
137762
137763
137764
137765
137766
137767
137768
137769
137770
137771
137772
137773
137774
137775
137776
137777
137778
137779
137780
137781
137782
137783
137784
137785
137786
137787
137788
137789
137790
137791
137792
137793
137794
137795
137796
137797
137798
137799
137800
137801
137802
137803
137804
137805
137806
137807
137808
137809
137810
137811
137812
137813
137814
137815
137816
137817
137818
137819
137820
137821
137822
137823
137824
137825
137826
137827
137828
137829
137830
137831
137832
137833
137834
137835
137836
137837
137838
137839
137840
137841
137842
137843
137844
137845
137846
137847
137848
137849
137850
137851
137852
137853
137854
137855
137856
137857
137858
137859
137860
137861
137862
137863
137864
137865
137866
137867
137868
137869
137870
137871
137872
137873
137874
137875
137876
137877
137878
137879
137880
137881
137882
137883
137884
137885
137886
137887
137888
137889
137890
137891
137892
137893
137894
137895
137896
137897
137898
137899
137900
137901
137902
137903
137904
137905
137906
137907
137908
137909
137910
137911
137912
137913
137914
137915
137916
137917
137918
137919
137920
137921
137922
137923
137924
137925
137926
137927
137928
137929
137930
137931
137932
137933
137934
137935
137936
137937
137938
137939
137940
137941
137942
137943
137944
137945
137946
137947
137948
137949
137950
137951
137952
137953
137954
137955
137956
137957
137958
137959
137960
137961
137962
137963
137964
137965
137966
137967
137968
137969
137970
137971
137972
137973
137974
137975
137976
137977
137978
137979
137980
137981
137982
137983
137984
137985
137986
137987
137988
137989
137990
137991
137992
137993
137994
137995
137996
137997
137998
137999
138000
138001
138002
138003
138004
138005
138006
138007
138008
138009
138010
138011
138012
138013
138014
138015
138016
138017
138018
138019
138020
138021
138022
138023
138024
138025
138026
138027
138028
138029
138030
138031
138032
138033
138034
138035
138036
138037
138038
138039
138040
138041
138042
138043
138044
138045
138046
138047
138048
138049
138050
138051
138052
138053
138054
138055
138056
138057
138058
138059
138060
138061
138062
138063
138064
138065
138066
138067
138068
138069
138070
138071
138072
138073
138074
138075
138076
138077
138078
138079
138080
138081
138082
138083
138084
138085
138086
138087
138088
138089
138090
138091
138092
138093
138094
138095
138096
138097
138098
138099
138100
138101
138102
138103
138104
138105
138106
138107
138108
138109
138110
138111
138112
138113
138114
138115
138116
138117
138118
138119
138120
138121
138122
138123
138124
138125
138126
138127
138128
138129
138130
138131
138132
138133
138134
138135
138136
138137
138138
138139
138140
138141
138142
138143
138144
138145
138146
138147
138148
138149
138150
138151
138152
138153
138154
138155
138156
138157
138158
138159
138160
138161
138162
138163
138164
138165
138166
138167
138168
138169
138170
138171
138172
138173
138174
138175
138176
138177
138178
138179
138180
138181
138182
138183
138184
138185
138186
138187
138188
138189
138190
138191
138192
138193
138194
138195
138196
138197
138198
138199
138200
138201
138202
138203
138204
138205
138206
138207
138208
138209
138210
138211
138212
138213
138214
138215
138216
138217
138218
138219
138220
138221
138222
138223
138224
138225
138226
138227
138228
138229
138230
138231
138232
138233
138234
138235
138236
138237
138238
138239
138240
138241
138242
138243
138244
138245
138246
138247
138248
138249
138250
138251
138252
138253
138254
138255
138256
138257
138258
138259
138260
138261
138262
138263
138264
138265
138266
138267
138268
138269
138270
138271
138272
138273
138274
138275
138276
138277
138278
138279
138280
138281
138282
138283
138284
138285
138286
138287
138288
138289
138290
138291
138292
138293
138294
138295
138296
138297
138298
138299
138300
138301
138302
138303
138304
138305
138306
138307
138308
138309
138310
138311
138312
138313
138314
138315
138316
138317
138318
138319
138320
138321
138322
138323
138324
138325
138326
138327
138328
138329
138330
138331
138332
138333
138334
138335
138336
138337
138338
138339
138340
138341
138342
138343
138344
138345
138346
138347
138348
138349
138350
138351
138352
138353
138354
138355
138356
138357
138358
138359
138360
138361
138362
138363
138364
138365
138366
138367
138368
138369
138370
138371
138372
138373
138374
138375
138376
138377
138378
138379
138380
138381
138382
138383
138384
138385
138386
138387
138388
138389
138390
138391
138392
138393
138394
138395
138396
138397
138398
138399
138400
138401
138402
138403
138404
138405
138406
138407
138408
138409
138410
138411
138412
138413
138414
138415
138416
138417
138418
138419
138420
138421
138422
138423
138424
138425
138426
138427
138428
138429
138430
138431
138432
138433
138434
138435
138436
138437
138438
138439
138440
138441
138442
138443
138444
138445
138446
138447
138448
138449
138450
138451
138452
138453
138454
138455
138456
138457
138458
138459
138460
138461
138462
138463
138464
138465
138466
138467
138468
138469
138470
138471
138472
138473
138474
138475
138476
138477
138478
138479
138480
138481
138482
138483
138484
138485
138486
138487
138488
138489
138490
138491
138492
138493
138494
138495
138496
138497
138498
138499
138500
138501
138502
138503
138504
138505
138506
138507
138508
138509
138510
138511
138512
138513
138514
138515
138516
138517
138518
138519
138520
138521
138522
138523
138524
138525
138526
138527
138528
138529
138530
138531
138532
138533
138534
138535
138536
138537
138538
138539
138540
138541
138542
138543
138544
138545
138546
138547
138548
138549
138550
138551
138552
138553
138554
138555
138556
138557
138558
138559
138560
138561
138562
138563
138564
138565
138566
138567
138568
138569
138570
138571
138572
138573
138574
138575
138576
138577
138578
138579
138580
138581
138582
138583
138584
138585
138586
138587
138588
138589
138590
138591
138592
138593
138594
138595
138596
138597
138598
138599
138600
138601
138602
138603
138604
138605
138606
138607
138608
138609
138610
138611
138612
138613
138614
138615
138616
138617
138618
138619
138620
138621
138622
138623
138624
138625
138626
138627
138628
138629
138630
138631
138632
138633
138634
138635
138636
138637
138638
138639
138640
138641
138642
138643
138644
138645
138646
138647
138648
138649
138650
138651
138652
138653
138654
138655
138656
138657
138658
138659
138660
138661
138662
138663
138664
138665
138666
138667
138668
138669
138670
138671
138672
138673
138674
138675
138676
138677
138678
138679
138680
138681
138682
138683
138684
138685
138686
138687
138688
138689
138690
138691
138692
138693
138694
138695
138696
138697
138698
138699
138700
138701
138702
138703
138704
138705
138706
138707
138708
138709
138710
138711
138712
138713
138714
138715
138716
138717
138718
138719
138720
138721
138722
138723
138724
138725
138726
138727
138728
138729
138730
138731
138732
138733
138734
138735
138736
138737
138738
138739
138740
138741
138742
138743
138744
138745
138746
138747
138748
138749
138750
138751
138752
138753
138754
138755
138756
138757
138758
138759
138760
138761
138762
138763
138764
138765
138766
138767
138768
138769
138770
138771
138772
138773
138774
138775
138776
138777
138778
138779
138780
138781
138782
138783
138784
138785
138786
138787
138788
138789
138790
138791
138792
138793
138794
138795
138796
138797
138798
138799
138800
138801
138802
138803
138804
138805
138806
138807
138808
138809
138810
138811
138812
138813
138814
138815
138816
138817
138818
138819
138820
138821
138822
138823
138824
138825
138826
138827
138828
138829
138830
138831
138832
138833
138834
138835
138836
138837
138838
138839
138840
138841
138842
138843
138844
138845
138846
138847
138848
138849
138850
138851
138852
138853
138854
138855
138856
138857
138858
138859
138860
138861
138862
138863
138864
138865
138866
138867
138868
138869
138870
138871
138872
138873
138874
138875
138876
138877
138878
138879
138880
138881
138882
138883
138884
138885
138886
138887
138888
138889
138890
138891
138892
138893
138894
138895
138896
138897
138898
138899
138900
138901
138902
138903
138904
138905
138906
138907
138908
138909
138910
138911
138912
138913
138914
138915
138916
138917
138918
138919
138920
138921
138922
138923
138924
138925
138926
138927
138928
138929
138930
138931
138932
138933
138934
138935
138936
138937
138938
138939
138940
138941
138942
138943
138944
138945
138946
138947
138948
138949
138950
138951
138952
138953
138954
138955
138956
138957
138958
138959
138960
138961
138962
138963
138964
138965
138966
138967
138968
138969
138970
138971
138972
138973
138974
138975
138976
138977
138978
138979
138980
138981
138982
138983
138984
138985
138986
138987
138988
138989
138990
138991
138992
138993
138994
138995
138996
138997
138998
138999
139000
139001
139002
139003
139004
139005
139006
139007
139008
139009
139010
139011
139012
139013
139014
139015
139016
139017
139018
139019
139020
139021
139022
139023
139024
139025
139026
139027
139028
139029
139030
139031
139032
139033
139034
139035
139036
139037
139038
139039
139040
139041
139042
139043
139044
139045
139046
139047
139048
139049
139050
139051
139052
139053
139054
139055
139056
139057
139058
139059
139060
139061
139062
139063
139064
139065
139066
139067
139068
139069
139070
139071
139072
139073
139074
139075
139076
139077
139078
139079
139080
139081
139082
139083
139084
139085
139086
139087
139088
139089
139090
139091
139092
139093
139094
139095
139096
139097
139098
139099
139100
139101
139102
139103
139104
139105
139106
139107
139108
139109
139110
139111
139112
139113
139114
139115
139116
139117
139118
139119
139120
139121
139122
139123
139124
139125
139126
139127
139128
139129
139130
139131
139132
139133
139134
139135
139136
139137
139138
139139
139140
139141
139142
139143
139144
139145
139146
139147
139148
139149
139150
139151
139152
139153
139154
139155
139156
139157
139158
139159
139160
139161
139162
139163
139164
139165
139166
139167
139168
139169
139170
139171
139172
139173
139174
139175
139176
139177
139178
139179
139180
139181
139182
139183
139184
139185
139186
139187
139188
139189
139190
139191
139192
139193
139194
139195
139196
139197
139198
139199
139200
139201
139202
139203
139204
139205
139206
139207
139208
139209
139210
139211
139212
139213
139214
139215
139216
139217
139218
139219
139220
139221
139222
139223
139224
139225
139226
139227
139228
139229
139230
139231
139232
139233
139234
139235
139236
139237
139238
139239
139240
139241
139242
139243
139244
139245
139246
139247
139248
139249
139250
139251
139252
139253
139254
139255
139256
139257
139258
139259
139260
139261
139262
139263
139264
139265
139266
139267
139268
139269
139270
139271
139272
139273
139274
139275
139276
139277
139278
139279
139280
139281
139282
139283
139284
139285
139286
139287
139288
139289
139290
139291
139292
139293
139294
139295
139296
139297
139298
139299
139300
139301
139302
139303
139304
139305
139306
139307
139308
139309
139310
139311
139312
139313
139314
139315
139316
139317
139318
139319
139320
139321
139322
139323
139324
139325
139326
139327
139328
139329
139330
139331
139332
139333
139334
139335
139336
139337
139338
139339
139340
139341
139342
139343
139344
139345
139346
139347
139348
139349
139350
139351
139352
139353
139354
139355
139356
139357
139358
139359
139360
139361
139362
139363
139364
139365
139366
139367
139368
139369
139370
139371
139372
139373
139374
139375
139376
139377
139378
139379
139380
139381
139382
139383
139384
139385
139386
139387
139388
139389
139390
139391
139392
139393
139394
139395
139396
139397
139398
139399
139400
139401
139402
139403
139404
139405
139406
139407
139408
139409
139410
139411
139412
139413
139414
139415
139416
139417
139418
139419
139420
139421
139422
139423
139424
139425
139426
139427
139428
139429
139430
139431
139432
139433
139434
139435
139436
139437
139438
139439
139440
139441
139442
139443
139444
139445
139446
139447
139448
139449
139450
139451
139452
139453
139454
139455
139456
139457
139458
139459
139460
139461
139462
139463
139464
139465
139466
139467
139468
139469
139470
139471
139472
139473
139474
139475
139476
139477
139478
139479
139480
139481
139482
139483
139484
139485
139486
139487
139488
139489
139490
139491
139492
139493
139494
139495
139496
139497
139498
139499
139500
139501
139502
139503
139504
139505
139506
139507
139508
139509
139510
139511
139512
139513
139514
139515
139516
139517
139518
139519
139520
139521
139522
139523
139524
139525
139526
139527
139528
139529
139530
139531
139532
139533
139534
139535
139536
139537
139538
139539
139540
139541
139542
139543
139544
139545
139546
139547
139548
139549
139550
139551
139552
139553
139554
139555
139556
139557
139558
139559
139560
139561
139562
139563
139564
139565
139566
139567
139568
139569
139570
139571
139572
139573
139574
139575
139576
139577
139578
139579
139580
139581
139582
139583
139584
139585
139586
139587
139588
139589
139590
139591
139592
139593
139594
139595
139596
139597
139598
139599
139600
139601
139602
139603
139604
139605
139606
139607
139608
139609
139610
139611
139612
139613
139614
139615
139616
139617
139618
139619
139620
139621
139622
139623
139624
139625
139626
139627
139628
139629
139630
139631
139632
139633
139634
139635
139636
139637
139638
139639
139640
139641
139642
139643
139644
139645
139646
139647
139648
139649
139650
139651
139652
139653
139654
139655
139656
139657
139658
139659
139660
139661
139662
139663
139664
139665
139666
139667
139668
139669
139670
139671
139672
139673
139674
139675
139676
139677
139678
139679
139680
139681
139682
139683
139684
139685
139686
139687
139688
139689
139690
139691
139692
139693
139694
139695
139696
139697
139698
139699
139700
139701
139702
139703
139704
139705
139706
139707
139708
139709
139710
139711
139712
139713
139714
139715
139716
139717
139718
139719
139720
139721
139722
139723
139724
139725
139726
139727
139728
139729
139730
139731
139732
139733
139734
139735
139736
139737
139738
139739
139740
139741
139742
139743
139744
139745
139746
139747
139748
139749
139750
139751
139752
139753
139754
139755
139756
139757
139758
139759
139760
139761
139762
139763
139764
139765
139766
139767
139768
139769
139770
139771
139772
139773
139774
139775
139776
139777
139778
139779
139780
139781
139782
139783
139784
139785
139786
139787
139788
139789
139790
139791
139792
139793
139794
139795
139796
139797
139798
139799
139800
139801
139802
139803
139804
139805
139806
139807
139808
139809
139810
139811
139812
139813
139814
139815
139816
139817
139818
139819
139820
139821
139822
139823
139824
139825
139826
139827
139828
139829
139830
139831
139832
139833
139834
139835
139836
139837
139838
139839
139840
139841
139842
139843
139844
139845
139846
139847
139848
139849
139850
139851
139852
139853
139854
139855
139856
139857
139858
139859
139860
139861
139862
139863
139864
139865
139866
139867
139868
139869
139870
139871
139872
139873
139874
139875
139876
139877
139878
139879
139880
139881
139882
139883
139884
139885
139886
139887
139888
139889
139890
139891
139892
139893
139894
139895
139896
139897
139898
139899
139900
139901
139902
139903
139904
139905
139906
139907
139908
139909
139910
139911
139912
139913
139914
139915
139916
139917
139918
139919
139920
139921
139922
139923
139924
139925
139926
139927
139928
139929
139930
139931
139932
139933
139934
139935
139936
139937
139938
139939
139940
139941
139942
139943
139944
139945
139946
139947
139948
139949
139950
139951
139952
139953
139954
139955
139956
139957
139958
139959
139960
139961
139962
139963
139964
139965
139966
139967
139968
139969
139970
139971
139972
139973
139974
139975
139976
139977
139978
139979
139980
139981
139982
139983
139984
139985
139986
139987
139988
139989
139990
139991
139992
139993
139994
139995
139996
139997
139998
139999
140000
140001
140002
140003
140004
140005
140006
140007
140008
140009
140010
140011
140012
140013
140014
140015
140016
140017
140018
140019
140020
140021
140022
140023
140024
140025
140026
140027
140028
140029
140030
140031
140032
140033
140034
140035
140036
140037
140038
140039
140040
140041
140042
140043
140044
140045
140046
140047
140048
140049
140050
140051
140052
140053
140054
140055
140056
140057
140058
140059
140060
140061
140062
140063
140064
140065
140066
140067
140068
140069
140070
140071
140072
140073
140074
140075
140076
140077
140078
140079
140080
140081
140082
140083
140084
140085
140086
140087
140088
140089
140090
140091
140092
140093
140094
140095
140096
140097
140098
140099
140100
140101
140102
140103
140104
140105
140106
140107
140108
140109
140110
140111
140112
140113
140114
140115
140116
140117
140118
140119
140120
140121
140122
140123
140124
140125
140126
140127
140128
140129
140130
140131
140132
140133
140134
140135
140136
140137
140138
140139
140140
140141
140142
140143
140144
140145
140146
140147
140148
140149
140150
140151
140152
140153
140154
140155
140156
140157
140158
140159
140160
140161
140162
140163
140164
140165
140166
140167
140168
140169
140170
140171
140172
140173
140174
140175
140176
140177
140178
140179
140180
140181
140182
140183
140184
140185
140186
140187
140188
140189
140190
140191
140192
140193
140194
140195
140196
140197
140198
140199
140200
140201
140202
140203
140204
140205
140206
140207
140208
140209
140210
140211
140212
140213
140214
140215
140216
140217
140218
140219
140220
140221
140222
140223
140224
140225
140226
140227
140228
140229
140230
140231
140232
140233
140234
140235
140236
140237
140238
140239
140240
140241
140242
140243
140244
140245
140246
140247
140248
140249
140250
140251
140252
140253
140254
140255
140256
140257
140258
140259
140260
140261
140262
140263
140264
140265
140266
140267
140268
140269
140270
140271
140272
140273
140274
140275
140276
140277
140278
140279
140280
140281
140282
140283
140284
140285
140286
140287
140288
140289
140290
140291
140292
140293
140294
140295
140296
140297
140298
140299
140300
140301
140302
140303
140304
140305
140306
140307
140308
140309
140310
140311
140312
140313
140314
140315
140316
140317
140318
140319
140320
140321
140322
140323
140324
140325
140326
140327
140328
140329
140330
140331
140332
140333
140334
140335
140336
140337
140338
140339
140340
140341
140342
140343
140344
140345
140346
140347
140348
140349
140350
140351
140352
140353
140354
140355
140356
140357
140358
140359
140360
140361
140362
140363
140364
140365
140366
140367
140368
140369
140370
140371
140372
140373
140374
140375
140376
140377
140378
140379
140380
140381
140382
140383
140384
140385
140386
140387
140388
140389
140390
140391
140392
140393
140394
140395
140396
140397
140398
140399
140400
140401
140402
140403
140404
140405
140406
140407
140408
140409
140410
140411
140412
140413
140414
140415
140416
140417
140418
140419
140420
140421
140422
140423
140424
140425
140426
140427
140428
140429
140430
140431
140432
140433
140434
140435
140436
140437
140438
140439
140440
140441
140442
140443
140444
140445
140446
140447
140448
140449
140450
140451
140452
140453
140454
140455
140456
140457
140458
140459
140460
140461
140462
140463
140464
140465
140466
140467
140468
140469
140470
140471
140472
140473
140474
140475
140476
140477
140478
140479
140480
140481
140482
140483
140484
140485
140486
140487
140488
140489
140490
140491
140492
140493
140494
140495
140496
140497
140498
140499
140500
140501
140502
140503
140504
140505
140506
140507
140508
140509
140510
140511
140512
140513
140514
140515
140516
140517
140518
140519
140520
140521
140522
140523
140524
140525
140526
140527
140528
140529
140530
140531
140532
140533
140534
140535
140536
140537
140538
140539
140540
140541
140542
140543
140544
140545
140546
140547
140548
140549
140550
140551
140552
140553
140554
140555
140556
140557
140558
140559
140560
140561
140562
140563
140564
140565
140566
140567
140568
140569
140570
140571
140572
140573
140574
140575
140576
140577
140578
140579
140580
140581
140582
140583
140584
140585
140586
140587
140588
140589
140590
140591
140592
140593
140594
140595
140596
140597
140598
140599
140600
140601
140602
140603
140604
140605
140606
140607
140608
140609
140610
140611
140612
140613
140614
140615
140616
140617
140618
140619
140620
140621
140622
140623
140624
140625
140626
140627
140628
140629
140630
140631
140632
140633
140634
140635
140636
140637
140638
140639
140640
140641
140642
140643
140644
140645
140646
140647
140648
140649
140650
140651
140652
140653
140654
140655
140656
140657
140658
140659
140660
140661
140662
140663
140664
140665
140666
140667
140668
140669
140670
140671
140672
140673
140674
140675
140676
140677
140678
140679
140680
140681
140682
140683
140684
140685
140686
140687
140688
140689
140690
140691
140692
140693
140694
140695
140696
140697
140698
140699
140700
140701
140702
140703
140704
140705
140706
140707
140708
140709
140710
140711
140712
140713
140714
140715
140716
140717
140718
140719
140720
140721
140722
140723
140724
140725
140726
140727
140728
140729
140730
140731
140732
140733
140734
140735
140736
140737
140738
140739
140740
140741
140742
140743
140744
140745
140746
140747
140748
140749
140750
140751
140752
140753
140754
140755
140756
140757
140758
140759
140760
140761
140762
140763
140764
140765
140766
140767
140768
140769
140770
140771
140772
140773
140774
140775
140776
140777
140778
140779
140780
140781
140782
140783
140784
140785
140786
140787
140788
140789
140790
140791
140792
140793
140794
140795
140796
140797
140798
140799
140800
140801
140802
140803
140804
140805
140806
140807
140808
140809
140810
140811
140812
140813
140814
140815
140816
140817
140818
140819
140820
140821
140822
140823
140824
140825
140826
140827
140828
140829
140830
140831
140832
140833
140834
140835
140836
140837
140838
140839
140840
140841
140842
140843
140844
140845
140846
140847
140848
140849
140850
140851
140852
140853
140854
140855
140856
140857
140858
140859
140860
140861
140862
140863
140864
140865
140866
140867
140868
140869
140870
140871
140872
140873
140874
140875
140876
140877
140878
140879
140880
140881
140882
140883
140884
140885
140886
140887
140888
140889
140890
140891
140892
140893
140894
140895
140896
140897
140898
140899
140900
140901
140902
140903
140904
140905
140906
140907
140908
140909
140910
140911
140912
140913
140914
140915
140916
140917
140918
140919
140920
140921
140922
140923
140924
140925
140926
140927
140928
140929
140930
140931
140932
140933
140934
140935
140936
140937
140938
140939
140940
140941
140942
140943
140944
140945
140946
140947
140948
140949
140950
140951
140952
140953
140954
140955
140956
140957
140958
140959
140960
140961
140962
140963
140964
140965
140966
140967
140968
140969
140970
140971
140972
140973
140974
140975
140976
140977
140978
140979
140980
140981
140982
140983
140984
140985
140986
140987
140988
140989
140990
140991
140992
140993
140994
140995
140996
140997
140998
140999
141000
141001
141002
141003
141004
141005
141006
141007
141008
141009
141010
141011
141012
141013
141014
141015
141016
141017
141018
141019
141020
141021
141022
141023
141024
141025
141026
141027
141028
141029
141030
141031
141032
141033
141034
141035
141036
141037
141038
141039
141040
141041
141042
141043
141044
141045
141046
141047
141048
141049
141050
141051
141052
141053
141054
141055
141056
141057
141058
141059
141060
141061
141062
141063
141064
141065
141066
141067
141068
141069
141070
141071
141072
141073
141074
141075
141076
141077
141078
141079
141080
141081
141082
141083
141084
141085
141086
141087
141088
141089
141090
141091
141092
141093
141094
141095
141096
141097
141098
141099
141100
141101
141102
141103
141104
141105
141106
141107
141108
141109
141110
141111
141112
141113
141114
141115
141116
141117
141118
141119
141120
141121
141122
141123
141124
141125
141126
141127
141128
141129
141130
141131
141132
141133
141134
141135
141136
141137
141138
141139
141140
141141
141142
141143
141144
141145
141146
141147
141148
141149
141150
141151
141152
141153
141154
141155
141156
141157
141158
141159
141160
141161
141162
141163
141164
141165
141166
141167
141168
141169
141170
141171
141172
141173
141174
141175
141176
141177
141178
141179
141180
141181
141182
141183
141184
141185
141186
141187
141188
141189
141190
141191
141192
141193
141194
141195
141196
141197
141198
141199
141200
141201
141202
141203
141204
141205
141206
141207
141208
141209
141210
141211
141212
141213
141214
141215
141216
141217
141218
141219
141220
141221
141222
141223
141224
141225
141226
141227
141228
141229
141230
141231
141232
141233
141234
141235
141236
141237
141238
141239
141240
141241
141242
141243
141244
141245
141246
141247
141248
141249
141250
141251
141252
141253
141254
141255
141256
141257
141258
141259
141260
141261
141262
141263
141264
141265
141266
141267
141268
141269
141270
141271
141272
141273
141274
141275
141276
141277
141278
141279
141280
141281
141282
141283
141284
141285
141286
141287
141288
141289
141290
141291
141292
141293
141294
141295
141296
141297
141298
141299
141300
141301
141302
141303
141304
141305
141306
141307
141308
141309
141310
141311
141312
141313
141314
141315
141316
141317
141318
141319
141320
141321
141322
141323
141324
141325
141326
141327
141328
141329
141330
141331
141332
141333
141334
141335
141336
141337
141338
141339
141340
141341
141342
141343
141344
141345
141346
141347
141348
141349
141350
141351
141352
141353
141354
141355
141356
141357
141358
141359
141360
141361
141362
141363
141364
141365
141366
141367
141368
141369
141370
141371
141372
141373
141374
141375
141376
141377
141378
141379
141380
141381
141382
141383
141384
141385
141386
141387
141388
141389
141390
141391
141392
141393
141394
141395
141396
141397
141398
141399
141400
141401
141402
141403
141404
141405
141406
141407
141408
141409
141410
141411
141412
141413
141414
141415
141416
141417
141418
141419
141420
141421
141422
141423
141424
141425
141426
141427
141428
141429
141430
141431
141432
141433
141434
141435
141436
141437
141438
141439
141440
141441
141442
141443
141444
141445
141446
141447
141448
141449
141450
141451
141452
141453
141454
141455
141456
141457
141458
141459
141460
141461
141462
141463
141464
141465
141466
141467
141468
141469
141470
141471
141472
141473
141474
141475
141476
141477
141478
141479
141480
141481
141482
141483
141484
141485
141486
141487
141488
141489
141490
141491
141492
141493
141494
141495
141496
141497
141498
141499
141500
141501
141502
141503
141504
141505
141506
141507
141508
141509
141510
141511
141512
141513
141514
141515
141516
141517
141518
141519
141520
141521
141522
141523
141524
141525
141526
141527
141528
141529
141530
141531
141532
141533
141534
141535
141536
141537
141538
141539
141540
141541
141542
141543
141544
141545
141546
141547
141548
141549
141550
141551
141552
141553
141554
141555
141556
141557
141558
141559
141560
141561
141562
141563
141564
141565
141566
141567
141568
141569
141570
141571
141572
141573
141574
141575
141576
141577
141578
141579
141580
141581
141582
141583
141584
141585
141586
141587
141588
141589
141590
141591
141592
141593
141594
141595
141596
141597
141598
141599
141600
141601
141602
141603
141604
141605
141606
141607
141608
141609
141610
141611
141612
141613
141614
141615
141616
141617
141618
141619
141620
141621
141622
141623
141624
141625
141626
141627
141628
141629
141630
141631
141632
141633
141634
141635
141636
141637
141638
141639
141640
141641
141642
141643
141644
141645
141646
141647
141648
141649
141650
141651
141652
141653
141654
141655
141656
141657
141658
141659
141660
141661
141662
141663
141664
141665
141666
141667
141668
141669
141670
141671
141672
141673
141674
141675
141676
141677
141678
141679
141680
141681
141682
141683
141684
141685
141686
141687
141688
141689
141690
141691
141692
141693
141694
141695
141696
141697
141698
141699
141700
141701
141702
141703
141704
141705
141706
141707
141708
141709
141710
141711
141712
141713
141714
141715
141716
141717
141718
141719
141720
141721
141722
141723
141724
141725
141726
141727
141728
141729
141730
141731
141732
141733
141734
141735
141736
141737
141738
141739
141740
141741
141742
141743
141744
141745
141746
141747
141748
141749
141750
141751
141752
141753
141754
141755
141756
141757
141758
141759
141760
141761
141762
141763
141764
141765
141766
141767
141768
141769
141770
141771
141772
141773
141774
141775
141776
141777
141778
141779
141780
141781
141782
141783
141784
141785
141786
141787
141788
141789
141790
141791
141792
141793
141794
141795
141796
141797
141798
141799
141800
141801
141802
141803
141804
141805
141806
141807
141808
141809
141810
141811
141812
141813
141814
141815
141816
141817
141818
141819
141820
141821
141822
141823
141824
141825
141826
141827
141828
141829
141830
141831
141832
141833
141834
141835
141836
141837
141838
141839
141840
141841
141842
141843
141844
141845
141846
141847
141848
141849
141850
141851
141852
141853
141854
141855
141856
141857
141858
141859
141860
141861
141862
141863
141864
141865
141866
141867
141868
141869
141870
141871
141872
141873
141874
141875
141876
141877
141878
141879
141880
141881
141882
141883
141884
141885
141886
141887
141888
141889
141890
141891
141892
141893
141894
141895
141896
141897
141898
141899
141900
141901
141902
141903
141904
141905
141906
141907
141908
141909
141910
141911
141912
141913
141914
141915
141916
141917
141918
141919
141920
141921
141922
141923
141924
141925
141926
141927
141928
141929
141930
141931
141932
141933
141934
141935
141936
141937
141938
141939
141940
141941
141942
141943
141944
141945
141946
141947
141948
141949
141950
141951
141952
141953
141954
141955
141956
141957
141958
141959
141960
141961
141962
141963
141964
141965
141966
141967
141968
141969
141970
141971
141972
141973
141974
141975
141976
141977
141978
141979
141980
141981
141982
141983
141984
141985
141986
141987
141988
141989
141990
141991
141992
141993
141994
141995
141996
141997
141998
141999
142000
142001
142002
142003
142004
142005
142006
142007
142008
142009
142010
142011
142012
142013
142014
142015
142016
142017
142018
142019
142020
142021
142022
142023
142024
142025
142026
142027
142028
142029
142030
142031
142032
142033
142034
142035
142036
142037
142038
142039
142040
142041
142042
142043
142044
142045
142046
142047
142048
142049
142050
142051
142052
142053
142054
142055
142056
142057
142058
142059
142060
142061
142062
142063
142064
142065
142066
142067
142068
142069
142070
142071
142072
142073
142074
142075
142076
142077
142078
142079
142080
142081
142082
142083
142084
142085
142086
142087
142088
142089
142090
142091
142092
142093
142094
142095
142096
142097
142098
142099
142100
142101
142102
142103
142104
142105
142106
142107
142108
142109
142110
142111
142112
142113
142114
142115
142116
142117
142118
142119
142120
142121
142122
142123
142124
142125
142126
142127
142128
142129
142130
142131
142132
142133
142134
142135
142136
142137
142138
142139
142140
142141
142142
142143
142144
142145
142146
142147
142148
142149
142150
142151
142152
142153
142154
142155
142156
142157
142158
142159
142160
142161
142162
142163
142164
142165
142166
142167
142168
142169
142170
142171
142172
142173
142174
142175
142176
142177
142178
142179
142180
142181
142182
142183
142184
142185
142186
142187
142188
142189
142190
142191
142192
142193
142194
142195
142196
142197
142198
142199
142200
142201
142202
142203
142204
142205
142206
142207
142208
142209
142210
142211
142212
142213
142214
142215
142216
142217
142218
142219
142220
142221
142222
142223
142224
142225
142226
142227
142228
142229
142230
142231
142232
142233
142234
142235
142236
142237
142238
142239
142240
142241
142242
142243
142244
142245
142246
142247
142248
142249
142250
142251
142252
142253
142254
142255
142256
142257
142258
142259
142260
142261
142262
142263
142264
142265
142266
142267
142268
142269
142270
142271
142272
142273
142274
142275
142276
142277
142278
142279
142280
142281
142282
142283
142284
142285
142286
142287
142288
142289
142290
142291
142292
142293
142294
142295
142296
142297
142298
142299
142300
142301
142302
142303
142304
142305
142306
142307
142308
142309
142310
142311
142312
142313
142314
142315
142316
142317
142318
142319
142320
142321
142322
142323
142324
142325
142326
142327
142328
142329
142330
142331
142332
142333
142334
142335
142336
142337
142338
142339
142340
142341
142342
142343
142344
142345
142346
142347
142348
142349
142350
142351
142352
142353
142354
142355
142356
142357
142358
142359
142360
142361
142362
142363
142364
142365
142366
142367
142368
142369
142370
142371
142372
142373
142374
142375
142376
142377
142378
142379
142380
142381
142382
142383
142384
142385
142386
142387
142388
142389
142390
142391
142392
142393
142394
142395
142396
142397
142398
142399
142400
142401
142402
142403
142404
142405
142406
142407
142408
142409
142410
142411
142412
142413
142414
142415
142416
142417
142418
142419
142420
142421
142422
142423
142424
142425
142426
142427
142428
142429
142430
142431
142432
142433
142434
142435
142436
142437
142438
142439
142440
142441
142442
142443
142444
142445
142446
142447
142448
142449
142450
142451
142452
142453
142454
142455
142456
142457
142458
142459
142460
142461
142462
142463
142464
142465
142466
142467
142468
142469
142470
142471
142472
142473
142474
142475
142476
142477
142478
142479
142480
142481
142482
142483
142484
142485
142486
142487
142488
142489
142490
142491
142492
142493
142494
142495
142496
142497
142498
142499
142500
142501
142502
142503
142504
142505
142506
142507
142508
142509
142510
142511
142512
142513
142514
142515
142516
142517
142518
142519
142520
142521
142522
142523
142524
142525
142526
142527
142528
142529
142530
142531
142532
142533
142534
142535
142536
142537
142538
142539
142540
142541
142542
142543
142544
142545
142546
142547
142548
142549
142550
142551
142552
142553
142554
142555
142556
142557
142558
142559
142560
142561
142562
142563
142564
142565
142566
142567
142568
142569
142570
142571
142572
142573
142574
142575
142576
142577
142578
142579
142580
142581
142582
142583
142584
142585
142586
142587
142588
142589
142590
142591
142592
142593
142594
142595
142596
142597
142598
142599
142600
142601
142602
142603
142604
142605
142606
142607
142608
142609
142610
142611
142612
142613
142614
142615
142616
142617
142618
142619
142620
142621
142622
142623
142624
142625
142626
142627
142628
142629
142630
142631
142632
142633
142634
142635
142636
142637
142638
142639
142640
142641
142642
142643
142644
142645
142646
142647
142648
142649
142650
142651
142652
142653
142654
142655
142656
142657
142658
142659
142660
142661
142662
142663
142664
142665
142666
142667
142668
142669
142670
142671
142672
142673
142674
142675
142676
142677
142678
142679
142680
142681
142682
142683
142684
142685
142686
142687
142688
142689
142690
142691
142692
142693
142694
142695
142696
142697
142698
142699
142700
142701
142702
142703
142704
142705
142706
142707
142708
142709
142710
142711
142712
142713
142714
142715
142716
142717
142718
142719
142720
142721
142722
142723
142724
142725
142726
142727
142728
142729
142730
142731
142732
142733
142734
142735
142736
142737
142738
142739
142740
142741
142742
142743
142744
142745
142746
142747
142748
142749
142750
142751
142752
142753
142754
142755
142756
142757
142758
142759
142760
142761
142762
142763
142764
142765
142766
142767
142768
142769
142770
142771
142772
142773
142774
142775
142776
142777
142778
142779
142780
142781
142782
142783
142784
142785
142786
142787
142788
142789
142790
142791
142792
142793
142794
142795
142796
142797
142798
142799
142800
142801
142802
142803
142804
142805
142806
142807
142808
142809
142810
142811
142812
142813
142814
142815
142816
142817
142818
142819
142820
142821
142822
142823
142824
142825
142826
142827
142828
142829
142830
142831
142832
142833
142834
142835
142836
142837
142838
142839
142840
142841
142842
142843
142844
142845
142846
142847
142848
142849
142850
142851
142852
142853
142854
142855
142856
142857
142858
142859
142860
142861
142862
142863
142864
142865
142866
142867
142868
142869
142870
142871
142872
142873
142874
142875
142876
142877
142878
142879
142880
142881
142882
142883
142884
142885
142886
142887
142888
142889
142890
142891
142892
142893
142894
142895
142896
142897
142898
142899
142900
142901
142902
142903
142904
142905
142906
142907
142908
142909
142910
142911
142912
142913
142914
142915
142916
142917
142918
142919
142920
142921
142922
142923
142924
142925
142926
142927
142928
142929
142930
142931
142932
142933
142934
142935
142936
142937
142938
142939
142940
142941
142942
142943
142944
142945
142946
142947
142948
142949
142950
142951
142952
142953
142954
142955
142956
142957
142958
142959
142960
142961
142962
142963
142964
142965
142966
142967
142968
142969
142970
142971
142972
142973
142974
142975
142976
142977
142978
142979
142980
142981
142982
142983
142984
142985
142986
142987
142988
142989
142990
142991
142992
142993
142994
142995
142996
142997
142998
142999
143000
143001
143002
143003
143004
143005
143006
143007
143008
143009
143010
143011
143012
143013
143014
143015
143016
143017
143018
143019
143020
143021
143022
143023
143024
143025
143026
143027
143028
143029
143030
143031
143032
143033
143034
143035
143036
143037
143038
143039
143040
143041
143042
143043
143044
143045
143046
143047
143048
143049
143050
143051
143052
143053
143054
143055
143056
143057
143058
143059
143060
143061
143062
143063
143064
143065
143066
143067
143068
143069
143070
143071
143072
143073
143074
143075
143076
143077
143078
143079
143080
143081
143082
143083
143084
143085
143086
143087
143088
143089
143090
143091
143092
143093
143094
143095
143096
143097
143098
143099
143100
143101
143102
143103
143104
143105
143106
143107
143108
143109
143110
143111
143112
143113
143114
143115
143116
143117
143118
143119
143120
143121
143122
143123
143124
143125
143126
143127
143128
143129
143130
143131
143132
143133
143134
143135
143136
143137
143138
143139
143140
143141
143142
143143
143144
143145
143146
143147
143148
143149
143150
143151
143152
143153
143154
143155
143156
143157
143158
143159
143160
143161
143162
143163
143164
143165
143166
143167
143168
143169
143170
143171
143172
143173
143174
143175
143176
143177
143178
143179
143180
143181
143182
143183
143184
143185
143186
143187
143188
143189
143190
143191
143192
143193
143194
143195
143196
143197
143198
143199
143200
143201
143202
143203
143204
143205
143206
143207
143208
143209
143210
143211
143212
143213
143214
143215
143216
143217
143218
143219
143220
143221
143222
143223
143224
143225
143226
143227
143228
143229
143230
143231
143232
143233
143234
143235
143236
143237
143238
143239
143240
143241
143242
143243
143244
143245
143246
143247
143248
143249
143250
143251
143252
143253
143254
143255
143256
143257
143258
143259
143260
143261
143262
143263
143264
143265
143266
143267
143268
143269
143270
143271
143272
143273
143274
143275
143276
143277
143278
143279
143280
143281
143282
143283
143284
143285
143286
143287
143288
143289
143290
143291
143292
143293
143294
143295
143296
143297
143298
143299
143300
143301
143302
143303
143304
143305
143306
143307
143308
143309
143310
143311
143312
143313
143314
143315
143316
143317
143318
143319
143320
143321
143322
143323
143324
143325
143326
143327
143328
143329
143330
143331
143332
143333
143334
143335
143336
143337
143338
143339
143340
143341
143342
143343
143344
143345
143346
143347
143348
143349
143350
143351
143352
143353
143354
143355
143356
143357
143358
143359
143360
143361
143362
143363
143364
143365
143366
143367
143368
143369
143370
143371
143372
143373
143374
143375
143376
143377
143378
143379
143380
143381
143382
143383
143384
143385
143386
143387
143388
143389
143390
143391
143392
143393
143394
143395
143396
143397
143398
143399
143400
143401
143402
143403
143404
143405
143406
143407
143408
143409
143410
143411
143412
143413
143414
143415
143416
143417
143418
143419
143420
143421
143422
143423
143424
143425
143426
143427
143428
143429
143430
143431
143432
143433
143434
143435
143436
143437
143438
143439
143440
143441
143442
143443
143444
143445
143446
143447
143448
143449
143450
143451
143452
143453
143454
143455
143456
143457
143458
143459
143460
143461
143462
143463
143464
143465
143466
143467
143468
143469
143470
143471
143472
143473
143474
143475
143476
143477
143478
143479
143480
143481
143482
143483
143484
143485
143486
143487
143488
143489
143490
143491
143492
143493
143494
143495
143496
143497
143498
143499
143500
143501
143502
143503
143504
143505
143506
143507
143508
143509
143510
143511
143512
143513
143514
143515
143516
143517
143518
143519
143520
143521
143522
143523
143524
143525
143526
143527
143528
143529
143530
143531
143532
143533
143534
143535
143536
143537
143538
143539
143540
143541
143542
143543
143544
143545
143546
143547
143548
143549
143550
143551
143552
143553
143554
143555
143556
143557
143558
143559
143560
143561
143562
143563
143564
143565
143566
143567
143568
143569
143570
143571
143572
143573
143574
143575
143576
143577
143578
143579
143580
143581
143582
143583
143584
143585
143586
143587
143588
143589
143590
143591
143592
143593
143594
143595
143596
143597
143598
143599
143600
143601
143602
143603
143604
143605
143606
143607
143608
143609
143610
143611
143612
143613
143614
143615
143616
143617
143618
143619
143620
143621
143622
143623
143624
143625
143626
143627
143628
143629
143630
143631
143632
143633
143634
143635
143636
143637
143638
143639
143640
143641
143642
143643
143644
143645
143646
143647
143648
143649
143650
143651
143652
143653
143654
143655
143656
143657
143658
143659
143660
143661
143662
143663
143664
143665
143666
143667
143668
143669
143670
143671
143672
143673
143674
143675
143676
143677
143678
143679
143680
143681
143682
143683
143684
143685
143686
143687
143688
143689
143690
143691
143692
143693
143694
143695
143696
143697
143698
143699
143700
143701
143702
143703
143704
143705
143706
143707
143708
143709
143710
143711
143712
143713
143714
143715
143716
143717
143718
143719
143720
143721
143722
143723
143724
143725
143726
143727
143728
143729
143730
143731
143732
143733
143734
143735
143736
143737
143738
143739
143740
143741
143742
143743
143744
143745
143746
143747
143748
143749
143750
143751
143752
143753
143754
143755
143756
143757
143758
143759
143760
143761
143762
143763
143764
143765
143766
143767
143768
143769
143770
143771
143772
143773
143774
143775
143776
143777
143778
143779
143780
143781
143782
143783
143784
143785
143786
143787
143788
143789
143790
143791
143792
143793
143794
143795
143796
143797
143798
143799
143800
143801
143802
143803
143804
143805
143806
143807
143808
143809
143810
143811
143812
143813
143814
143815
143816
143817
143818
143819
143820
143821
143822
143823
143824
143825
143826
143827
143828
143829
143830
143831
143832
143833
143834
143835
143836
143837
143838
143839
143840
143841
143842
143843
143844
143845
143846
143847
143848
143849
143850
143851
143852
143853
143854
143855
143856
143857
143858
143859
143860
143861
143862
143863
143864
143865
143866
143867
143868
143869
143870
143871
143872
143873
143874
143875
143876
143877
143878
143879
143880
143881
143882
143883
143884
143885
143886
143887
143888
143889
143890
143891
143892
143893
143894
143895
143896
143897
143898
143899
143900
143901
143902
143903
143904
143905
143906
143907
143908
143909
143910
143911
143912
143913
143914
143915
143916
143917
143918
143919
143920
143921
143922
143923
143924
143925
143926
143927
143928
143929
143930
143931
143932
143933
143934
143935
143936
143937
143938
143939
143940
143941
143942
143943
143944
143945
143946
143947
143948
143949
143950
143951
143952
143953
143954
143955
143956
143957
143958
143959
143960
143961
143962
143963
143964
143965
143966
143967
143968
143969
143970
143971
143972
143973
143974
143975
143976
143977
143978
143979
143980
143981
143982
143983
143984
143985
143986
143987
143988
143989
143990
143991
143992
143993
143994
143995
143996
143997
143998
143999
144000
144001
144002
144003
144004
144005
144006
144007
144008
144009
144010
144011
144012
144013
144014
144015
144016
144017
144018
144019
144020
144021
144022
144023
144024
144025
144026
144027
144028
144029
144030
144031
144032
144033
144034
144035
144036
144037
144038
144039
144040
144041
144042
144043
144044
144045
144046
144047
144048
144049
144050
144051
144052
144053
144054
144055
144056
144057
144058
144059
144060
144061
144062
144063
144064
144065
144066
144067
144068
144069
144070
144071
144072
144073
144074
144075
144076
144077
144078
144079
144080
144081
144082
144083
144084
144085
144086
144087
144088
144089
144090
144091
144092
144093
144094
144095
144096
144097
144098
144099
144100
144101
144102
144103
144104
144105
144106
144107
144108
144109
144110
144111
144112
144113
144114
144115
144116
144117
144118
144119
144120
144121
144122
144123
144124
144125
144126
144127
144128
144129
144130
144131
144132
144133
144134
144135
144136
144137
144138
144139
144140
144141
144142
144143
144144
144145
144146
144147
144148
144149
144150
144151
144152
144153
144154
144155
144156
144157
144158
144159
144160
144161
144162
144163
144164
144165
144166
144167
144168
144169
144170
144171
144172
144173
144174
144175
144176
144177
144178
144179
144180
144181
144182
144183
144184
144185
144186
144187
144188
144189
144190
144191
144192
144193
144194
144195
144196
144197
144198
144199
144200
144201
144202
144203
144204
144205
144206
144207
144208
144209
144210
144211
144212
144213
144214
144215
144216
144217
144218
144219
144220
144221
144222
144223
144224
144225
144226
144227
144228
144229
144230
144231
144232
144233
144234
144235
144236
144237
144238
144239
144240
144241
144242
144243
144244
144245
144246
144247
144248
144249
144250
144251
144252
144253
144254
144255
144256
144257
144258
144259
144260
144261
144262
144263
144264
144265
144266
144267
144268
144269
144270
144271
144272
144273
144274
144275
144276
144277
144278
144279
144280
144281
144282
144283
144284
144285
144286
144287
144288
144289
144290
144291
144292
144293
144294
144295
144296
144297
144298
144299
144300
144301
144302
144303
144304
144305
144306
144307
144308
144309
144310
144311
144312
144313
144314
144315
144316
144317
144318
144319
144320
144321
144322
144323
144324
144325
144326
144327
144328
144329
144330
144331
144332
144333
144334
144335
144336
144337
144338
144339
144340
144341
144342
144343
144344
144345
144346
144347
144348
144349
144350
144351
144352
144353
144354
144355
144356
144357
144358
144359
144360
144361
144362
144363
144364
144365
144366
144367
144368
144369
144370
144371
144372
144373
144374
144375
144376
144377
144378
144379
144380
144381
144382
144383
144384
144385
144386
144387
144388
144389
144390
144391
144392
144393
144394
144395
144396
144397
144398
144399
144400
144401
144402
144403
144404
144405
144406
144407
144408
144409
144410
144411
144412
144413
144414
144415
144416
144417
144418
144419
144420
144421
144422
144423
144424
144425
144426
144427
144428
144429
144430
144431
144432
144433
144434
144435
144436
144437
144438
144439
144440
144441
144442
144443
144444
144445
144446
144447
144448
144449
144450
144451
144452
144453
144454
144455
144456
144457
144458
144459
144460
144461
144462
144463
144464
144465
144466
144467
144468
144469
144470
144471
144472
144473
144474
144475
144476
144477
144478
144479
144480
144481
144482
144483
144484
144485
144486
144487
144488
144489
144490
144491
144492
144493
144494
144495
144496
144497
144498
144499
144500
144501
144502
144503
144504
144505
144506
144507
144508
144509
144510
144511
144512
144513
144514
144515
144516
144517
144518
144519
144520
144521
144522
144523
144524
144525
144526
144527
144528
144529
144530
144531
144532
144533
144534
144535
144536
144537
144538
144539
144540
144541
144542
144543
144544
144545
144546
144547
144548
144549
144550
144551
144552
144553
144554
144555
144556
144557
144558
144559
144560
144561
144562
144563
144564
144565
144566
144567
144568
144569
144570
144571
144572
144573
144574
144575
144576
144577
144578
144579
144580
144581
144582
144583
144584
144585
144586
144587
144588
144589
144590
144591
144592
144593
144594
144595
144596
144597
144598
144599
144600
144601
144602
144603
144604
144605
144606
144607
144608
144609
144610
144611
144612
144613
144614
144615
144616
144617
144618
144619
144620
144621
144622
144623
144624
144625
144626
144627
144628
144629
144630
144631
144632
144633
144634
144635
144636
144637
144638
144639
144640
144641
144642
144643
144644
144645
144646
144647
144648
144649
144650
144651
144652
144653
144654
144655
144656
144657
144658
144659
144660
144661
144662
144663
144664
144665
144666
144667
144668
144669
144670
144671
144672
144673
144674
144675
144676
144677
144678
144679
144680
144681
144682
144683
144684
144685
144686
144687
144688
144689
144690
144691
144692
144693
144694
144695
144696
144697
144698
144699
144700
144701
144702
144703
144704
144705
144706
144707
144708
144709
144710
144711
144712
144713
144714
144715
144716
144717
144718
144719
144720
144721
144722
144723
144724
144725
144726
144727
144728
144729
144730
144731
144732
144733
144734
144735
144736
144737
144738
144739
144740
144741
144742
144743
144744
144745
144746
144747
144748
144749
144750
144751
144752
144753
144754
144755
144756
144757
144758
144759
144760
144761
144762
144763
144764
144765
144766
144767
144768
144769
144770
144771
144772
144773
144774
144775
144776
144777
144778
144779
144780
144781
144782
144783
144784
144785
144786
144787
144788
144789
144790
144791
144792
144793
144794
144795
144796
144797
144798
144799
144800
144801
144802
144803
144804
144805
144806
144807
144808
144809
144810
144811
144812
144813
144814
144815
144816
144817
144818
144819
144820
144821
144822
144823
144824
144825
144826
144827
144828
144829
144830
144831
144832
144833
144834
144835
144836
144837
144838
144839
144840
144841
144842
144843
144844
144845
144846
144847
144848
144849
144850
144851
144852
144853
144854
144855
144856
144857
144858
144859
144860
144861
144862
144863
144864
144865
144866
144867
144868
144869
144870
144871
144872
144873
144874
144875
144876
144877
144878
144879
144880
144881
144882
144883
144884
144885
144886
144887
144888
144889
144890
144891
144892
144893
144894
144895
144896
144897
144898
144899
144900
144901
144902
144903
144904
144905
144906
144907
144908
144909
144910
144911
144912
144913
144914
144915
144916
144917
144918
144919
144920
144921
144922
144923
144924
144925
144926
144927
144928
144929
144930
144931
144932
144933
144934
144935
144936
144937
144938
144939
144940
144941
144942
144943
144944
144945
144946
144947
144948
144949
144950
144951
144952
144953
144954
144955
144956
144957
144958
144959
144960
144961
144962
144963
144964
144965
144966
144967
144968
144969
144970
144971
144972
144973
144974
144975
144976
144977
144978
144979
144980
144981
144982
144983
144984
144985
144986
144987
144988
144989
144990
144991
144992
144993
144994
144995
144996
144997
144998
144999
145000
145001
145002
145003
145004
145005
145006
145007
145008
145009
145010
145011
145012
145013
145014
145015
145016
145017
145018
145019
145020
145021
145022
145023
145024
145025
145026
145027
145028
145029
145030
145031
145032
145033
145034
145035
145036
145037
145038
145039
145040
145041
145042
145043
145044
145045
145046
145047
145048
145049
145050
145051
145052
145053
145054
145055
145056
145057
145058
145059
145060
145061
145062
145063
145064
145065
145066
145067
145068
145069
145070
145071
145072
145073
145074
145075
145076
145077
145078
145079
145080
145081
145082
145083
145084
145085
145086
145087
145088
145089
145090
145091
145092
145093
145094
145095
145096
145097
145098
145099
145100
145101
145102
145103
145104
145105
145106
145107
145108
145109
145110
145111
145112
145113
145114
145115
145116
145117
145118
145119
145120
145121
145122
145123
145124
145125
145126
145127
145128
145129
145130
145131
145132
145133
145134
145135
145136
145137
145138
145139
145140
145141
145142
145143
145144
145145
145146
145147
145148
145149
145150
145151
145152
145153
145154
145155
145156
145157
145158
145159
145160
145161
145162
145163
145164
145165
145166
145167
145168
145169
145170
145171
145172
145173
145174
145175
145176
145177
145178
145179
145180
145181
145182
145183
145184
145185
145186
145187
145188
145189
145190
145191
145192
145193
145194
145195
145196
145197
145198
145199
145200
145201
145202
145203
145204
145205
145206
145207
145208
145209
145210
145211
145212
145213
145214
145215
145216
145217
145218
145219
145220
145221
145222
145223
145224
145225
145226
145227
145228
145229
145230
145231
145232
145233
145234
145235
145236
145237
145238
145239
145240
145241
145242
145243
145244
145245
145246
145247
145248
145249
145250
145251
145252
145253
145254
145255
145256
145257
145258
145259
145260
145261
145262
145263
145264
145265
145266
145267
145268
145269
145270
145271
145272
145273
145274
145275
145276
145277
145278
145279
145280
145281
145282
145283
145284
145285
145286
145287
145288
145289
145290
145291
145292
145293
145294
145295
145296
145297
145298
145299
145300
145301
145302
145303
145304
145305
145306
145307
145308
145309
145310
145311
145312
145313
145314
145315
145316
145317
145318
145319
145320
145321
145322
145323
145324
145325
145326
145327
145328
145329
145330
145331
145332
145333
145334
145335
145336
145337
145338
145339
145340
145341
145342
145343
145344
145345
145346
145347
145348
145349
145350
145351
145352
145353
145354
145355
145356
145357
145358
145359
145360
145361
145362
145363
145364
145365
145366
145367
145368
145369
145370
145371
145372
145373
145374
145375
145376
145377
145378
145379
145380
145381
145382
145383
145384
145385
145386
145387
145388
145389
145390
145391
145392
145393
145394
145395
145396
145397
145398
145399
145400
145401
145402
145403
145404
145405
145406
145407
145408
145409
145410
145411
145412
145413
145414
145415
145416
145417
145418
145419
145420
145421
145422
145423
145424
145425
145426
145427
145428
145429
145430
145431
145432
145433
145434
145435
145436
145437
145438
145439
145440
145441
145442
145443
145444
145445
145446
145447
145448
145449
145450
145451
145452
145453
145454
145455
145456
145457
145458
145459
145460
145461
145462
145463
145464
145465
145466
145467
145468
145469
145470
145471
145472
145473
145474
145475
145476
145477
145478
145479
145480
145481
145482
145483
145484
145485
145486
145487
145488
145489
145490
145491
145492
145493
145494
145495
145496
145497
145498
145499
145500
145501
145502
145503
145504
145505
145506
145507
145508
145509
145510
145511
145512
145513
145514
145515
145516
145517
145518
145519
145520
145521
145522
145523
145524
145525
145526
145527
145528
145529
145530
145531
145532
145533
145534
145535
145536
145537
145538
145539
145540
145541
145542
145543
145544
145545
145546
145547
145548
145549
145550
145551
145552
145553
145554
145555
145556
145557
145558
145559
145560
145561
145562
145563
145564
145565
145566
145567
145568
145569
145570
145571
145572
145573
145574
145575
145576
145577
145578
145579
145580
145581
145582
145583
145584
145585
145586
145587
145588
145589
145590
145591
145592
145593
145594
145595
145596
145597
145598
145599
145600
145601
145602
145603
145604
145605
145606
145607
145608
145609
145610
145611
145612
145613
145614
145615
145616
145617
145618
145619
145620
145621
145622
145623
145624
145625
145626
145627
145628
145629
145630
145631
145632
145633
145634
145635
145636
145637
145638
145639
145640
145641
145642
145643
145644
145645
145646
145647
145648
145649
145650
145651
145652
145653
145654
145655
145656
145657
145658
145659
145660
145661
145662
145663
145664
145665
145666
145667
145668
145669
145670
145671
145672
145673
145674
145675
145676
145677
145678
145679
145680
145681
145682
145683
145684
145685
145686
145687
145688
145689
145690
145691
145692
145693
145694
145695
145696
145697
145698
145699
145700
145701
145702
145703
145704
145705
145706
145707
145708
145709
145710
145711
145712
145713
145714
145715
145716
145717
145718
145719
145720
145721
145722
145723
145724
145725
145726
145727
145728
145729
145730
145731
145732
145733
145734
145735
145736
145737
145738
145739
145740
145741
145742
145743
145744
145745
145746
145747
145748
145749
145750
145751
145752
145753
145754
145755
145756
145757
145758
145759
145760
145761
145762
145763
145764
145765
145766
145767
145768
145769
145770
145771
145772
145773
145774
145775
145776
145777
145778
145779
145780
145781
145782
145783
145784
145785
145786
145787
145788
145789
145790
145791
145792
145793
145794
145795
145796
145797
145798
145799
145800
145801
145802
145803
145804
145805
145806
145807
145808
145809
145810
145811
145812
145813
145814
145815
145816
145817
145818
145819
145820
145821
145822
145823
145824
145825
145826
145827
145828
145829
145830
145831
145832
145833
145834
145835
145836
145837
145838
145839
145840
145841
145842
145843
145844
145845
145846
145847
145848
145849
145850
145851
145852
145853
145854
145855
145856
145857
145858
145859
145860
145861
145862
145863
145864
145865
145866
145867
145868
145869
145870
145871
145872
145873
145874
145875
145876
145877
145878
145879
145880
145881
145882
145883
145884
145885
145886
145887
145888
145889
145890
145891
145892
145893
145894
145895
145896
145897
145898
145899
145900
145901
145902
145903
145904
145905
145906
145907
145908
145909
145910
145911
145912
145913
145914
145915
145916
145917
145918
145919
145920
145921
145922
145923
145924
145925
145926
145927
145928
145929
145930
145931
145932
145933
145934
145935
145936
145937
145938
145939
145940
145941
145942
145943
145944
145945
145946
145947
145948
145949
145950
145951
145952
145953
145954
145955
145956
145957
145958
145959
145960
145961
145962
145963
145964
145965
145966
145967
145968
145969
145970
145971
145972
145973
145974
145975
145976
145977
145978
145979
145980
145981
145982
145983
145984
145985
145986
145987
145988
145989
145990
145991
145992
145993
145994
145995
145996
145997
145998
145999
146000
146001
146002
146003
146004
146005
146006
146007
146008
146009
146010
146011
146012
146013
146014
146015
146016
146017
146018
146019
146020
146021
146022
146023
146024
146025
146026
146027
146028
146029
146030
146031
146032
146033
146034
146035
146036
146037
146038
146039
146040
146041
146042
146043
146044
146045
146046
146047
146048
146049
146050
146051
146052
146053
146054
146055
146056
146057
146058
146059
146060
146061
146062
146063
146064
146065
146066
146067
146068
146069
146070
146071
146072
146073
146074
146075
146076
146077
146078
146079
146080
146081
146082
146083
146084
146085
146086
146087
146088
146089
146090
146091
146092
146093
146094
146095
146096
146097
146098
146099
146100
146101
146102
146103
146104
146105
146106
146107
146108
146109
146110
146111
146112
146113
146114
146115
146116
146117
146118
146119
146120
146121
146122
146123
146124
146125
146126
146127
146128
146129
146130
146131
146132
146133
146134
146135
146136
146137
146138
146139
146140
146141
146142
146143
146144
146145
146146
146147
146148
146149
146150
146151
146152
146153
146154
146155
146156
146157
146158
146159
146160
146161
146162
146163
146164
146165
146166
146167
146168
146169
146170
146171
146172
146173
146174
146175
146176
146177
146178
146179
146180
146181
146182
146183
146184
146185
146186
146187
146188
146189
146190
146191
146192
146193
146194
146195
146196
146197
146198
146199
146200
146201
146202
146203
146204
146205
146206
146207
146208
146209
146210
146211
146212
146213
146214
146215
146216
146217
146218
146219
146220
146221
146222
146223
146224
146225
146226
146227
146228
146229
146230
146231
146232
146233
146234
146235
146236
146237
146238
146239
146240
146241
146242
146243
146244
146245
146246
146247
146248
146249
146250
146251
146252
146253
146254
146255
146256
146257
146258
146259
146260
146261
146262
146263
146264
146265
146266
146267
146268
146269
146270
146271
146272
146273
146274
146275
146276
146277
146278
146279
146280
146281
146282
146283
146284
146285
146286
146287
146288
146289
146290
146291
146292
146293
146294
146295
146296
146297
146298
146299
146300
146301
146302
146303
146304
146305
146306
146307
146308
146309
146310
146311
146312
146313
146314
146315
146316
146317
146318
146319
146320
146321
146322
146323
146324
146325
146326
146327
146328
146329
146330
146331
146332
146333
146334
146335
146336
146337
146338
146339
146340
146341
146342
146343
146344
146345
146346
146347
146348
146349
146350
146351
146352
146353
146354
146355
146356
146357
146358
146359
146360
146361
146362
146363
146364
146365
146366
146367
146368
146369
146370
146371
146372
146373
146374
146375
146376
146377
146378
146379
146380
146381
146382
146383
146384
146385
146386
146387
146388
146389
146390
146391
146392
146393
146394
146395
146396
146397
146398
146399
146400
146401
146402
146403
146404
146405
146406
146407
146408
146409
146410
146411
146412
146413
146414
146415
146416
146417
146418
146419
146420
146421
146422
146423
146424
146425
146426
146427
146428
146429
146430
146431
146432
146433
146434
146435
146436
146437
146438
146439
146440
146441
146442
146443
146444
146445
146446
146447
146448
146449
146450
146451
146452
146453
146454
146455
146456
146457
146458
146459
146460
146461
146462
146463
146464
146465
146466
146467
146468
146469
146470
146471
146472
146473
146474
146475
146476
146477
146478
146479
146480
146481
146482
146483
146484
146485
146486
146487
146488
146489
146490
146491
146492
146493
146494
146495
146496
146497
146498
146499
146500
146501
146502
146503
146504
146505
146506
146507
146508
146509
146510
146511
146512
146513
146514
146515
146516
146517
146518
146519
146520
146521
146522
146523
146524
146525
146526
146527
146528
146529
146530
146531
146532
146533
146534
146535
146536
146537
146538
146539
146540
146541
146542
146543
146544
146545
146546
146547
146548
146549
146550
146551
146552
146553
146554
146555
146556
146557
146558
146559
146560
146561
146562
146563
146564
146565
146566
146567
146568
146569
146570
146571
146572
146573
146574
146575
146576
146577
146578
146579
146580
146581
146582
146583
146584
146585
146586
146587
146588
146589
146590
146591
146592
146593
146594
146595
146596
146597
146598
146599
146600
146601
146602
146603
146604
146605
146606
146607
146608
146609
146610
146611
146612
146613
146614
146615
146616
146617
146618
146619
146620
146621
146622
146623
146624
146625
146626
146627
146628
146629
146630
146631
146632
146633
146634
146635
146636
146637
146638
146639
146640
146641
146642
146643
146644
146645
146646
146647
146648
146649
146650
146651
146652
146653
146654
146655
146656
146657
146658
146659
146660
146661
146662
146663
146664
146665
146666
146667
146668
146669
146670
146671
146672
146673
146674
146675
146676
146677
146678
146679
146680
146681
146682
146683
146684
146685
146686
146687
146688
146689
146690
146691
146692
146693
146694
146695
146696
146697
146698
146699
146700
146701
146702
146703
146704
146705
146706
146707
146708
146709
146710
146711
146712
146713
146714
146715
146716
146717
146718
146719
146720
146721
146722
146723
146724
146725
146726
146727
146728
146729
146730
146731
146732
146733
146734
146735
146736
146737
146738
146739
146740
146741
146742
146743
146744
146745
146746
146747
146748
146749
146750
146751
146752
146753
146754
146755
146756
146757
146758
146759
146760
146761
146762
146763
146764
146765
146766
146767
146768
146769
146770
146771
146772
146773
146774
146775
146776
146777
146778
146779
146780
146781
146782
146783
146784
146785
146786
146787
146788
146789
146790
146791
146792
146793
146794
146795
146796
146797
146798
146799
146800
146801
146802
146803
146804
146805
146806
146807
146808
146809
146810
146811
146812
146813
146814
146815
146816
146817
146818
146819
146820
146821
146822
146823
146824
146825
146826
146827
146828
146829
146830
146831
146832
146833
146834
146835
146836
146837
146838
146839
146840
146841
146842
146843
146844
146845
146846
146847
146848
146849
146850
146851
146852
146853
146854
146855
146856
146857
146858
146859
146860
146861
146862
146863
146864
146865
146866
146867
146868
146869
146870
146871
146872
146873
146874
146875
146876
146877
146878
146879
146880
146881
146882
146883
146884
146885
146886
146887
146888
146889
146890
146891
146892
146893
146894
146895
146896
146897
146898
146899
146900
146901
146902
146903
146904
146905
146906
146907
146908
146909
146910
146911
146912
146913
146914
146915
146916
146917
146918
146919
146920
146921
146922
146923
146924
146925
146926
146927
146928
146929
146930
146931
146932
146933
146934
146935
146936
146937
146938
146939
146940
146941
146942
146943
146944
146945
146946
146947
146948
146949
146950
146951
146952
146953
146954
146955
146956
146957
146958
146959
146960
146961
146962
146963
146964
146965
146966
146967
146968
146969
146970
146971
146972
146973
146974
146975
146976
146977
146978
146979
146980
146981
146982
146983
146984
146985
146986
146987
146988
146989
146990
146991
146992
146993
146994
146995
146996
146997
146998
146999
147000
147001
147002
147003
147004
147005
147006
147007
147008
147009
147010
147011
147012
147013
147014
147015
147016
147017
147018
147019
147020
147021
147022
147023
147024
147025
147026
147027
147028
147029
147030
147031
147032
147033
147034
147035
147036
147037
147038
147039
147040
147041
147042
147043
147044
147045
147046
147047
147048
147049
147050
147051
147052
147053
147054
147055
147056
147057
147058
147059
147060
147061
147062
147063
147064
147065
147066
147067
147068
147069
147070
147071
147072
147073
147074
147075
147076
147077
147078
147079
147080
147081
147082
147083
147084
147085
147086
147087
147088
147089
147090
147091
147092
147093
147094
147095
147096
147097
147098
147099
147100
147101
147102
147103
147104
147105
147106
147107
147108
147109
147110
147111
147112
147113
147114
147115
147116
147117
147118
147119
147120
147121
147122
147123
147124
147125
147126
147127
147128
147129
147130
147131
147132
147133
147134
147135
147136
147137
147138
147139
147140
147141
147142
147143
147144
147145
147146
147147
147148
147149
147150
147151
147152
147153
147154
147155
147156
147157
147158
147159
147160
147161
147162
147163
147164
147165
147166
147167
147168
147169
147170
147171
147172
147173
147174
147175
147176
147177
147178
147179
147180
147181
147182
147183
147184
147185
147186
147187
147188
147189
147190
147191
147192
147193
147194
147195
147196
147197
147198
147199
147200
147201
147202
147203
147204
147205
147206
147207
147208
147209
147210
147211
147212
147213
147214
147215
147216
147217
147218
147219
147220
147221
147222
147223
147224
147225
147226
147227
147228
147229
147230
147231
147232
147233
147234
147235
147236
147237
147238
147239
147240
147241
147242
147243
147244
147245
147246
147247
147248
147249
147250
147251
147252
147253
147254
147255
147256
147257
147258
147259
147260
147261
147262
147263
147264
147265
147266
147267
147268
147269
147270
147271
147272
147273
147274
147275
147276
147277
147278
147279
147280
147281
147282
147283
147284
147285
147286
147287
147288
147289
147290
147291
147292
147293
147294
147295
147296
147297
147298
147299
147300
147301
147302
147303
147304
147305
147306
147307
147308
147309
147310
147311
147312
147313
147314
147315
147316
147317
147318
147319
147320
147321
147322
147323
147324
147325
147326
147327
147328
147329
147330
147331
147332
147333
147334
147335
147336
147337
147338
147339
147340
147341
147342
147343
147344
147345
147346
147347
147348
147349
147350
147351
147352
147353
147354
147355
147356
147357
147358
147359
147360
147361
147362
147363
147364
147365
147366
147367
147368
147369
147370
147371
147372
147373
147374
147375
147376
147377
147378
147379
147380
147381
147382
147383
147384
147385
147386
147387
147388
147389
147390
147391
147392
147393
147394
147395
147396
147397
147398
147399
147400
147401
147402
147403
147404
147405
147406
147407
147408
147409
147410
147411
147412
147413
147414
147415
147416
147417
147418
147419
147420
147421
147422
147423
147424
147425
147426
147427
147428
147429
147430
147431
147432
147433
147434
147435
147436
147437
147438
147439
147440
147441
147442
147443
147444
147445
147446
147447
147448
147449
147450
147451
147452
147453
147454
147455
147456
147457
147458
147459
147460
147461
147462
147463
147464
147465
147466
147467
147468
147469
147470
147471
147472
147473
147474
147475
147476
147477
147478
147479
147480
147481
147482
147483
147484
147485
147486
147487
147488
147489
147490
147491
147492
147493
147494
147495
147496
147497
147498
147499
147500
147501
147502
147503
147504
147505
147506
147507
147508
147509
147510
147511
147512
147513
147514
147515
147516
147517
147518
147519
147520
147521
147522
147523
147524
147525
147526
147527
147528
147529
147530
147531
147532
147533
147534
147535
147536
147537
147538
147539
147540
147541
147542
147543
147544
147545
147546
147547
147548
147549
147550
147551
147552
147553
147554
147555
147556
147557
147558
147559
147560
147561
147562
147563
147564
147565
147566
147567
147568
147569
147570
147571
147572
147573
147574
147575
147576
147577
147578
147579
147580
147581
147582
147583
147584
147585
147586
147587
147588
147589
147590
147591
147592
147593
147594
147595
147596
147597
147598
147599
147600
147601
147602
147603
147604
147605
147606
147607
147608
147609
147610
147611
147612
147613
147614
147615
147616
147617
147618
147619
147620
147621
147622
147623
147624
147625
147626
147627
147628
147629
147630
147631
147632
147633
147634
147635
147636
147637
147638
147639
147640
147641
147642
147643
147644
147645
147646
147647
147648
147649
147650
147651
147652
147653
147654
147655
147656
147657
147658
147659
147660
147661
147662
147663
147664
147665
147666
147667
147668
147669
147670
147671
147672
147673
147674
147675
147676
147677
147678
147679
147680
147681
147682
147683
147684
147685
147686
147687
147688
147689
147690
147691
147692
147693
147694
147695
147696
147697
147698
147699
147700
147701
147702
147703
147704
147705
147706
147707
147708
147709
147710
147711
147712
147713
147714
147715
147716
147717
147718
147719
147720
147721
147722
147723
147724
147725
147726
147727
147728
147729
147730
147731
147732
147733
147734
147735
147736
147737
147738
147739
147740
147741
147742
147743
147744
147745
147746
147747
147748
147749
147750
147751
147752
147753
147754
147755
147756
147757
147758
147759
147760
147761
147762
147763
147764
147765
147766
147767
147768
147769
147770
147771
147772
147773
147774
147775
147776
147777
147778
147779
147780
147781
147782
147783
147784
147785
147786
147787
147788
147789
147790
147791
147792
147793
147794
147795
147796
147797
147798
147799
147800
147801
147802
147803
147804
147805
147806
147807
147808
147809
147810
147811
147812
147813
147814
147815
147816
147817
147818
147819
147820
147821
147822
147823
147824
147825
147826
147827
147828
147829
147830
147831
147832
147833
147834
147835
147836
147837
147838
147839
147840
147841
147842
147843
147844
147845
147846
147847
147848
147849
147850
147851
147852
147853
147854
147855
147856
147857
147858
147859
147860
147861
147862
147863
147864
147865
147866
147867
147868
147869
147870
147871
147872
147873
147874
147875
147876
147877
147878
147879
147880
147881
147882
147883
147884
147885
147886
147887
147888
147889
147890
147891
147892
147893
147894
147895
147896
147897
147898
147899
147900
147901
147902
147903
147904
147905
147906
147907
147908
147909
147910
147911
147912
147913
147914
147915
147916
147917
147918
147919
147920
147921
147922
147923
147924
147925
147926
147927
147928
147929
147930
147931
147932
147933
147934
147935
147936
147937
147938
147939
147940
147941
147942
147943
147944
147945
147946
147947
147948
147949
147950
147951
147952
147953
147954
147955
147956
147957
147958
147959
147960
147961
147962
147963
147964
147965
147966
147967
147968
147969
147970
147971
147972
147973
147974
147975
147976
147977
147978
147979
147980
147981
147982
147983
147984
147985
147986
147987
147988
147989
147990
147991
147992
147993
147994
147995
147996
147997
147998
147999
148000
148001
148002
148003
148004
148005
148006
148007
148008
148009
148010
148011
148012
148013
148014
148015
148016
148017
148018
148019
148020
148021
148022
148023
148024
148025
148026
148027
148028
148029
148030
148031
148032
148033
148034
148035
148036
148037
148038
148039
148040
148041
148042
148043
148044
148045
148046
148047
148048
148049
148050
148051
148052
148053
148054
148055
148056
148057
148058
148059
148060
148061
148062
148063
148064
148065
148066
148067
148068
148069
148070
148071
148072
148073
148074
148075
148076
148077
148078
148079
148080
148081
148082
148083
148084
148085
148086
148087
148088
148089
148090
148091
148092
148093
148094
148095
148096
148097
148098
148099
148100
148101
148102
148103
148104
148105
148106
148107
148108
148109
148110
148111
148112
148113
148114
148115
148116
148117
148118
148119
148120
148121
148122
148123
148124
148125
148126
148127
148128
148129
148130
148131
148132
148133
148134
148135
148136
148137
148138
148139
148140
148141
148142
148143
148144
148145
148146
148147
148148
148149
148150
148151
148152
148153
148154
148155
148156
148157
148158
148159
148160
148161
148162
148163
148164
148165
148166
148167
148168
148169
148170
148171
148172
148173
148174
148175
148176
148177
148178
148179
148180
148181
148182
148183
148184
148185
148186
148187
148188
148189
148190
148191
148192
148193
148194
148195
148196
148197
148198
148199
148200
148201
148202
148203
148204
148205
148206
148207
148208
148209
148210
148211
148212
148213
148214
148215
148216
148217
148218
148219
148220
148221
148222
148223
148224
148225
148226
148227
148228
148229
148230
148231
148232
148233
148234
148235
148236
148237
148238
148239
148240
148241
148242
148243
148244
148245
148246
148247
148248
148249
148250
148251
148252
148253
148254
148255
148256
148257
148258
148259
148260
148261
148262
148263
148264
148265
148266
148267
148268
148269
148270
148271
148272
148273
148274
148275
148276
148277
148278
148279
148280
148281
148282
148283
148284
148285
148286
148287
148288
148289
148290
148291
148292
148293
148294
148295
148296
148297
148298
148299
148300
148301
148302
148303
148304
148305
148306
148307
148308
148309
148310
148311
148312
148313
148314
148315
148316
148317
148318
148319
148320
148321
148322
148323
148324
148325
148326
148327
148328
148329
148330
148331
148332
148333
148334
148335
148336
148337
148338
148339
148340
148341
148342
148343
148344
148345
148346
148347
148348
148349
148350
148351
148352
148353
148354
148355
148356
148357
148358
148359
148360
148361
148362
148363
148364
148365
148366
148367
148368
148369
148370
148371
148372
148373
148374
148375
148376
148377
148378
148379
148380
148381
148382
148383
148384
148385
148386
148387
148388
148389
148390
148391
148392
148393
148394
148395
148396
148397
148398
148399
148400
148401
148402
148403
148404
148405
148406
148407
148408
148409
148410
148411
148412
148413
148414
148415
148416
148417
148418
148419
148420
148421
148422
148423
148424
148425
148426
148427
148428
148429
148430
148431
148432
148433
148434
148435
148436
148437
148438
148439
148440
148441
148442
148443
148444
148445
148446
148447
148448
148449
148450
148451
148452
148453
148454
148455
148456
148457
148458
148459
148460
148461
148462
148463
148464
148465
148466
148467
148468
148469
148470
148471
148472
148473
148474
148475
148476
148477
148478
148479
148480
148481
148482
148483
148484
148485
148486
148487
148488
148489
148490
148491
148492
148493
148494
148495
148496
148497
148498
148499
148500
148501
148502
148503
148504
148505
148506
148507
148508
148509
148510
148511
148512
148513
148514
148515
148516
148517
148518
148519
148520
148521
148522
148523
148524
148525
148526
148527
148528
148529
148530
148531
148532
148533
148534
148535
148536
148537
148538
148539
148540
148541
148542
148543
148544
148545
148546
148547
148548
148549
148550
148551
148552
148553
148554
148555
148556
148557
148558
148559
148560
148561
148562
148563
148564
148565
148566
148567
148568
148569
148570
148571
148572
148573
148574
148575
148576
148577
148578
148579
148580
148581
148582
148583
148584
148585
148586
148587
148588
148589
148590
148591
148592
148593
148594
148595
148596
148597
148598
148599
148600
148601
148602
148603
148604
148605
148606
148607
148608
148609
148610
148611
148612
148613
148614
148615
148616
148617
148618
148619
148620
148621
148622
148623
148624
148625
148626
148627
148628
148629
148630
148631
148632
148633
148634
148635
148636
148637
148638
148639
148640
148641
148642
148643
148644
148645
148646
148647
148648
148649
148650
148651
148652
148653
148654
148655
148656
148657
148658
148659
148660
148661
148662
148663
148664
148665
148666
148667
148668
148669
148670
148671
148672
148673
148674
148675
148676
148677
148678
148679
148680
148681
148682
148683
148684
148685
148686
148687
148688
148689
148690
148691
148692
148693
148694
148695
148696
148697
148698
148699
148700
148701
148702
148703
148704
148705
148706
148707
148708
148709
148710
148711
148712
148713
148714
148715
148716
148717
148718
148719
148720
148721
148722
148723
148724
148725
148726
148727
148728
148729
148730
148731
148732
148733
148734
148735
148736
148737
148738
148739
148740
148741
148742
148743
148744
148745
148746
148747
148748
148749
148750
148751
148752
148753
148754
148755
148756
148757
148758
148759
148760
148761
148762
148763
148764
148765
148766
148767
148768
148769
148770
148771
148772
148773
148774
148775
148776
148777
148778
148779
148780
148781
148782
148783
148784
148785
148786
148787
148788
148789
148790
148791
148792
148793
148794
148795
148796
148797
148798
148799
148800
148801
148802
148803
148804
148805
148806
148807
148808
148809
148810
148811
148812
148813
148814
148815
148816
148817
148818
148819
148820
148821
148822
148823
148824
148825
148826
148827
148828
148829
148830
148831
148832
148833
148834
148835
148836
148837
148838
148839
148840
148841
148842
148843
148844
148845
148846
148847
148848
148849
148850
148851
148852
148853
148854
148855
148856
148857
148858
148859
148860
148861
148862
148863
148864
148865
148866
148867
148868
148869
148870
148871
148872
148873
148874
148875
148876
148877
148878
148879
148880
148881
148882
148883
148884
148885
148886
148887
148888
148889
148890
148891
148892
148893
148894
148895
148896
148897
148898
148899
148900
148901
148902
148903
148904
148905
148906
148907
148908
148909
148910
148911
148912
148913
148914
148915
148916
148917
148918
148919
148920
148921
148922
148923
148924
148925
148926
148927
148928
148929
148930
148931
148932
148933
148934
148935
148936
148937
148938
148939
148940
148941
148942
148943
148944
148945
148946
148947
148948
148949
148950
148951
148952
148953
148954
148955
148956
148957
148958
148959
148960
148961
148962
148963
148964
148965
148966
148967
148968
148969
148970
148971
148972
148973
148974
148975
148976
148977
148978
148979
148980
148981
148982
148983
148984
148985
148986
148987
148988
148989
148990
148991
148992
148993
148994
148995
148996
148997
148998
148999
149000
149001
149002
149003
149004
149005
149006
149007
149008
149009
149010
149011
149012
149013
149014
149015
149016
149017
149018
149019
149020
149021
149022
149023
149024
149025
149026
149027
149028
149029
149030
149031
149032
149033
149034
149035
149036
149037
149038
149039
149040
149041
149042
149043
149044
149045
149046
149047
149048
149049
149050
149051
149052
149053
149054
149055
149056
149057
149058
149059
149060
149061
149062
149063
149064
149065
149066
149067
149068
149069
149070
149071
149072
149073
149074
149075
149076
149077
149078
149079
149080
149081
149082
149083
149084
149085
149086
149087
149088
149089
149090
149091
149092
149093
149094
149095
149096
149097
149098
149099
149100
149101
149102
149103
149104
149105
149106
149107
149108
149109
149110
149111
149112
149113
149114
149115
149116
149117
149118
149119
149120
149121
149122
149123
149124
149125
149126
149127
149128
149129
149130
149131
149132
149133
149134
149135
149136
149137
149138
149139
149140
149141
149142
149143
149144
149145
149146
149147
149148
149149
149150
149151
149152
149153
149154
149155
149156
149157
149158
149159
149160
149161
149162
149163
149164
149165
149166
149167
149168
149169
149170
149171
149172
149173
149174
149175
149176
149177
149178
149179
149180
149181
149182
149183
149184
149185
149186
149187
149188
149189
149190
149191
149192
149193
149194
149195
149196
149197
149198
149199
149200
149201
149202
149203
149204
149205
149206
149207
149208
149209
149210
149211
149212
149213
149214
149215
149216
149217
149218
149219
149220
149221
149222
149223
149224
149225
149226
149227
149228
149229
149230
149231
149232
149233
149234
149235
149236
149237
149238
149239
149240
149241
149242
149243
149244
149245
149246
149247
149248
149249
149250
149251
149252
149253
149254
149255
149256
149257
149258
149259
149260
149261
149262
149263
149264
149265
149266
149267
149268
149269
149270
149271
149272
149273
149274
149275
149276
149277
149278
149279
149280
149281
149282
149283
149284
149285
149286
149287
149288
149289
149290
149291
149292
149293
149294
149295
149296
149297
149298
149299
149300
149301
149302
149303
149304
149305
149306
149307
149308
149309
149310
149311
149312
149313
149314
149315
149316
149317
149318
149319
149320
149321
149322
149323
149324
149325
149326
149327
149328
149329
149330
149331
149332
149333
149334
149335
149336
149337
149338
149339
149340
149341
149342
149343
149344
149345
149346
149347
149348
149349
149350
149351
149352
149353
149354
149355
149356
149357
149358
149359
149360
149361
149362
149363
149364
149365
149366
149367
149368
149369
149370
149371
149372
149373
149374
149375
149376
149377
149378
149379
149380
149381
149382
149383
149384
149385
149386
149387
149388
149389
149390
149391
149392
149393
149394
149395
149396
149397
149398
149399
149400
149401
149402
149403
149404
149405
149406
149407
149408
149409
149410
149411
149412
149413
149414
149415
149416
149417
149418
149419
149420
149421
149422
149423
149424
149425
149426
149427
149428
149429
149430
149431
149432
149433
149434
149435
149436
149437
149438
149439
149440
149441
149442
149443
149444
149445
149446
149447
149448
149449
149450
149451
149452
149453
149454
149455
149456
149457
149458
149459
149460
149461
149462
149463
149464
149465
149466
149467
149468
149469
149470
149471
149472
149473
149474
149475
149476
149477
149478
149479
149480
149481
149482
149483
149484
149485
149486
149487
149488
149489
149490
149491
149492
149493
149494
149495
149496
149497
149498
149499
149500
149501
149502
149503
149504
149505
149506
149507
149508
149509
149510
149511
149512
149513
149514
149515
149516
149517
149518
149519
149520
149521
149522
149523
149524
149525
149526
149527
149528
149529
149530
149531
149532
149533
149534
149535
149536
149537
149538
149539
149540
149541
149542
149543
149544
149545
149546
149547
149548
149549
149550
149551
149552
149553
149554
149555
149556
149557
149558
149559
149560
149561
149562
149563
149564
149565
149566
149567
149568
149569
149570
149571
149572
149573
149574
149575
149576
149577
149578
149579
149580
149581
149582
149583
149584
149585
149586
149587
149588
149589
149590
149591
149592
149593
149594
149595
149596
149597
149598
149599
149600
149601
149602
149603
149604
149605
149606
149607
149608
149609
149610
149611
149612
149613
149614
149615
149616
149617
149618
149619
149620
149621
149622
149623
149624
149625
149626
149627
149628
149629
149630
149631
149632
149633
149634
149635
149636
149637
149638
149639
149640
149641
149642
149643
149644
149645
149646
149647
149648
149649
149650
149651
149652
149653
149654
149655
149656
149657
149658
149659
149660
149661
149662
149663
149664
149665
149666
149667
149668
149669
149670
149671
149672
149673
149674
149675
149676
149677
149678
149679
149680
149681
149682
149683
149684
149685
149686
149687
149688
149689
149690
149691
149692
149693
149694
149695
149696
149697
149698
149699
149700
149701
149702
149703
149704
149705
149706
149707
149708
149709
149710
149711
149712
149713
149714
149715
149716
149717
149718
149719
149720
149721
149722
149723
149724
149725
149726
149727
149728
149729
149730
149731
149732
149733
149734
149735
149736
149737
149738
149739
149740
149741
149742
149743
149744
149745
149746
149747
149748
149749
149750
149751
149752
149753
149754
149755
149756
149757
149758
149759
149760
149761
149762
149763
149764
149765
149766
149767
149768
149769
149770
149771
149772
149773
149774
149775
149776
149777
149778
149779
149780
149781
149782
149783
149784
149785
149786
149787
149788
149789
149790
149791
149792
149793
149794
149795
149796
149797
149798
149799
149800
149801
149802
149803
149804
149805
149806
149807
149808
149809
149810
149811
149812
149813
149814
149815
149816
149817
149818
149819
149820
149821
149822
149823
149824
149825
149826
149827
149828
149829
149830
149831
149832
149833
149834
149835
149836
149837
149838
149839
149840
149841
149842
149843
149844
149845
149846
149847
149848
149849
149850
149851
149852
149853
149854
149855
149856
149857
149858
149859
149860
149861
149862
149863
149864
149865
149866
149867
149868
149869
149870
149871
149872
149873
149874
149875
149876
149877
149878
149879
149880
149881
149882
149883
149884
149885
149886
149887
149888
149889
149890
149891
149892
149893
149894
149895
149896
149897
149898
149899
149900
149901
149902
149903
149904
149905
149906
149907
149908
149909
149910
149911
149912
149913
149914
149915
149916
149917
149918
149919
149920
149921
149922
149923
149924
149925
149926
149927
149928
149929
149930
149931
149932
149933
149934
149935
149936
149937
149938
149939
149940
149941
149942
149943
149944
149945
149946
149947
149948
149949
149950
149951
149952
149953
149954
149955
149956
149957
149958
149959
149960
149961
149962
149963
149964
149965
149966
149967
149968
149969
149970
149971
149972
149973
149974
149975
149976
149977
149978
149979
149980
149981
149982
149983
149984
149985
149986
149987
149988
149989
149990
149991
149992
149993
149994
149995
149996
149997
149998
149999
150000
150001
150002
150003
150004
150005
150006
150007
150008
150009
150010
150011
150012
150013
150014
150015
150016
150017
150018
150019
150020
150021
150022
150023
150024
150025
150026
150027
150028
150029
150030
150031
150032
150033
150034
150035
150036
150037
150038
150039
150040
150041
150042
150043
150044
150045
150046
150047
150048
150049
150050
150051
150052
150053
150054
150055
150056
150057
150058
150059
150060
150061
150062
150063
150064
150065
150066
150067
150068
150069
150070
150071
150072
150073
150074
150075
150076
150077
150078
150079
150080
150081
150082
150083
150084
150085
150086
150087
150088
150089
150090
150091
150092
150093
150094
150095
150096
150097
150098
150099
150100
150101
150102
150103
150104
150105
150106
150107
150108
150109
150110
150111
150112
150113
150114
150115
150116
150117
150118
150119
150120
150121
150122
150123
150124
150125
150126
150127
150128
150129
150130
150131
150132
150133
150134
150135
150136
150137
150138
150139
150140
150141
150142
150143
150144
150145
150146
150147
150148
150149
150150
150151
150152
150153
150154
150155
150156
150157
150158
150159
150160
150161
150162
150163
150164
150165
150166
150167
150168
150169
150170
150171
150172
150173
150174
150175
150176
150177
150178
150179
150180
150181
150182
150183
150184
150185
150186
150187
150188
150189
150190
150191
150192
150193
150194
150195
150196
150197
150198
150199
150200
150201
150202
150203
150204
150205
150206
150207
150208
150209
150210
150211
150212
150213
150214
150215
150216
150217
150218
150219
150220
150221
150222
150223
150224
150225
150226
150227
150228
150229
150230
150231
150232
150233
150234
150235
150236
150237
150238
150239
150240
150241
150242
150243
150244
150245
150246
150247
150248
150249
150250
150251
150252
150253
150254
150255
150256
150257
150258
150259
150260
150261
150262
150263
150264
150265
150266
150267
150268
150269
150270
150271
150272
150273
150274
150275
150276
150277
150278
150279
150280
150281
150282
150283
150284
150285
150286
150287
150288
150289
150290
150291
150292
150293
150294
150295
150296
150297
150298
150299
150300
150301
150302
150303
150304
150305
150306
150307
150308
150309
150310
150311
150312
150313
150314
150315
150316
150317
150318
150319
150320
150321
150322
150323
150324
150325
150326
150327
150328
150329
150330
150331
150332
150333
150334
150335
150336
150337
150338
150339
150340
150341
150342
150343
150344
150345
150346
150347
150348
150349
150350
150351
150352
150353
150354
150355
150356
150357
150358
150359
150360
150361
150362
150363
150364
150365
150366
150367
150368
150369
150370
150371
150372
150373
150374
150375
150376
150377
150378
150379
150380
150381
150382
150383
150384
150385
150386
150387
150388
150389
150390
150391
150392
150393
150394
150395
150396
150397
150398
150399
150400
150401
150402
150403
150404
150405
150406
150407
150408
150409
150410
150411
150412
150413
150414
150415
150416
150417
150418
150419
150420
150421
150422
150423
150424
150425
150426
150427
150428
150429
150430
150431
150432
150433
150434
150435
150436
150437
150438
150439
150440
150441
150442
150443
150444
150445
150446
150447
150448
150449
150450
150451
150452
150453
150454
150455
150456
150457
150458
150459
150460
150461
150462
150463
150464
150465
150466
150467
150468
150469
150470
150471
150472
150473
150474
150475
150476
150477
150478
150479
150480
150481
150482
150483
150484
150485
150486
150487
150488
150489
150490
150491
150492
150493
150494
150495
150496
150497
150498
150499
150500
150501
150502
150503
150504
150505
150506
150507
150508
150509
150510
150511
150512
150513
150514
150515
150516
150517
150518
150519
150520
150521
150522
150523
150524
150525
150526
150527
150528
150529
150530
150531
150532
150533
150534
150535
150536
150537
150538
150539
150540
150541
150542
150543
150544
150545
150546
150547
150548
150549
150550
150551
150552
150553
150554
150555
150556
150557
150558
150559
150560
150561
150562
150563
150564
150565
150566
150567
150568
150569
150570
150571
150572
150573
150574
150575
150576
150577
150578
150579
150580
150581
150582
150583
150584
150585
150586
150587
150588
150589
150590
150591
150592
150593
150594
150595
150596
150597
150598
150599
150600
150601
150602
150603
150604
150605
150606
150607
150608
150609
150610
150611
150612
150613
150614
150615
150616
150617
150618
150619
150620
150621
150622
150623
150624
150625
150626
150627
150628
150629
150630
150631
150632
150633
150634
150635
150636
150637
150638
150639
150640
150641
150642
150643
150644
150645
150646
150647
150648
150649
150650
150651
150652
150653
150654
150655
150656
150657
150658
150659
150660
150661
150662
150663
150664
150665
150666
150667
150668
150669
150670
150671
150672
150673
150674
150675
150676
150677
150678
150679
150680
150681
150682
150683
150684
150685
150686
150687
150688
150689
150690
150691
150692
150693
150694
150695
150696
150697
150698
150699
150700
150701
150702
150703
150704
150705
150706
150707
150708
150709
150710
150711
150712
150713
150714
150715
150716
150717
150718
150719
150720
150721
150722
150723
150724
150725
150726
150727
150728
150729
150730
150731
150732
150733
150734
150735
150736
150737
150738
150739
150740
150741
150742
150743
150744
150745
150746
150747
150748
150749
150750
150751
150752
150753
150754
150755
150756
150757
150758
150759
150760
150761
150762
150763
150764
150765
150766
150767
150768
150769
150770
150771
150772
150773
150774
150775
150776
150777
150778
150779
150780
150781
150782
150783
150784
150785
150786
150787
150788
150789
150790
150791
150792
150793
150794
150795
150796
150797
150798
150799
150800
150801
150802
150803
150804
150805
150806
150807
150808
150809
150810
150811
150812
150813
150814
150815
150816
150817
150818
150819
150820
150821
150822
150823
150824
150825
150826
150827
150828
150829
150830
150831
150832
150833
150834
150835
150836
150837
150838
150839
150840
150841
150842
150843
150844
150845
150846
150847
150848
150849
150850
150851
150852
150853
150854
150855
150856
150857
150858
150859
150860
150861
150862
150863
150864
150865
150866
150867
150868
150869
150870
150871
150872
150873
150874
150875
150876
150877
150878
150879
150880
150881
150882
150883
150884
150885
150886
150887
150888
150889
150890
150891
150892
150893
150894
150895
150896
150897
150898
150899
150900
150901
150902
150903
150904
150905
150906
150907
150908
150909
150910
150911
150912
150913
150914
150915
150916
150917
150918
150919
150920
150921
150922
150923
150924
150925
150926
150927
150928
150929
150930
150931
150932
150933
150934
150935
150936
150937
150938
150939
150940
150941
150942
150943
150944
150945
150946
150947
150948
150949
150950
150951
150952
150953
150954
150955
150956
150957
150958
150959
150960
150961
150962
150963
150964
150965
150966
150967
150968
150969
150970
150971
150972
150973
150974
150975
150976
150977
150978
150979
150980
150981
150982
150983
150984
150985
150986
150987
150988
150989
150990
150991
150992
150993
150994
150995
150996
150997
150998
150999
151000
151001
151002
151003
151004
151005
151006
151007
151008
151009
151010
151011
151012
151013
151014
151015
151016
151017
151018
151019
151020
151021
151022
151023
151024
151025
151026
151027
151028
151029
151030
151031
151032
151033
151034
151035
151036
151037
151038
151039
151040
151041
151042
151043
151044
151045
151046
151047
151048
151049
151050
151051
151052
151053
151054
151055
151056
151057
151058
151059
151060
151061
151062
151063
151064
151065
151066
151067
151068
151069
151070
151071
151072
151073
151074
151075
151076
151077
151078
151079
151080
151081
151082
151083
151084
151085
151086
151087
151088
151089
151090
151091
151092
151093
151094
151095
151096
151097
151098
151099
151100
151101
151102
151103
151104
151105
151106
151107
151108
151109
151110
151111
151112
151113
151114
151115
151116
151117
151118
151119
151120
151121
151122
151123
151124
151125
151126
151127
151128
151129
151130
151131
151132
151133
151134
151135
151136
151137
151138
151139
151140
151141
151142
151143
151144
151145
151146
151147
151148
151149
151150
151151
151152
151153
151154
151155
151156
151157
151158
151159
151160
151161
151162
151163
151164
151165
151166
151167
151168
151169
151170
151171
151172
151173
151174
151175
151176
151177
151178
151179
151180
151181
151182
151183
151184
151185
151186
151187
151188
151189
151190
151191
151192
151193
151194
151195
151196
151197
151198
151199
151200
151201
151202
151203
151204
151205
151206
151207
151208
151209
151210
151211
151212
151213
151214
151215
151216
151217
151218
151219
151220
151221
151222
151223
151224
151225
151226
151227
151228
151229
151230
151231
151232
151233
151234
151235
151236
151237
151238
151239
151240
151241
151242
151243
151244
151245
151246
151247
151248
151249
151250
151251
151252
151253
151254
151255
151256
151257
151258
151259
151260
151261
151262
151263
151264
151265
151266
151267
151268
151269
151270
151271
151272
151273
151274
151275
151276
151277
151278
151279
151280
151281
151282
151283
151284
151285
151286
151287
151288
151289
151290
151291
151292
151293
151294
151295
151296
151297
151298
151299
151300
151301
151302
151303
151304
151305
151306
151307
151308
151309
151310
151311
151312
151313
151314
151315
151316
151317
151318
151319
151320
151321
151322
151323
151324
151325
151326
151327
151328
151329
151330
151331
151332
151333
151334
151335
151336
151337
151338
151339
151340
151341
151342
151343
151344
151345
151346
151347
151348
151349
151350
151351
151352
151353
151354
151355
151356
151357
151358
151359
151360
151361
151362
151363
151364
151365
151366
151367
151368
151369
151370
151371
151372
151373
151374
151375
151376
151377
151378
151379
151380
151381
151382
151383
151384
151385
151386
151387
151388
151389
151390
151391
151392
151393
151394
151395
151396
151397
151398
151399
151400
151401
151402
151403
151404
151405
151406
151407
151408
151409
151410
151411
151412
151413
151414
151415
151416
151417
151418
151419
151420
151421
151422
151423
151424
151425
151426
151427
151428
151429
151430
151431
151432
151433
151434
151435
151436
151437
151438
151439
151440
151441
151442
151443
151444
151445
151446
151447
151448
151449
151450
151451
151452
151453
151454
151455
151456
151457
151458
151459
151460
151461
151462
151463
151464
151465
151466
151467
151468
151469
151470
151471
151472
151473
151474
151475
151476
151477
151478
151479
151480
151481
151482
151483
151484
151485
151486
151487
151488
151489
151490
151491
151492
151493
151494
151495
151496
151497
151498
151499
151500
151501
151502
151503
151504
151505
151506
151507
151508
151509
151510
151511
151512
151513
151514
151515
151516
151517
151518
151519
151520
151521
151522
151523
151524
151525
151526
151527
151528
151529
151530
151531
151532
151533
151534
151535
151536
151537
151538
151539
151540
151541
151542
151543
151544
151545
151546
151547
151548
151549
151550
151551
151552
151553
151554
151555
151556
151557
151558
151559
151560
151561
151562
151563
151564
151565
151566
151567
151568
151569
151570
151571
151572
151573
151574
151575
151576
151577
151578
151579
151580
151581
151582
151583
151584
151585
151586
151587
151588
151589
151590
151591
151592
151593
151594
151595
151596
151597
151598
151599
151600
151601
151602
151603
151604
151605
151606
151607
151608
151609
151610
151611
151612
151613
151614
151615
151616
151617
151618
151619
151620
151621
151622
151623
151624
151625
151626
151627
151628
151629
151630
151631
151632
151633
151634
151635
151636
151637
151638
151639
151640
151641
151642
151643
151644
151645
151646
151647
151648
151649
151650
151651
151652
151653
151654
151655
151656
151657
151658
151659
151660
151661
151662
151663
151664
151665
151666
151667
151668
151669
151670
151671
151672
151673
151674
151675
151676
151677
151678
151679
151680
151681
151682
151683
151684
151685
151686
151687
151688
151689
151690
151691
151692
151693
151694
151695
151696
151697
151698
151699
151700
151701
151702
151703
151704
151705
151706
151707
151708
151709
151710
151711
151712
151713
151714
151715
151716
151717
151718
151719
151720
151721
151722
151723
151724
151725
151726
151727
151728
151729
151730
151731
151732
151733
151734
151735
151736
151737
151738
151739
151740
151741
151742
151743
151744
151745
151746
151747
151748
151749
151750
151751
151752
151753
151754
151755
151756
151757
151758
151759
151760
151761
151762
151763
151764
151765
151766
151767
151768
151769
151770
151771
151772
151773
151774
151775
151776
151777
151778
151779
151780
151781
151782
151783
151784
151785
151786
151787
151788
151789
151790
151791
151792
151793
151794
151795
151796
151797
151798
151799
151800
151801
151802
151803
151804
151805
151806
151807
151808
151809
151810
151811
151812
151813
151814
151815
151816
151817
151818
151819
151820
151821
151822
151823
151824
151825
151826
151827
151828
151829
151830
151831
151832
151833
151834
151835
151836
151837
151838
151839
151840
151841
151842
151843
151844
151845
151846
151847
151848
151849
151850
151851
151852
151853
151854
151855
151856
151857
151858
151859
151860
151861
151862
151863
151864
151865
151866
151867
151868
151869
151870
151871
151872
151873
151874
151875
151876
151877
151878
151879
151880
151881
151882
151883
151884
151885
151886
151887
151888
151889
151890
151891
151892
151893
151894
151895
151896
151897
151898
151899
151900
151901
151902
151903
151904
151905
151906
151907
151908
151909
151910
151911
151912
151913
151914
151915
151916
151917
151918
151919
151920
151921
151922
151923
151924
151925
151926
151927
151928
151929
151930
151931
151932
151933
151934
151935
151936
151937
151938
151939
151940
151941
151942
151943
151944
151945
151946
151947
151948
151949
151950
151951
151952
151953
151954
151955
151956
151957
151958
151959
151960
151961
151962
151963
151964
151965
151966
151967
151968
151969
151970
151971
151972
151973
151974
151975
151976
151977
151978
151979
151980
151981
151982
151983
151984
151985
151986
151987
151988
151989
151990
151991
151992
151993
151994
151995
151996
151997
151998
151999
152000
152001
152002
152003
152004
152005
152006
152007
152008
152009
152010
152011
152012
152013
152014
152015
152016
152017
152018
152019
152020
152021
152022
152023
152024
152025
152026
152027
152028
152029
152030
152031
152032
152033
152034
152035
152036
152037
152038
152039
152040
152041
152042
152043
152044
152045
152046
152047
152048
152049
152050
152051
152052
152053
152054
152055
152056
152057
152058
152059
152060
152061
152062
152063
152064
152065
152066
152067
152068
152069
152070
152071
152072
152073
152074
152075
152076
152077
152078
152079
152080
152081
152082
152083
152084
152085
152086
152087
152088
152089
152090
152091
152092
152093
152094
152095
152096
152097
152098
152099
152100
152101
152102
152103
152104
152105
152106
152107
152108
152109
152110
152111
152112
152113
152114
152115
152116
152117
152118
152119
152120
152121
152122
152123
152124
152125
152126
152127
152128
152129
152130
152131
152132
152133
152134
152135
152136
152137
152138
152139
152140
152141
152142
152143
152144
152145
152146
152147
152148
152149
152150
152151
152152
152153
152154
152155
152156
152157
152158
152159
152160
152161
152162
152163
152164
152165
152166
152167
152168
152169
152170
152171
152172
152173
152174
152175
152176
152177
152178
152179
152180
152181
152182
152183
152184
152185
152186
152187
152188
152189
152190
152191
152192
152193
152194
152195
152196
152197
152198
152199
152200
152201
152202
152203
152204
152205
152206
152207
152208
152209
152210
152211
152212
152213
152214
152215
152216
152217
152218
152219
152220
152221
152222
152223
152224
152225
152226
152227
152228
152229
152230
152231
152232
152233
152234
152235
152236
152237
152238
152239
152240
152241
152242
152243
152244
152245
152246
152247
152248
152249
152250
152251
152252
152253
152254
152255
152256
152257
152258
152259
152260
152261
152262
152263
152264
152265
152266
152267
152268
152269
152270
152271
152272
152273
152274
152275
152276
152277
152278
152279
152280
152281
152282
152283
152284
152285
152286
152287
152288
152289
152290
152291
152292
152293
152294
152295
152296
152297
152298
152299
152300
152301
152302
152303
152304
152305
152306
152307
152308
152309
152310
152311
152312
152313
152314
152315
152316
152317
152318
152319
152320
152321
152322
152323
152324
152325
152326
152327
152328
152329
152330
152331
152332
152333
152334
152335
152336
152337
152338
152339
152340
152341
152342
152343
152344
152345
152346
152347
152348
152349
152350
152351
152352
152353
152354
152355
152356
152357
152358
152359
152360
152361
152362
152363
152364
152365
152366
152367
152368
152369
152370
152371
152372
152373
152374
152375
152376
152377
152378
152379
152380
152381
152382
152383
152384
152385
152386
152387
152388
152389
152390
152391
152392
152393
152394
152395
152396
152397
152398
152399
152400
152401
152402
152403
152404
152405
152406
152407
152408
152409
152410
152411
152412
152413
152414
152415
152416
152417
152418
152419
152420
152421
152422
152423
152424
152425
152426
152427
152428
152429
152430
152431
152432
152433
152434
152435
152436
152437
152438
152439
152440
152441
152442
152443
152444
152445
152446
152447
152448
152449
152450
152451
152452
152453
152454
152455
152456
152457
152458
152459
152460
152461
152462
152463
152464
152465
152466
152467
152468
152469
152470
152471
152472
152473
152474
152475
152476
152477
152478
152479
152480
152481
152482
152483
152484
152485
152486
152487
152488
152489
152490
152491
152492
152493
152494
152495
152496
152497
152498
152499
152500
152501
152502
152503
152504
152505
152506
152507
152508
152509
152510
152511
152512
152513
152514
152515
152516
152517
152518
152519
152520
152521
152522
152523
152524
152525
152526
152527
152528
152529
152530
152531
152532
152533
152534
152535
152536
152537
152538
152539
152540
152541
152542
152543
152544
152545
152546
152547
152548
152549
152550
152551
152552
152553
152554
152555
152556
152557
152558
152559
152560
152561
152562
152563
152564
152565
152566
152567
152568
152569
152570
152571
152572
152573
152574
152575
152576
152577
152578
152579
152580
152581
152582
152583
152584
152585
152586
152587
152588
152589
152590
152591
152592
152593
152594
152595
152596
152597
152598
152599
152600
152601
152602
152603
152604
152605
152606
152607
152608
152609
152610
152611
152612
152613
152614
152615
152616
152617
152618
152619
152620
152621
152622
152623
152624
152625
152626
152627
152628
152629
152630
152631
152632
152633
152634
152635
152636
152637
152638
152639
152640
152641
152642
152643
152644
152645
152646
152647
152648
152649
152650
152651
152652
152653
152654
152655
152656
152657
152658
152659
152660
152661
152662
152663
152664
152665
152666
152667
152668
152669
152670
152671
152672
152673
152674
152675
152676
152677
152678
152679
152680
152681
152682
152683
152684
152685
152686
152687
152688
152689
152690
152691
152692
152693
152694
152695
152696
152697
152698
152699
152700
152701
152702
152703
152704
152705
152706
152707
152708
152709
152710
152711
152712
152713
152714
152715
152716
152717
152718
152719
152720
152721
152722
152723
152724
152725
152726
152727
152728
152729
152730
152731
152732
152733
152734
152735
152736
152737
152738
152739
152740
152741
152742
152743
152744
152745
152746
152747
152748
152749
152750
152751
152752
152753
152754
152755
152756
152757
152758
152759
152760
152761
152762
152763
152764
152765
152766
152767
152768
152769
152770
152771
152772
152773
152774
152775
152776
152777
152778
152779
152780
152781
152782
152783
152784
152785
152786
152787
152788
152789
152790
152791
152792
152793
152794
152795
152796
152797
152798
152799
152800
152801
152802
152803
152804
152805
152806
152807
152808
152809
152810
152811
152812
152813
152814
152815
152816
152817
152818
152819
152820
152821
152822
152823
152824
152825
152826
152827
152828
152829
152830
152831
152832
152833
152834
152835
152836
152837
152838
152839
152840
152841
152842
152843
152844
152845
152846
152847
152848
152849
152850
152851
152852
152853
152854
152855
152856
152857
152858
152859
152860
152861
152862
152863
152864
152865
152866
152867
152868
152869
152870
152871
152872
152873
152874
152875
152876
152877
152878
152879
152880
152881
152882
152883
152884
152885
152886
152887
152888
152889
152890
152891
152892
152893
152894
152895
152896
152897
152898
152899
152900
152901
152902
152903
152904
152905
152906
152907
152908
152909
152910
152911
152912
152913
152914
152915
152916
152917
152918
152919
152920
152921
152922
152923
152924
152925
152926
152927
152928
152929
152930
152931
152932
152933
152934
152935
152936
152937
152938
152939
152940
152941
152942
152943
152944
152945
152946
152947
152948
152949
152950
152951
152952
152953
152954
152955
152956
152957
152958
152959
152960
152961
152962
152963
152964
152965
152966
152967
152968
152969
152970
152971
152972
152973
152974
152975
152976
152977
152978
152979
152980
152981
152982
152983
152984
152985
152986
152987
152988
152989
152990
152991
152992
152993
152994
152995
152996
152997
152998
152999
153000
153001
153002
153003
153004
153005
153006
153007
153008
153009
153010
153011
153012
153013
153014
153015
153016
153017
153018
153019
153020
153021
153022
153023
153024
153025
153026
153027
153028
153029
153030
153031
153032
153033
153034
153035
153036
153037
153038
153039
153040
153041
153042
153043
153044
153045
153046
153047
153048
153049
153050
153051
153052
153053
153054
153055
153056
153057
153058
153059
153060
153061
153062
153063
153064
153065
153066
153067
153068
153069
153070
153071
153072
153073
153074
153075
153076
153077
153078
153079
153080
153081
153082
153083
153084
153085
153086
153087
153088
153089
153090
153091
153092
153093
153094
153095
153096
153097
153098
153099
153100
153101
153102
153103
153104
153105
153106
153107
153108
153109
153110
153111
153112
153113
153114
153115
153116
153117
153118
153119
153120
153121
153122
153123
153124
153125
153126
153127
153128
153129
153130
153131
153132
153133
153134
153135
153136
153137
153138
153139
153140
153141
153142
153143
153144
153145
153146
153147
153148
153149
153150
153151
153152
153153
153154
153155
153156
153157
153158
153159
153160
153161
153162
153163
153164
153165
153166
153167
153168
153169
153170
153171
153172
153173
153174
153175
153176
153177
153178
153179
153180
153181
153182
153183
153184
153185
153186
153187
153188
153189
153190
153191
153192
153193
153194
153195
153196
153197
153198
153199
153200
153201
153202
153203
153204
153205
153206
153207
153208
153209
153210
153211
153212
153213
153214
153215
153216
153217
153218
153219
153220
153221
153222
153223
153224
153225
153226
153227
153228
153229
153230
153231
153232
153233
153234
153235
153236
153237
153238
153239
153240
153241
153242
153243
153244
153245
153246
153247
153248
153249
153250
153251
153252
153253
153254
153255
153256
153257
153258
153259
153260
153261
153262
153263
153264
153265
153266
153267
153268
153269
153270
153271
153272
153273
153274
153275
153276
153277
153278
153279
153280
153281
153282
153283
153284
153285
153286
153287
153288
153289
153290
153291
153292
153293
153294
153295
153296
153297
153298
153299
153300
153301
153302
153303
153304
153305
153306
153307
153308
153309
153310
153311
153312
153313
153314
153315
153316
153317
153318
153319
153320
153321
153322
153323
153324
153325
153326
153327
153328
153329
153330
153331
153332
153333
153334
153335
153336
153337
153338
153339
153340
153341
153342
153343
153344
153345
153346
153347
153348
153349
153350
153351
153352
153353
153354
153355
153356
153357
153358
153359
153360
153361
153362
153363
153364
153365
153366
153367
153368
153369
153370
153371
153372
153373
153374
153375
153376
153377
153378
153379
153380
153381
153382
153383
153384
153385
153386
153387
153388
153389
153390
153391
153392
153393
153394
153395
153396
153397
153398
153399
153400
153401
153402
153403
153404
153405
153406
153407
153408
153409
153410
153411
153412
153413
153414
153415
153416
153417
153418
153419
153420
153421
153422
153423
153424
153425
153426
153427
153428
153429
153430
153431
153432
153433
153434
153435
153436
153437
153438
153439
153440
153441
153442
153443
153444
153445
153446
153447
153448
153449
153450
153451
153452
153453
153454
153455
153456
153457
153458
153459
153460
153461
153462
153463
153464
153465
153466
153467
153468
153469
153470
153471
153472
153473
153474
153475
153476
153477
153478
153479
153480
153481
153482
153483
153484
153485
153486
153487
153488
153489
153490
153491
153492
153493
153494
153495
153496
153497
153498
153499
153500
153501
153502
153503
153504
153505
153506
153507
153508
153509
153510
153511
153512
153513
153514
153515
153516
153517
153518
153519
153520
153521
153522
153523
153524
153525
153526
153527
153528
153529
153530
153531
153532
153533
153534
153535
153536
153537
153538
153539
153540
153541
153542
153543
153544
153545
153546
153547
153548
153549
153550
153551
153552
153553
153554
153555
153556
153557
153558
153559
153560
153561
153562
153563
153564
153565
153566
153567
153568
153569
153570
153571
153572
153573
153574
153575
153576
153577
153578
153579
153580
153581
153582
153583
153584
153585
153586
153587
153588
153589
153590
153591
153592
153593
153594
153595
153596
153597
153598
153599
153600
153601
153602
153603
153604
153605
153606
153607
153608
153609
153610
153611
153612
153613
153614
153615
153616
153617
153618
153619
153620
153621
153622
153623
153624
153625
153626
153627
153628
153629
153630
153631
153632
153633
153634
153635
153636
153637
153638
153639
153640
153641
153642
153643
153644
153645
153646
153647
153648
153649
153650
153651
153652
153653
153654
153655
153656
153657
153658
153659
153660
153661
153662
153663
153664
153665
153666
153667
153668
153669
153670
153671
153672
153673
153674
153675
153676
153677
153678
153679
153680
153681
153682
153683
153684
153685
153686
153687
153688
153689
153690
153691
153692
153693
153694
153695
153696
153697
153698
153699
153700
153701
153702
153703
153704
153705
153706
153707
153708
153709
153710
153711
153712
153713
153714
153715
153716
153717
153718
153719
153720
153721
153722
153723
153724
153725
153726
153727
153728
153729
153730
153731
153732
153733
153734
153735
153736
153737
153738
153739
153740
153741
153742
153743
153744
153745
153746
153747
153748
153749
153750
153751
153752
153753
153754
153755
153756
153757
153758
153759
153760
153761
153762
153763
153764
153765
153766
153767
153768
153769
153770
153771
153772
153773
153774
153775
153776
153777
153778
153779
153780
153781
153782
153783
153784
153785
153786
153787
153788
153789
153790
153791
153792
153793
153794
153795
153796
153797
153798
153799
153800
153801
153802
153803
153804
153805
153806
153807
153808
153809
153810
153811
153812
153813
153814
153815
153816
153817
153818
153819
153820
153821
153822
153823
153824
153825
153826
153827
153828
153829
153830
153831
153832
153833
153834
153835
153836
153837
153838
153839
153840
153841
153842
153843
153844
153845
153846
153847
153848
153849
153850
153851
153852
153853
153854
153855
153856
153857
153858
153859
153860
153861
153862
153863
153864
153865
153866
153867
153868
153869
153870
153871
153872
153873
153874
153875
153876
153877
153878
153879
153880
153881
153882
153883
153884
153885
153886
153887
153888
153889
153890
153891
153892
153893
153894
153895
153896
153897
153898
153899
153900
153901
153902
153903
153904
153905
153906
153907
153908
153909
153910
153911
153912
153913
153914
153915
153916
153917
153918
153919
153920
153921
153922
153923
153924
153925
153926
153927
153928
153929
153930
153931
153932
153933
153934
153935
153936
153937
153938
153939
153940
153941
153942
153943
153944
153945
153946
153947
153948
153949
153950
153951
153952
153953
153954
153955
153956
153957
153958
153959
153960
153961
153962
153963
153964
153965
153966
153967
153968
153969
153970
153971
153972
153973
153974
153975
153976
153977
153978
153979
153980
153981
153982
153983
153984
153985
153986
153987
153988
153989
153990
153991
153992
153993
153994
153995
153996
153997
153998
153999
154000
154001
154002
154003
154004
154005
154006
154007
154008
154009
154010
154011
154012
154013
154014
154015
154016
154017
154018
154019
154020
154021
154022
154023
154024
154025
154026
154027
154028
154029
154030
154031
154032
154033
154034
154035
154036
154037
154038
154039
154040
154041
154042
154043
154044
154045
154046
154047
154048
154049
154050
154051
154052
154053
154054
154055
154056
154057
154058
154059
154060
154061
154062
154063
154064
154065
154066
154067
154068
154069
154070
154071
154072
154073
154074
154075
154076
154077
154078
154079
154080
154081
154082
154083
154084
154085
154086
154087
154088
154089
154090
154091
154092
154093
154094
154095
154096
154097
154098
154099
154100
154101
154102
154103
154104
154105
154106
154107
154108
154109
154110
154111
154112
154113
154114
154115
154116
154117
154118
154119
154120
154121
154122
154123
154124
154125
154126
154127
154128
154129
154130
154131
154132
154133
154134
154135
154136
154137
154138
154139
154140
154141
154142
154143
154144
154145
154146
154147
154148
154149
154150
154151
154152
154153
154154
154155
154156
154157
154158
154159
154160
154161
154162
154163
154164
154165
154166
154167
154168
154169
154170
154171
154172
154173
154174
154175
154176
154177
154178
154179
154180
154181
154182
154183
154184
154185
154186
154187
154188
154189
154190
154191
154192
154193
154194
154195
154196
154197
154198
154199
154200
154201
154202
154203
154204
154205
154206
154207
154208
154209
154210
154211
154212
154213
154214
154215
154216
154217
154218
154219
154220
154221
154222
154223
154224
154225
154226
154227
154228
154229
154230
154231
154232
154233
154234
154235
154236
154237
154238
154239
154240
154241
154242
154243
154244
154245
154246
154247
154248
154249
154250
154251
154252
154253
154254
154255
154256
154257
154258
154259
154260
154261
154262
154263
154264
154265
154266
154267
154268
154269
154270
154271
154272
154273
154274
154275
154276
154277
154278
154279
154280
154281
154282
154283
154284
154285
154286
154287
154288
154289
154290
154291
154292
154293
154294
154295
154296
154297
154298
154299
154300
154301
154302
154303
154304
154305
154306
154307
154308
154309
154310
154311
154312
154313
154314
154315
154316
154317
154318
154319
154320
154321
154322
154323
154324
154325
154326
154327
154328
154329
154330
154331
154332
154333
154334
154335
154336
154337
154338
154339
154340
154341
154342
154343
154344
154345
154346
154347
154348
154349
154350
154351
154352
154353
154354
154355
154356
154357
154358
154359
154360
154361
154362
154363
154364
154365
154366
154367
154368
154369
154370
154371
154372
154373
154374
154375
154376
154377
154378
154379
154380
154381
154382
154383
154384
154385
154386
154387
154388
154389
154390
154391
154392
154393
154394
154395
154396
154397
154398
154399
154400
154401
154402
154403
154404
154405
154406
154407
154408
154409
154410
154411
154412
154413
154414
154415
154416
154417
154418
154419
154420
154421
154422
154423
154424
154425
154426
154427
154428
154429
154430
154431
154432
154433
154434
154435
154436
154437
154438
154439
154440
154441
154442
154443
154444
154445
154446
154447
154448
154449
154450
154451
154452
154453
154454
154455
154456
154457
154458
154459
154460
154461
154462
154463
154464
154465
154466
154467
154468
154469
154470
154471
154472
154473
154474
154475
154476
154477
154478
154479
154480
154481
154482
154483
154484
154485
154486
154487
154488
154489
154490
154491
154492
154493
154494
154495
154496
154497
154498
154499
154500
154501
154502
154503
154504
154505
154506
154507
154508
154509
154510
154511
154512
154513
154514
154515
154516
154517
154518
154519
154520
154521
154522
154523
154524
154525
154526
154527
154528
154529
154530
154531
154532
154533
154534
154535
154536
154537
154538
154539
154540
154541
154542
154543
154544
154545
154546
154547
154548
154549
154550
154551
154552
154553
154554
154555
154556
154557
154558
154559
154560
154561
154562
154563
154564
154565
154566
154567
154568
154569
154570
154571
154572
154573
154574
154575
154576
154577
154578
154579
154580
154581
154582
154583
154584
154585
154586
154587
154588
154589
154590
154591
154592
154593
154594
154595
154596
154597
154598
154599
154600
154601
154602
154603
154604
154605
154606
154607
154608
154609
154610
154611
154612
154613
154614
154615
154616
154617
154618
154619
154620
154621
154622
154623
154624
154625
154626
154627
154628
154629
154630
154631
154632
154633
154634
154635
154636
154637
154638
154639
154640
154641
154642
154643
154644
154645
154646
154647
154648
154649
154650
154651
154652
154653
154654
154655
154656
154657
154658
154659
154660
154661
154662
154663
154664
154665
154666
154667
154668
154669
154670
154671
154672
154673
154674
154675
154676
154677
154678
154679
154680
154681
154682
154683
154684
154685
154686
154687
154688
154689
154690
154691
154692
154693
154694
154695
154696
154697
154698
154699
154700
154701
154702
154703
154704
154705
154706
154707
154708
154709
154710
154711
154712
154713
154714
154715
154716
154717
154718
154719
154720
154721
154722
154723
154724
154725
154726
154727
154728
154729
154730
154731
154732
154733
154734
154735
154736
154737
154738
154739
154740
154741
154742
154743
154744
154745
154746
154747
154748
154749
154750
154751
154752
154753
154754
154755
154756
154757
154758
154759
154760
154761
154762
154763
154764
154765
154766
154767
154768
154769
154770
154771
154772
154773
154774
154775
154776
154777
154778
154779
154780
154781
154782
154783
154784
154785
154786
154787
154788
154789
154790
154791
154792
154793
154794
154795
154796
154797
154798
154799
154800
154801
154802
154803
154804
154805
154806
154807
154808
154809
154810
154811
154812
154813
154814
154815
154816
154817
154818
154819
154820
154821
154822
154823
154824
154825
154826
154827
154828
154829
154830
154831
154832
154833
154834
154835
154836
154837
154838
154839
154840
154841
154842
154843
154844
154845
154846
154847
154848
154849
154850
154851
154852
154853
154854
154855
154856
154857
154858
154859
154860
154861
154862
154863
154864
154865
154866
154867
154868
154869
154870
154871
154872
154873
154874
154875
154876
154877
154878
154879
154880
154881
154882
154883
154884
154885
154886
154887
154888
154889
154890
154891
154892
154893
154894
154895
154896
154897
154898
154899
154900
154901
154902
154903
154904
154905
154906
154907
154908
154909
154910
154911
154912
154913
154914
154915
154916
154917
154918
154919
154920
154921
154922
154923
154924
154925
154926
154927
154928
154929
154930
154931
154932
154933
154934
154935
154936
154937
154938
154939
154940
154941
154942
154943
154944
154945
154946
154947
154948
154949
154950
154951
154952
154953
154954
154955
154956
154957
154958
154959
154960
154961
154962
154963
154964
154965
154966
154967
154968
154969
154970
154971
154972
154973
154974
154975
154976
154977
154978
154979
154980
154981
154982
154983
154984
154985
154986
154987
154988
154989
154990
154991
154992
154993
154994
154995
154996
154997
154998
154999
155000
155001
155002
155003
155004
155005
155006
155007
155008
155009
155010
155011
155012
155013
155014
155015
155016
155017
155018
155019
155020
155021
155022
155023
155024
155025
155026
155027
155028
155029
155030
155031
155032
155033
155034
155035
155036
155037
155038
155039
155040
155041
155042
155043
155044
155045
155046
155047
155048
155049
155050
155051
155052
155053
155054
155055
155056
155057
155058
155059
155060
155061
155062
155063
155064
155065
155066
155067
155068
155069
155070
155071
155072
155073
155074
155075
155076
155077
155078
155079
155080
155081
155082
155083
155084
155085
155086
155087
155088
155089
155090
155091
155092
155093
155094
155095
155096
155097
155098
155099
155100
155101
155102
155103
155104
155105
155106
155107
155108
155109
155110
155111
155112
155113
155114
155115
155116
155117
155118
155119
155120
155121
155122
155123
155124
155125
155126
155127
155128
155129
155130
155131
155132
155133
155134
155135
155136
155137
155138
155139
155140
155141
155142
155143
155144
155145
155146
155147
155148
155149
155150
155151
155152
155153
155154
155155
155156
155157
155158
155159
155160
155161
155162
155163
155164
155165
155166
155167
155168
155169
155170
155171
155172
155173
155174
155175
155176
155177
155178
155179
155180
155181
155182
155183
155184
155185
155186
155187
155188
155189
155190
155191
155192
155193
155194
155195
155196
155197
155198
155199
155200
155201
155202
155203
155204
155205
155206
155207
155208
155209
155210
155211
155212
155213
155214
155215
155216
155217
155218
155219
155220
155221
155222
155223
155224
155225
155226
155227
155228
155229
155230
155231
155232
155233
155234
155235
155236
155237
155238
155239
155240
155241
155242
155243
155244
155245
155246
155247
155248
155249
155250
155251
155252
155253
155254
155255
155256
155257
155258
155259
155260
155261
155262
155263
155264
155265
155266
155267
155268
155269
155270
155271
155272
155273
155274
155275
155276
155277
155278
155279
155280
155281
155282
155283
155284
155285
155286
155287
155288
155289
155290
155291
155292
155293
155294
155295
155296
155297
155298
155299
155300
155301
155302
155303
155304
155305
155306
155307
155308
155309
155310
155311
155312
155313
155314
155315
155316
155317
155318
155319
155320
155321
155322
155323
155324
155325
155326
155327
155328
155329
155330
155331
155332
155333
155334
155335
155336
155337
155338
155339
155340
155341
155342
155343
155344
155345
155346
155347
155348
155349
155350
155351
155352
155353
155354
155355
155356
155357
155358
155359
155360
155361
155362
155363
155364
155365
155366
155367
155368
155369
155370
155371
155372
155373
155374
155375
155376
155377
155378
155379
155380
155381
155382
155383
155384
155385
155386
155387
155388
155389
155390
155391
155392
155393
155394
155395
155396
155397
155398
155399
155400
155401
155402
155403
155404
155405
155406
155407
155408
155409
155410
155411
155412
155413
155414
155415
155416
155417
155418
155419
155420
155421
155422
155423
155424
155425
155426
155427
155428
155429
155430
155431
155432
155433
155434
155435
155436
155437
155438
155439
155440
155441
155442
155443
155444
155445
155446
155447
155448
155449
155450
155451
155452
155453
155454
155455
155456
155457
155458
155459
155460
155461
155462
155463
155464
155465
155466
155467
155468
155469
155470
155471
155472
155473
155474
155475
155476
155477
155478
155479
155480
155481
155482
155483
155484
155485
155486
155487
155488
155489
155490
155491
155492
155493
155494
155495
155496
155497
155498
155499
155500
155501
155502
155503
155504
155505
155506
155507
155508
155509
155510
155511
155512
155513
155514
155515
155516
155517
155518
155519
155520
155521
155522
155523
155524
155525
155526
155527
155528
155529
155530
155531
155532
155533
155534
155535
155536
155537
155538
155539
155540
155541
155542
155543
155544
155545
155546
155547
155548
155549
155550
155551
155552
155553
155554
155555
155556
155557
155558
155559
155560
155561
155562
155563
155564
155565
155566
155567
155568
155569
155570
155571
155572
155573
155574
155575
155576
155577
155578
155579
155580
155581
155582
155583
155584
155585
155586
155587
155588
155589
155590
155591
155592
155593
155594
155595
155596
155597
155598
155599
155600
155601
155602
155603
155604
155605
155606
155607
155608
155609
155610
155611
155612
155613
155614
155615
155616
155617
155618
155619
155620
155621
155622
155623
155624
155625
155626
155627
155628
155629
155630
155631
155632
155633
155634
155635
155636
155637
155638
155639
155640
155641
155642
155643
155644
155645
155646
155647
155648
155649
155650
155651
155652
155653
155654
155655
155656
155657
155658
155659
155660
155661
155662
155663
155664
155665
155666
155667
155668
155669
155670
155671
155672
155673
155674
155675
155676
155677
155678
155679
155680
155681
155682
155683
155684
155685
155686
155687
155688
155689
155690
155691
155692
155693
155694
155695
155696
155697
155698
155699
155700
155701
155702
155703
155704
155705
155706
155707
155708
155709
155710
155711
155712
155713
155714
155715
155716
155717
155718
155719
155720
155721
155722
155723
155724
155725
155726
155727
155728
155729
155730
155731
155732
155733
155734
155735
155736
155737
155738
155739
155740
155741
155742
155743
155744
155745
155746
155747
155748
155749
155750
155751
155752
155753
155754
155755
155756
155757
155758
155759
155760
155761
155762
155763
155764
155765
155766
155767
155768
155769
155770
155771
155772
155773
155774
155775
155776
155777
155778
155779
155780
155781
155782
155783
155784
155785
155786
155787
155788
155789
155790
155791
155792
155793
155794
155795
155796
155797
155798
155799
155800
155801
155802
155803
155804
155805
155806
155807
155808
155809
155810
155811
155812
155813
155814
155815
155816
155817
155818
155819
155820
155821
155822
155823
155824
155825
155826
155827
155828
155829
155830
155831
155832
155833
155834
155835
155836
155837
155838
155839
155840
155841
155842
155843
155844
155845
155846
155847
155848
155849
155850
155851
155852
155853
155854
155855
155856
155857
155858
155859
155860
155861
155862
155863
155864
155865
155866
155867
155868
155869
155870
155871
155872
155873
155874
155875
155876
155877
155878
155879
155880
155881
155882
155883
155884
155885
155886
155887
155888
155889
155890
155891
155892
155893
155894
155895
155896
155897
155898
155899
155900
155901
155902
155903
155904
155905
155906
155907
155908
155909
155910
155911
155912
155913
155914
155915
155916
155917
155918
155919
155920
155921
155922
155923
155924
155925
155926
155927
155928
155929
155930
155931
155932
155933
155934
155935
155936
155937
155938
155939
155940
155941
155942
155943
155944
155945
155946
155947
155948
155949
155950
155951
155952
155953
155954
155955
155956
155957
155958
155959
155960
155961
155962
155963
155964
155965
155966
155967
155968
155969
155970
155971
155972
155973
155974
155975
155976
155977
155978
155979
155980
155981
155982
155983
155984
155985
155986
155987
155988
155989
155990
155991
155992
155993
155994
155995
155996
155997
155998
155999
156000
156001
156002
156003
156004
156005
156006
156007
156008
156009
156010
156011
156012
156013
156014
156015
156016
156017
156018
156019
156020
156021
156022
156023
156024
156025
156026
156027
156028
156029
156030
156031
156032
156033
156034
156035
156036
156037
156038
156039
156040
156041
156042
156043
156044
156045
156046
156047
156048
156049
156050
156051
156052
156053
156054
156055
156056
156057
156058
156059
156060
156061
156062
156063
156064
156065
156066
156067
156068
156069
156070
156071
156072
156073
156074
156075
156076
156077
156078
156079
156080
156081
156082
156083
156084
156085
156086
156087
156088
156089
156090
156091
156092
156093
156094
156095
156096
156097
156098
156099
156100
156101
156102
156103
156104
156105
156106
156107
156108
156109
156110
156111
156112
156113
156114
156115
156116
156117
156118
156119
156120
156121
156122
156123
156124
156125
156126
156127
156128
156129
156130
156131
156132
156133
156134
156135
156136
156137
156138
156139
156140
156141
156142
156143
156144
156145
156146
156147
156148
156149
156150
156151
156152
156153
156154
156155
156156
156157
156158
156159
156160
156161
156162
156163
156164
156165
156166
156167
156168
156169
156170
156171
156172
156173
156174
156175
156176
156177
156178
156179
156180
156181
156182
156183
156184
156185
156186
156187
156188
156189
156190
156191
156192
156193
156194
156195
156196
156197
156198
156199
156200
156201
156202
156203
156204
156205
156206
156207
156208
156209
156210
156211
156212
156213
156214
156215
156216
156217
156218
156219
156220
156221
156222
156223
156224
156225
156226
156227
156228
156229
156230
156231
156232
156233
156234
156235
156236
156237
156238
156239
156240
156241
156242
156243
156244
156245
156246
156247
156248
156249
156250
156251
156252
156253
156254
156255
156256
156257
156258
156259
156260
156261
156262
156263
156264
156265
156266
156267
156268
156269
156270
156271
156272
156273
156274
156275
156276
156277
156278
156279
156280
156281
156282
156283
156284
156285
156286
156287
156288
156289
156290
156291
156292
156293
156294
156295
156296
156297
156298
156299
156300
156301
156302
156303
156304
156305
156306
156307
156308
156309
156310
156311
156312
156313
156314
156315
156316
156317
156318
156319
156320
156321
156322
156323
156324
156325
156326
156327
156328
156329
156330
156331
156332
156333
156334
156335
156336
156337
156338
156339
156340
156341
156342
156343
156344
156345
156346
156347
156348
156349
156350
156351
156352
156353
156354
156355
156356
156357
156358
156359
156360
156361
156362
156363
156364
156365
156366
156367
156368
156369
156370
156371
156372
156373
156374
156375
156376
156377
156378
156379
156380
156381
156382
156383
156384
156385
156386
156387
156388
156389
156390
156391
156392
156393
156394
156395
156396
156397
156398
156399
156400
156401
156402
156403
156404
156405
156406
156407
156408
156409
156410
156411
156412
156413
156414
156415
156416
156417
156418
156419
156420
156421
156422
156423
156424
156425
156426
156427
156428
156429
156430
156431
156432
156433
156434
156435
156436
156437
156438
156439
156440
156441
156442
156443
156444
156445
156446
156447
156448
156449
156450
156451
156452
156453
156454
156455
156456
156457
156458
156459
156460
156461
156462
156463
156464
156465
156466
156467
156468
156469
156470
156471
156472
156473
156474
156475
156476
156477
156478
156479
156480
156481
156482
156483
156484
156485
156486
156487
156488
156489
156490
156491
156492
156493
156494
156495
156496
156497
156498
156499
156500
156501
156502
156503
156504
156505
156506
156507
156508
156509
156510
156511
156512
156513
156514
156515
156516
156517
156518
156519
156520
156521
156522
156523
156524
156525
156526
156527
156528
156529
156530
156531
156532
156533
156534
156535
156536
156537
156538
156539
156540
156541
156542
156543
156544
156545
156546
156547
156548
156549
156550
156551
156552
156553
156554
156555
156556
156557
156558
156559
156560
156561
156562
156563
156564
156565
156566
156567
156568
156569
156570
156571
156572
156573
156574
156575
156576
156577
156578
156579
156580
156581
156582
156583
156584
156585
156586
156587
156588
156589
156590
156591
156592
156593
156594
156595
156596
156597
156598
156599
156600
156601
156602
156603
156604
156605
156606
156607
156608
156609
156610
156611
156612
156613
156614
156615
156616
156617
156618
156619
156620
156621
156622
156623
156624
156625
156626
156627
156628
156629
156630
156631
156632
156633
156634
156635
156636
156637
156638
156639
156640
156641
156642
156643
156644
156645
156646
156647
156648
156649
156650
156651
156652
156653
156654
156655
156656
156657
156658
156659
156660
156661
156662
156663
156664
156665
156666
156667
156668
156669
156670
156671
156672
156673
156674
156675
156676
156677
156678
156679
156680
156681
156682
156683
156684
156685
156686
156687
156688
156689
156690
156691
156692
156693
156694
156695
156696
156697
156698
156699
156700
156701
156702
156703
156704
156705
156706
156707
156708
156709
156710
156711
156712
156713
156714
156715
156716
156717
156718
156719
156720
156721
156722
156723
156724
156725
156726
156727
156728
156729
156730
156731
156732
156733
156734
156735
156736
156737
156738
156739
156740
156741
156742
156743
156744
156745
156746
156747
156748
156749
156750
156751
156752
156753
156754
156755
156756
156757
156758
156759
156760
156761
156762
156763
156764
156765
156766
156767
156768
156769
156770
156771
156772
156773
156774
156775
156776
156777
156778
156779
156780
156781
156782
156783
156784
156785
156786
156787
156788
156789
156790
156791
156792
156793
156794
156795
156796
156797
156798
156799
156800
156801
156802
156803
156804
156805
156806
156807
156808
156809
156810
156811
156812
156813
156814
156815
156816
156817
156818
156819
156820
156821
156822
156823
156824
156825
156826
156827
156828
156829
156830
156831
156832
156833
156834
156835
156836
156837
156838
156839
156840
156841
156842
156843
156844
156845
156846
156847
156848
156849
156850
156851
156852
156853
156854
156855
156856
156857
156858
156859
156860
156861
156862
156863
156864
156865
156866
156867
156868
156869
156870
156871
156872
156873
156874
156875
156876
156877
156878
156879
156880
156881
156882
156883
156884
156885
156886
156887
156888
156889
156890
156891
156892
156893
156894
156895
156896
156897
156898
156899
156900
156901
156902
156903
156904
156905
156906
156907
156908
156909
156910
156911
156912
156913
156914
156915
156916
156917
156918
156919
156920
156921
156922
156923
156924
156925
156926
156927
156928
156929
156930
156931
156932
156933
156934
156935
156936
156937
156938
156939
156940
156941
156942
156943
156944
156945
156946
156947
156948
156949
156950
156951
156952
156953
156954
156955
156956
156957
156958
156959
156960
156961
156962
156963
156964
156965
156966
156967
156968
156969
156970
156971
156972
156973
156974
156975
156976
156977
156978
156979
156980
156981
156982
156983
156984
156985
156986
156987
156988
156989
156990
156991
156992
156993
156994
156995
156996
156997
156998
156999
157000
157001
157002
157003
157004
157005
157006
157007
157008
157009
157010
157011
157012
157013
157014
157015
157016
157017
157018
157019
157020
157021
157022
157023
157024
157025
157026
157027
157028
157029
157030
157031
157032
157033
157034
157035
157036
157037
157038
157039
157040
157041
157042
157043
157044
157045
157046
157047
157048
157049
157050
157051
157052
157053
157054
157055
157056
157057
157058
157059
157060
157061
157062
157063
157064
157065
157066
157067
157068
157069
157070
157071
157072
157073
157074
157075
157076
157077
157078
157079
157080
157081
157082
157083
157084
157085
157086
157087
157088
157089
157090
157091
157092
157093
157094
157095
157096
157097
157098
157099
157100
157101
157102
157103
157104
157105
157106
157107
157108
157109
157110
157111
157112
157113
157114
157115
157116
157117
157118
157119
157120
157121
157122
157123
157124
157125
157126
157127
157128
157129
157130
157131
157132
157133
157134
157135
157136
157137
157138
157139
157140
157141
157142
157143
157144
157145
157146
157147
157148
157149
157150
157151
157152
157153
157154
157155
157156
157157
157158
157159
157160
157161
157162
157163
157164
157165
157166
157167
157168
157169
157170
157171
157172
157173
157174
157175
157176
157177
157178
157179
157180
157181
157182
157183
157184
157185
157186
157187
157188
157189
157190
157191
157192
157193
157194
157195
157196
157197
157198
157199
157200
157201
157202
157203
157204
157205
157206
157207
157208
157209
157210
157211
157212
157213
157214
157215
157216
157217
157218
157219
157220
157221
157222
157223
157224
157225
157226
157227
157228
157229
157230
157231
157232
157233
157234
157235
157236
157237
157238
157239
157240
157241
157242
157243
157244
157245
157246
157247
157248
157249
157250
157251
157252
157253
157254
157255
157256
157257
157258
157259
157260
157261
157262
157263
157264
157265
157266
157267
157268
157269
157270
157271
157272
157273
157274
157275
157276
157277
157278
157279
157280
157281
157282
157283
157284
157285
157286
157287
157288
157289
157290
157291
157292
157293
157294
157295
157296
157297
157298
157299
157300
157301
157302
157303
157304
157305
157306
157307
157308
157309
157310
157311
157312
157313
157314
157315
157316
157317
157318
157319
157320
157321
157322
157323
157324
157325
157326
157327
157328
157329
157330
157331
157332
157333
157334
157335
157336
157337
157338
157339
157340
157341
157342
157343
157344
157345
157346
157347
157348
157349
157350
157351
157352
157353
157354
157355
157356
157357
157358
157359
157360
157361
157362
157363
157364
157365
157366
157367
157368
157369
157370
157371
157372
157373
157374
157375
157376
157377
157378
157379
157380
157381
157382
157383
157384
157385
157386
157387
157388
157389
157390
157391
157392
157393
157394
157395
157396
157397
157398
157399
157400
157401
157402
157403
157404
157405
157406
157407
157408
157409
157410
157411
157412
157413
157414
157415
157416
157417
157418
157419
157420
157421
157422
157423
157424
157425
157426
157427
157428
157429
157430
157431
157432
157433
157434
157435
157436
157437
157438
157439
157440
157441
157442
157443
157444
157445
157446
157447
157448
157449
157450
157451
157452
157453
157454
157455
157456
157457
157458
157459
157460
157461
157462
157463
157464
157465
157466
157467
157468
157469
157470
157471
157472
157473
157474
157475
157476
157477
157478
157479
157480
157481
157482
157483
157484
157485
157486
157487
157488
157489
157490
157491
157492
157493
157494
157495
157496
157497
157498
157499
157500
157501
157502
157503
157504
157505
157506
157507
157508
157509
157510
157511
157512
157513
157514
157515
157516
157517
157518
157519
157520
157521
157522
157523
157524
157525
157526
157527
157528
157529
157530
157531
157532
157533
157534
157535
157536
157537
157538
157539
157540
157541
157542
157543
157544
157545
157546
157547
157548
157549
157550
157551
157552
157553
157554
157555
157556
157557
157558
157559
157560
157561
157562
157563
157564
157565
157566
157567
157568
157569
157570
157571
157572
157573
157574
157575
157576
157577
157578
157579
157580
157581
157582
157583
157584
157585
157586
157587
157588
157589
157590
157591
157592
157593
157594
157595
157596
157597
157598
157599
157600
157601
157602
157603
157604
157605
157606
157607
157608
157609
157610
157611
157612
157613
157614
157615
157616
157617
157618
157619
157620
157621
157622
157623
157624
157625
157626
157627
157628
157629
157630
157631
157632
157633
157634
157635
157636
157637
157638
157639
157640
157641
157642
157643
157644
157645
157646
157647
157648
157649
157650
157651
157652
157653
157654
157655
157656
157657
157658
157659
157660
157661
157662
157663
157664
157665
157666
157667
157668
157669
157670
157671
157672
157673
157674
157675
157676
157677
157678
157679
157680
157681
157682
157683
157684
157685
157686
157687
157688
157689
157690
157691
157692
157693
157694
157695
157696
157697
157698
157699
157700
157701
157702
157703
157704
157705
157706
157707
157708
157709
157710
157711
157712
157713
157714
157715
157716
157717
157718
157719
157720
157721
157722
157723
157724
157725
157726
157727
157728
157729
157730
157731
157732
157733
157734
157735
157736
157737
157738
157739
157740
157741
157742
157743
157744
157745
157746
157747
157748
157749
157750
157751
157752
157753
157754
157755
157756
157757
157758
157759
157760
157761
157762
157763
157764
157765
157766
157767
157768
157769
157770
157771
157772
157773
157774
157775
157776
157777
157778
157779
157780
157781
157782
157783
157784
157785
157786
157787
157788
157789
157790
157791
157792
157793
157794
157795
157796
157797
157798
157799
157800
157801
157802
157803
157804
157805
157806
157807
157808
157809
157810
157811
157812
157813
157814
157815
157816
157817
157818
157819
157820
157821
157822
157823
157824
157825
157826
157827
157828
157829
157830
157831
157832
157833
157834
157835
157836
157837
157838
157839
157840
157841
157842
157843
157844
157845
157846
157847
157848
157849
157850
157851
157852
157853
157854
157855
157856
157857
157858
157859
157860
157861
157862
157863
157864
157865
157866
157867
157868
157869
157870
157871
157872
157873
157874
157875
157876
157877
157878
157879
157880
157881
157882
157883
157884
157885
157886
157887
157888
157889
157890
157891
157892
157893
157894
157895
157896
157897
157898
157899
157900
157901
157902
157903
157904
157905
157906
157907
157908
157909
157910
157911
157912
157913
157914
157915
157916
157917
157918
157919
157920
157921
157922
157923
157924
157925
157926
157927
157928
157929
157930
157931
157932
157933
157934
157935
157936
157937
157938
157939
157940
157941
157942
157943
157944
157945
157946
157947
157948
157949
157950
157951
157952
157953
157954
157955
157956
157957
157958
157959
157960
157961
157962
157963
157964
157965
157966
157967
157968
157969
157970
157971
157972
157973
157974
157975
157976
157977
157978
157979
157980
157981
157982
157983
157984
157985
157986
157987
157988
157989
157990
157991
157992
157993
157994
157995
157996
157997
157998
157999
158000
158001
158002
158003
158004
158005
158006
158007
158008
158009
158010
158011
158012
158013
158014
158015
158016
158017
158018
158019
158020
158021
158022
158023
158024
158025
158026
158027
158028
158029
158030
158031
158032
158033
158034
158035
158036
158037
158038
158039
158040
158041
158042
158043
158044
158045
158046
158047
158048
158049
158050
158051
158052
158053
158054
158055
158056
158057
158058
158059
158060
158061
158062
158063
158064
158065
158066
158067
158068
158069
158070
158071
158072
158073
158074
158075
158076
158077
158078
158079
158080
158081
158082
158083
158084
158085
158086
158087
158088
158089
158090
158091
158092
158093
158094
158095
158096
158097
158098
158099
158100
158101
158102
158103
158104
158105
158106
158107
158108
158109
158110
158111
158112
158113
158114
158115
158116
158117
158118
158119
158120
158121
158122
158123
158124
158125
158126
158127
158128
158129
158130
158131
158132
158133
158134
158135
158136
158137
158138
158139
158140
158141
158142
158143
158144
158145
158146
158147
158148
158149
158150
158151
158152
158153
158154
158155
158156
158157
158158
158159
158160
158161
158162
158163
158164
158165
158166
158167
158168
158169
158170
158171
158172
158173
158174
158175
158176
158177
158178
158179
158180
158181
158182
158183
158184
158185
158186
158187
158188
158189
158190
158191
158192
158193
158194
158195
158196
158197
158198
158199
158200
158201
158202
158203
158204
158205
158206
158207
158208
158209
158210
158211
158212
158213
158214
158215
158216
158217
158218
158219
158220
158221
158222
158223
158224
158225
158226
158227
158228
158229
158230
158231
158232
158233
158234
158235
158236
158237
158238
158239
158240
158241
158242
158243
158244
158245
158246
158247
158248
158249
158250
158251
158252
158253
158254
158255
158256
158257
158258
158259
158260
158261
158262
158263
158264
158265
158266
158267
158268
158269
158270
158271
158272
158273
158274
158275
158276
158277
158278
158279
158280
158281
158282
158283
158284
158285
158286
158287
158288
158289
158290
158291
158292
158293
158294
158295
158296
158297
158298
158299
158300
158301
158302
158303
158304
158305
158306
158307
158308
158309
158310
158311
158312
158313
158314
158315
158316
158317
158318
158319
158320
158321
158322
158323
158324
158325
158326
158327
158328
158329
158330
158331
158332
158333
158334
158335
158336
158337
158338
158339
158340
158341
158342
158343
158344
158345
158346
158347
158348
158349
158350
158351
158352
158353
158354
158355
158356
158357
158358
158359
158360
158361
158362
158363
158364
158365
158366
158367
158368
158369
158370
158371
158372
158373
158374
158375
158376
158377
158378
158379
158380
158381
158382
158383
158384
158385
158386
158387
158388
158389
158390
158391
158392
158393
158394
158395
158396
158397
158398
158399
158400
158401
158402
158403
158404
158405
158406
158407
158408
158409
158410
158411
158412
158413
158414
158415
158416
158417
158418
158419
158420
158421
158422
158423
158424
158425
158426
158427
158428
158429
158430
158431
158432
158433
158434
158435
158436
158437
158438
158439
158440
158441
158442
158443
158444
158445
158446
158447
158448
158449
158450
158451
158452
158453
158454
158455
158456
158457
158458
158459
158460
158461
158462
158463
158464
158465
158466
158467
158468
158469
158470
158471
158472
158473
158474
158475
158476
158477
158478
158479
158480
158481
158482
158483
158484
158485
158486
158487
158488
158489
158490
158491
158492
158493
158494
158495
158496
158497
158498
158499
158500
158501
158502
158503
158504
158505
158506
158507
158508
158509
158510
158511
158512
158513
158514
158515
158516
158517
158518
158519
158520
158521
158522
158523
158524
158525
158526
158527
158528
158529
158530
158531
158532
158533
158534
158535
158536
158537
158538
158539
158540
158541
158542
158543
158544
158545
158546
158547
158548
158549
158550
158551
158552
158553
158554
158555
158556
158557
158558
158559
158560
158561
158562
158563
158564
158565
158566
158567
158568
158569
158570
158571
158572
158573
158574
158575
158576
158577
158578
158579
158580
158581
158582
158583
158584
158585
158586
158587
158588
158589
158590
158591
158592
158593
158594
158595
158596
158597
158598
158599
158600
158601
158602
158603
158604
158605
158606
158607
158608
158609
158610
158611
158612
158613
158614
158615
158616
158617
158618
158619
158620
158621
158622
158623
158624
158625
158626
158627
158628
158629
158630
158631
158632
158633
158634
158635
158636
158637
158638
158639
158640
158641
158642
158643
158644
158645
158646
158647
158648
158649
158650
158651
158652
158653
158654
158655
158656
158657
158658
158659
158660
158661
158662
158663
158664
158665
158666
158667
158668
158669
158670
158671
158672
158673
158674
158675
158676
158677
158678
158679
158680
158681
158682
158683
158684
158685
158686
158687
158688
158689
158690
158691
158692
158693
158694
158695
158696
158697
158698
158699
158700
158701
158702
158703
158704
158705
158706
158707
158708
158709
158710
158711
158712
158713
158714
158715
158716
158717
158718
158719
158720
158721
158722
158723
158724
158725
158726
158727
158728
158729
158730
158731
158732
158733
158734
158735
158736
158737
158738
158739
158740
158741
158742
158743
158744
158745
158746
158747
158748
158749
158750
158751
158752
158753
158754
158755
158756
158757
158758
158759
158760
158761
158762
158763
158764
158765
158766
158767
158768
158769
158770
158771
158772
158773
158774
158775
158776
158777
158778
158779
158780
158781
158782
158783
158784
158785
158786
158787
158788
158789
158790
158791
158792
158793
158794
158795
158796
158797
158798
158799
158800
158801
158802
158803
158804
158805
158806
158807
158808
158809
158810
158811
158812
158813
158814
158815
158816
158817
158818
158819
158820
158821
158822
158823
158824
158825
158826
158827
158828
158829
158830
158831
158832
158833
158834
158835
158836
158837
158838
158839
158840
158841
158842
158843
158844
158845
158846
158847
158848
158849
158850
158851
158852
158853
158854
158855
158856
158857
158858
158859
158860
158861
158862
158863
158864
158865
158866
158867
158868
158869
158870
158871
158872
158873
158874
158875
158876
158877
158878
158879
158880
158881
158882
158883
158884
158885
158886
158887
158888
158889
158890
158891
158892
158893
158894
158895
158896
158897
158898
158899
158900
158901
158902
158903
158904
158905
158906
158907
158908
158909
158910
158911
158912
158913
158914
158915
158916
158917
158918
158919
158920
158921
158922
158923
158924
158925
158926
158927
158928
158929
158930
158931
158932
158933
158934
158935
158936
158937
158938
158939
158940
158941
158942
158943
158944
158945
158946
158947
158948
158949
158950
158951
158952
158953
158954
158955
158956
158957
158958
158959
158960
158961
158962
158963
158964
158965
158966
158967
158968
158969
158970
158971
158972
158973
158974
158975
158976
158977
158978
158979
158980
158981
158982
158983
158984
158985
158986
158987
158988
158989
158990
158991
158992
158993
158994
158995
158996
158997
158998
158999
159000
159001
159002
159003
159004
159005
159006
159007
159008
159009
159010
159011
159012
159013
159014
159015
159016
159017
159018
159019
159020
159021
159022
159023
159024
159025
159026
159027
159028
159029
159030
159031
159032
159033
159034
159035
159036
159037
159038
159039
159040
159041
159042
159043
159044
159045
159046
159047
159048
159049
159050
159051
159052
159053
159054
159055
159056
159057
159058
159059
159060
159061
159062
159063
159064
159065
159066
159067
159068
159069
159070
159071
159072
159073
159074
159075
159076
159077
159078
159079
159080
159081
159082
159083
159084
159085
159086
159087
159088
159089
159090
159091
159092
159093
159094
159095
159096
159097
159098
159099
159100
159101
159102
159103
159104
159105
159106
159107
159108
159109
159110
159111
159112
159113
159114
159115
159116
159117
159118
159119
159120
159121
159122
159123
159124
159125
159126
159127
159128
159129
159130
159131
159132
159133
159134
159135
159136
159137
159138
159139
159140
159141
159142
159143
159144
159145
159146
159147
159148
159149
159150
159151
159152
159153
159154
159155
159156
159157
159158
159159
159160
159161
159162
159163
159164
159165
159166
159167
159168
159169
159170
159171
159172
159173
159174
159175
159176
159177
159178
159179
159180
159181
159182
159183
159184
159185
159186
159187
159188
159189
159190
159191
159192
159193
159194
159195
159196
159197
159198
159199
159200
159201
159202
159203
159204
159205
159206
159207
159208
159209
159210
159211
159212
159213
159214
159215
159216
159217
159218
159219
159220
159221
159222
159223
159224
159225
159226
159227
159228
159229
159230
159231
159232
159233
159234
159235
159236
159237
159238
159239
159240
159241
159242
159243
159244
159245
159246
159247
159248
159249
159250
159251
159252
159253
159254
159255
159256
159257
159258
159259
159260
159261
159262
159263
159264
159265
159266
159267
159268
159269
159270
159271
159272
159273
159274
159275
159276
159277
159278
159279
159280
159281
159282
159283
159284
159285
159286
159287
159288
159289
159290
159291
159292
159293
159294
159295
159296
159297
159298
159299
159300
159301
159302
159303
159304
159305
159306
159307
159308
159309
159310
159311
159312
159313
159314
159315
159316
159317
159318
159319
159320
159321
159322
159323
159324
159325
159326
159327
159328
159329
159330
159331
159332
159333
159334
159335
159336
159337
159338
159339
159340
159341
159342
159343
159344
159345
159346
159347
159348
159349
159350
159351
159352
159353
159354
159355
159356
159357
159358
159359
159360
159361
159362
159363
159364
159365
159366
159367
159368
159369
159370
159371
159372
159373
159374
159375
159376
159377
159378
159379
159380
159381
159382
159383
159384
159385
159386
159387
159388
159389
159390
159391
159392
159393
159394
159395
159396
159397
159398
159399
159400
159401
159402
159403
159404
159405
159406
159407
159408
159409
159410
159411
159412
159413
159414
159415
159416
159417
159418
159419
159420
159421
159422
159423
159424
159425
159426
159427
159428
159429
159430
159431
159432
159433
159434
159435
159436
159437
159438
159439
159440
159441
159442
159443
159444
159445
159446
159447
159448
159449
159450
159451
159452
159453
159454
159455
159456
159457
159458
159459
159460
159461
159462
159463
159464
159465
159466
159467
159468
159469
159470
159471
159472
159473
159474
159475
159476
159477
159478
159479
159480
159481
159482
159483
159484
159485
159486
159487
159488
159489
159490
159491
159492
159493
159494
159495
159496
159497
159498
159499
159500
159501
159502
159503
159504
159505
159506
159507
159508
159509
159510
159511
159512
159513
159514
159515
159516
159517
159518
159519
159520
159521
159522
159523
159524
159525
159526
159527
159528
159529
159530
159531
159532
159533
159534
159535
159536
159537
159538
159539
159540
159541
159542
159543
159544
159545
159546
159547
159548
159549
159550
159551
159552
159553
159554
159555
159556
159557
159558
159559
159560
159561
159562
159563
159564
159565
159566
159567
159568
159569
159570
159571
159572
159573
159574
159575
159576
159577
159578
159579
159580
159581
159582
159583
159584
159585
159586
159587
159588
159589
159590
159591
159592
159593
159594
159595
159596
159597
159598
159599
159600
159601
159602
159603
159604
159605
159606
159607
159608
159609
159610
159611
159612
159613
159614
159615
159616
159617
159618
159619
159620
159621
159622
159623
159624
159625
159626
159627
159628
159629
159630
159631
159632
159633
159634
159635
159636
159637
159638
159639
159640
159641
159642
159643
159644
159645
159646
159647
159648
159649
159650
159651
159652
159653
159654
159655
159656
159657
159658
159659
159660
159661
159662
159663
159664
159665
159666
159667
159668
159669
159670
159671
159672
159673
159674
159675
159676
159677
159678
159679
159680
159681
159682
159683
159684
159685
159686
159687
159688
159689
159690
159691
159692
159693
159694
159695
159696
159697
159698
159699
159700
159701
159702
159703
159704
159705
159706
159707
159708
159709
159710
159711
159712
159713
159714
159715
159716
159717
159718
159719
159720
159721
159722
159723
159724
159725
159726
159727
159728
159729
159730
159731
159732
159733
159734
159735
159736
159737
159738
159739
159740
159741
159742
159743
159744
159745
159746
159747
159748
159749
159750
159751
159752
159753
159754
159755
159756
159757
159758
159759
159760
159761
159762
159763
159764
159765
159766
159767
159768
159769
159770
159771
159772
159773
159774
159775
159776
159777
159778
159779
159780
159781
159782
159783
159784
159785
159786
159787
159788
159789
159790
159791
159792
159793
159794
159795
159796
159797
159798
159799
159800
159801
159802
159803
159804
159805
159806
159807
159808
159809
159810
159811
159812
159813
159814
159815
159816
159817
159818
159819
159820
159821
159822
159823
159824
159825
159826
159827
159828
159829
159830
159831
159832
159833
159834
159835
159836
159837
159838
159839
159840
159841
159842
159843
159844
159845
159846
159847
159848
159849
159850
159851
159852
159853
159854
159855
159856
159857
159858
159859
159860
159861
159862
159863
159864
159865
159866
159867
159868
159869
159870
159871
159872
159873
159874
159875
159876
159877
159878
159879
159880
159881
159882
159883
159884
159885
159886
159887
159888
159889
159890
159891
159892
159893
159894
159895
159896
159897
159898
159899
159900
159901
159902
159903
159904
159905
159906
159907
159908
159909
159910
159911
159912
159913
159914
159915
159916
159917
159918
159919
159920
159921
159922
159923
159924
159925
159926
159927
159928
159929
159930
159931
159932
159933
159934
159935
159936
159937
159938
159939
159940
159941
159942
159943
159944
159945
159946
159947
159948
159949
159950
159951
159952
159953
159954
159955
159956
159957
159958
159959
159960
159961
159962
159963
159964
159965
159966
159967
159968
159969
159970
159971
159972
159973
159974
159975
159976
159977
159978
159979
159980
159981
159982
159983
159984
159985
159986
159987
159988
159989
159990
159991
159992
159993
159994
159995
159996
159997
159998
159999
160000
160001
160002
160003
160004
160005
160006
160007
160008
160009
160010
160011
160012
160013
160014
160015
160016
160017
160018
160019
160020
160021
160022
160023
160024
160025
160026
160027
160028
160029
160030
160031
160032
160033
160034
160035
160036
160037
160038
160039
160040
160041
160042
160043
160044
160045
160046
160047
160048
160049
160050
160051
160052
160053
160054
160055
160056
160057
160058
160059
160060
160061
160062
160063
160064
160065
160066
160067
160068
160069
160070
160071
160072
160073
160074
160075
160076
160077
160078
160079
160080
160081
160082
160083
160084
160085
160086
160087
160088
160089
160090
160091
160092
160093
160094
160095
160096
160097
160098
160099
160100
160101
160102
160103
160104
160105
160106
160107
160108
160109
160110
160111
160112
160113
160114
160115
160116
160117
160118
160119
160120
160121
160122
160123
160124
160125
160126
160127
160128
160129
160130
160131
160132
160133
160134
160135
160136
160137
160138
160139
160140
160141
160142
160143
160144
160145
160146
160147
160148
160149
160150
160151
160152
160153
160154
160155
160156
160157
160158
160159
160160
160161
160162
160163
160164
160165
160166
160167
160168
160169
160170
160171
160172
160173
160174
160175
160176
160177
160178
160179
160180
160181
160182
160183
160184
160185
160186
160187
160188
160189
160190
160191
160192
160193
160194
160195
160196
160197
160198
160199
160200
160201
160202
160203
160204
160205
160206
160207
160208
160209
160210
160211
160212
160213
160214
160215
160216
160217
160218
160219
160220
160221
160222
160223
160224
160225
160226
160227
160228
160229
160230
160231
160232
160233
160234
160235
160236
160237
160238
160239
160240
160241
160242
160243
160244
160245
160246
160247
160248
160249
160250
160251
160252
160253
160254
160255
160256
160257
160258
160259
160260
160261
160262
160263
160264
160265
160266
160267
160268
160269
160270
160271
160272
160273
160274
160275
160276
160277
160278
160279
160280
160281
160282
160283
160284
160285
160286
160287
160288
160289
160290
160291
160292
160293
160294
160295
160296
160297
160298
160299
160300
160301
160302
160303
160304
160305
160306
160307
160308
160309
160310
160311
160312
160313
160314
160315
160316
160317
160318
160319
160320
160321
160322
160323
160324
160325
160326
160327
160328
160329
160330
160331
160332
160333
160334
160335
160336
160337
160338
160339
160340
160341
160342
160343
160344
160345
160346
160347
160348
160349
160350
160351
160352
160353
160354
160355
160356
160357
160358
160359
160360
160361
160362
160363
160364
160365
160366
160367
160368
160369
160370
160371
160372
160373
160374
160375
160376
160377
160378
160379
160380
160381
160382
160383
160384
160385
160386
160387
160388
160389
160390
160391
160392
160393
160394
160395
160396
160397
160398
160399
160400
160401
160402
160403
160404
160405
160406
160407
160408
160409
160410
160411
160412
160413
160414
160415
160416
160417
160418
160419
160420
160421
160422
160423
160424
160425
160426
160427
160428
160429
160430
160431
160432
160433
160434
160435
160436
160437
160438
160439
160440
160441
160442
160443
160444
160445
160446
160447
160448
160449
160450
160451
160452
160453
160454
160455
160456
160457
160458
160459
160460
160461
160462
160463
160464
160465
160466
160467
160468
160469
160470
160471
160472
160473
160474
160475
160476
160477
160478
160479
160480
160481
160482
160483
160484
160485
160486
160487
160488
160489
160490
160491
160492
160493
160494
160495
160496
160497
160498
160499
160500
160501
160502
160503
160504
160505
160506
160507
160508
160509
160510
160511
160512
160513
160514
160515
160516
160517
160518
160519
160520
160521
160522
160523
160524
160525
160526
160527
160528
160529
160530
160531
160532
160533
160534
160535
160536
160537
160538
160539
160540
160541
160542
160543
160544
160545
160546
160547
160548
160549
160550
160551
160552
160553
160554
160555
160556
160557
160558
160559
160560
160561
160562
160563
160564
160565
160566
160567
160568
160569
160570
160571
160572
160573
160574
160575
160576
160577
160578
160579
160580
160581
160582
160583
160584
160585
160586
160587
160588
160589
160590
160591
160592
160593
160594
160595
160596
160597
160598
160599
160600
160601
160602
160603
160604
160605
160606
160607
160608
160609
160610
160611
160612
160613
160614
160615
160616
160617
160618
160619
160620
160621
160622
160623
160624
160625
160626
160627
160628
160629
160630
160631
160632
160633
160634
160635
160636
160637
160638
160639
160640
160641
160642
160643
160644
160645
160646
160647
160648
160649
160650
160651
160652
160653
160654
160655
160656
160657
160658
160659
160660
160661
160662
160663
160664
160665
160666
160667
160668
160669
160670
160671
160672
160673
160674
160675
160676
160677
160678
160679
160680
160681
160682
160683
160684
160685
160686
160687
160688
160689
160690
160691
160692
160693
160694
160695
160696
160697
160698
160699
160700
160701
160702
160703
160704
160705
160706
160707
160708
160709
160710
160711
160712
160713
160714
160715
160716
160717
160718
160719
160720
160721
160722
160723
160724
160725
160726
160727
160728
160729
160730
160731
160732
160733
160734
160735
160736
160737
160738
160739
160740
160741
160742
160743
160744
160745
160746
160747
160748
160749
160750
160751
160752
160753
160754
160755
160756
160757
160758
160759
160760
160761
160762
160763
160764
160765
160766
160767
160768
160769
160770
160771
160772
160773
160774
160775
160776
160777
160778
160779
160780
160781
160782
160783
160784
160785
160786
160787
160788
160789
160790
160791
160792
160793
160794
160795
160796
160797
160798
160799
160800
160801
160802
160803
160804
160805
160806
160807
160808
160809
160810
160811
160812
160813
160814
160815
160816
160817
160818
160819
160820
160821
160822
160823
160824
160825
160826
160827
160828
160829
160830
160831
160832
160833
160834
160835
160836
160837
160838
160839
160840
160841
160842
160843
160844
160845
160846
160847
160848
160849
160850
160851
160852
160853
160854
160855
160856
160857
160858
160859
160860
160861
160862
160863
160864
160865
160866
160867
160868
160869
160870
160871
160872
160873
160874
160875
160876
160877
160878
160879
160880
160881
160882
160883
160884
160885
160886
160887
160888
160889
160890
160891
160892
160893
160894
160895
160896
160897
160898
160899
160900
160901
160902
160903
160904
160905
160906
160907
160908
160909
160910
160911
160912
160913
160914
160915
160916
160917
160918
160919
160920
160921
160922
160923
160924
160925
160926
160927
160928
160929
160930
160931
160932
160933
160934
160935
160936
160937
160938
160939
160940
160941
160942
160943
160944
160945
160946
160947
160948
160949
160950
160951
160952
160953
160954
160955
160956
160957
160958
160959
160960
160961
160962
160963
160964
160965
160966
160967
160968
160969
160970
160971
160972
160973
160974
160975
160976
160977
160978
160979
160980
160981
160982
160983
160984
160985
160986
160987
160988
160989
160990
160991
160992
160993
160994
160995
160996
160997
160998
160999
161000
161001
161002
161003
161004
161005
161006
161007
161008
161009
161010
161011
161012
161013
161014
161015
161016
161017
161018
161019
161020
161021
161022
161023
161024
161025
161026
161027
161028
161029
161030
161031
161032
161033
161034
161035
161036
161037
161038
161039
161040
161041
161042
161043
161044
161045
161046
161047
161048
161049
161050
161051
161052
161053
161054
161055
161056
161057
161058
161059
161060
161061
161062
161063
161064
161065
161066
161067
161068
161069
161070
161071
161072
161073
161074
161075
161076
161077
161078
161079
161080
161081
161082
161083
161084
161085
161086
161087
161088
161089
161090
161091
161092
161093
161094
161095
161096
161097
161098
161099
161100
161101
161102
161103
161104
161105
161106
161107
161108
161109
161110
161111
161112
161113
161114
161115
161116
161117
161118
161119
161120
161121
161122
161123
161124
161125
161126
161127
161128
161129
161130
161131
161132
161133
161134
161135
161136
161137
161138
161139
161140
161141
161142
161143
161144
161145
161146
161147
161148
161149
161150
161151
161152
161153
161154
161155
161156
161157
161158
161159
161160
161161
161162
161163
161164
161165
161166
161167
161168
161169
161170
161171
161172
161173
161174
161175
161176
161177
161178
161179
161180
161181
161182
161183
161184
161185
161186
161187
161188
161189
161190
161191
161192
161193
161194
161195
161196
161197
161198
161199
161200
161201
161202
161203
161204
161205
161206
161207
161208
161209
161210
161211
161212
161213
161214
161215
161216
161217
161218
161219
161220
161221
161222
161223
161224
161225
161226
161227
161228
161229
161230
161231
161232
161233
161234
161235
161236
161237
161238
161239
161240
161241
161242
161243
161244
161245
161246
161247
161248
161249
161250
161251
161252
161253
161254
161255
161256
161257
161258
161259
161260
161261
161262
161263
161264
161265
161266
161267
161268
161269
161270
161271
161272
161273
161274
161275
161276
161277
161278
161279
161280
161281
161282
161283
161284
161285
161286
161287
161288
161289
161290
161291
161292
161293
161294
161295
161296
161297
161298
161299
161300
161301
161302
161303
161304
161305
161306
161307
161308
161309
161310
161311
161312
161313
161314
161315
161316
161317
161318
161319
161320
161321
161322
161323
161324
161325
161326
161327
161328
161329
161330
161331
161332
161333
161334
161335
161336
161337
161338
161339
161340
161341
161342
161343
161344
161345
161346
161347
161348
161349
161350
161351
161352
161353
161354
161355
161356
161357
161358
161359
161360
161361
161362
161363
161364
161365
161366
161367
161368
161369
161370
161371
161372
161373
161374
161375
161376
161377
161378
161379
161380
161381
161382
161383
161384
161385
161386
161387
161388
161389
161390
161391
161392
161393
161394
161395
161396
161397
161398
161399
161400
161401
161402
161403
161404
161405
161406
161407
161408
161409
161410
161411
161412
161413
161414
161415
161416
161417
161418
161419
161420
161421
161422
161423
161424
161425
161426
161427
161428
161429
161430
161431
161432
161433
161434
161435
161436
161437
161438
161439
161440
161441
161442
161443
161444
161445
161446
161447
161448
161449
161450
161451
161452
161453
161454
161455
161456
161457
161458
161459
161460
161461
161462
161463
161464
161465
161466
161467
161468
161469
161470
161471
161472
161473
161474
161475
161476
161477
161478
161479
161480
161481
161482
161483
161484
161485
161486
161487
161488
161489
161490
161491
161492
161493
161494
161495
161496
161497
161498
161499
161500
161501
161502
161503
161504
161505
161506
161507
161508
161509
161510
161511
161512
161513
161514
161515
161516
161517
161518
161519
161520
161521
161522
161523
161524
161525
161526
161527
161528
161529
161530
161531
161532
161533
161534
161535
161536
161537
161538
161539
161540
161541
161542
161543
161544
161545
161546
161547
161548
161549
161550
161551
161552
161553
161554
161555
161556
161557
161558
161559
161560
161561
161562
161563
161564
161565
161566
161567
161568
161569
161570
161571
161572
161573
161574
161575
161576
161577
161578
161579
161580
161581
161582
161583
161584
161585
161586
161587
161588
161589
161590
161591
161592
161593
161594
161595
161596
161597
161598
161599
161600
161601
161602
161603
161604
161605
161606
161607
161608
161609
161610
161611
161612
161613
161614
161615
161616
161617
161618
161619
161620
161621
161622
161623
161624
161625
161626
161627
161628
161629
161630
161631
161632
161633
161634
161635
161636
161637
161638
161639
161640
161641
161642
161643
161644
161645
161646
161647
161648
161649
161650
161651
161652
161653
161654
161655
161656
161657
161658
161659
161660
161661
161662
161663
161664
161665
161666
161667
161668
161669
161670
161671
161672
161673
161674
161675
161676
161677
161678
161679
161680
161681
161682
161683
161684
161685
161686
161687
161688
161689
161690
161691
161692
161693
161694
161695
161696
161697
161698
161699
161700
161701
161702
161703
161704
161705
161706
161707
161708
161709
161710
161711
161712
161713
161714
161715
161716
161717
161718
161719
161720
161721
161722
161723
161724
161725
161726
161727
161728
161729
161730
161731
161732
161733
161734
161735
161736
161737
161738
161739
161740
161741
161742
161743
161744
161745
161746
161747
161748
161749
161750
161751
161752
161753
161754
161755
161756
161757
161758
161759
161760
161761
161762
161763
161764
161765
161766
161767
161768
161769
161770
161771
161772
161773
161774
161775
161776
161777
161778
161779
161780
161781
161782
161783
161784
161785
161786
161787
161788
161789
161790
161791
161792
161793
161794
161795
161796
161797
161798
161799
161800
161801
161802
161803
161804
161805
161806
161807
161808
161809
161810
161811
161812
161813
161814
161815
161816
161817
161818
161819
161820
161821
161822
161823
161824
161825
161826
161827
161828
161829
161830
161831
161832
161833
161834
161835
161836
161837
161838
161839
161840
161841
161842
161843
161844
161845
161846
161847
161848
161849
161850
161851
161852
161853
161854
161855
161856
161857
161858
161859
161860
161861
161862
161863
161864
161865
161866
161867
161868
161869
161870
161871
161872
161873
161874
161875
161876
161877
161878
161879
161880
161881
161882
161883
161884
161885
161886
161887
161888
161889
161890
161891
161892
161893
161894
161895
161896
161897
161898
161899
161900
161901
161902
161903
161904
161905
161906
161907
161908
161909
161910
161911
161912
161913
161914
161915
161916
161917
161918
161919
161920
161921
161922
161923
161924
161925
161926
161927
161928
161929
161930
161931
161932
161933
161934
161935
161936
161937
161938
161939
161940
161941
161942
161943
161944
161945
161946
161947
161948
161949
161950
161951
161952
161953
161954
161955
161956
161957
161958
161959
161960
161961
161962
161963
161964
161965
161966
161967
161968
161969
161970
161971
161972
161973
161974
161975
161976
161977
161978
161979
161980
161981
161982
161983
161984
161985
161986
161987
161988
161989
161990
161991
161992
161993
161994
161995
161996
161997
161998
161999
162000
162001
162002
162003
162004
162005
162006
162007
162008
162009
162010
162011
162012
162013
162014
162015
162016
162017
162018
162019
162020
162021
162022
162023
162024
162025
162026
162027
162028
162029
162030
162031
162032
162033
162034
162035
162036
162037
162038
162039
162040
162041
162042
162043
162044
162045
162046
162047
162048
162049
162050
162051
162052
162053
162054
162055
162056
162057
162058
162059
162060
162061
162062
162063
162064
162065
162066
162067
162068
162069
162070
162071
162072
162073
162074
162075
162076
162077
162078
162079
162080
162081
162082
162083
162084
162085
162086
162087
162088
162089
162090
162091
162092
162093
162094
162095
162096
162097
162098
162099
162100
162101
162102
162103
162104
162105
162106
162107
162108
162109
162110
162111
162112
162113
162114
162115
162116
162117
162118
162119
162120
162121
162122
162123
162124
162125
162126
162127
162128
162129
162130
162131
162132
162133
162134
162135
162136
162137
162138
162139
162140
162141
162142
162143
162144
162145
162146
162147
162148
162149
162150
162151
162152
162153
162154
162155
162156
162157
162158
162159
162160
162161
162162
162163
162164
162165
162166
162167
162168
162169
162170
162171
162172
162173
162174
162175
162176
162177
162178
162179
162180
162181
162182
162183
162184
162185
162186
162187
162188
162189
162190
162191
162192
162193
162194
162195
162196
162197
162198
162199
162200
162201
162202
162203
162204
162205
162206
162207
162208
162209
162210
162211
162212
162213
162214
162215
162216
162217
162218
162219
162220
162221
162222
162223
162224
162225
162226
162227
162228
162229
162230
162231
162232
162233
162234
162235
162236
162237
162238
162239
162240
162241
162242
162243
162244
162245
162246
162247
162248
162249
162250
162251
162252
162253
162254
162255
162256
162257
162258
162259
162260
162261
162262
162263
162264
162265
162266
162267
162268
162269
162270
162271
162272
162273
162274
162275
162276
162277
162278
162279
162280
162281
162282
162283
162284
162285
162286
162287
162288
162289
162290
162291
162292
162293
162294
162295
162296
162297
162298
162299
162300
162301
162302
162303
162304
162305
162306
162307
162308
162309
162310
162311
162312
162313
162314
162315
162316
162317
162318
162319
162320
162321
162322
162323
162324
162325
162326
162327
162328
162329
162330
162331
162332
162333
162334
162335
162336
162337
162338
162339
162340
162341
162342
162343
162344
162345
162346
162347
162348
162349
162350
162351
162352
162353
162354
162355
162356
162357
162358
162359
162360
162361
162362
162363
162364
162365
162366
162367
162368
162369
162370
162371
162372
162373
162374
162375
162376
162377
162378
162379
162380
162381
162382
162383
162384
162385
162386
162387
162388
162389
162390
162391
162392
162393
162394
162395
162396
162397
162398
162399
162400
162401
162402
162403
162404
162405
162406
162407
162408
162409
162410
162411
162412
162413
162414
162415
162416
162417
162418
162419
162420
162421
162422
162423
162424
162425
162426
162427
162428
162429
162430
162431
162432
162433
162434
162435
162436
162437
162438
162439
162440
162441
162442
162443
162444
162445
162446
162447
162448
162449
162450
162451
162452
162453
162454
162455
162456
162457
162458
162459
162460
162461
162462
162463
162464
162465
162466
162467
162468
162469
162470
162471
162472
162473
162474
162475
162476
162477
162478
162479
162480
162481
162482
162483
162484
162485
162486
162487
162488
162489
162490
162491
162492
162493
162494
162495
162496
162497
162498
162499
162500
162501
162502
162503
162504
162505
162506
162507
162508
162509
162510
162511
162512
162513
162514
162515
162516
162517
162518
162519
162520
162521
162522
162523
162524
162525
162526
162527
162528
162529
162530
162531
162532
162533
162534
162535
162536
162537
162538
162539
162540
162541
162542
162543
162544
162545
162546
162547
162548
162549
162550
162551
162552
162553
162554
162555
162556
162557
162558
162559
162560
162561
162562
162563
162564
162565
162566
162567
162568
162569
162570
162571
162572
162573
162574
162575
162576
162577
162578
162579
162580
162581
162582
162583
162584
162585
162586
162587
162588
162589
162590
162591
162592
162593
162594
162595
162596
162597
162598
162599
162600
162601
162602
162603
162604
162605
162606
162607
162608
162609
162610
162611
162612
162613
162614
162615
162616
162617
162618
162619
162620
162621
162622
162623
162624
162625
162626
162627
162628
162629
162630
162631
162632
162633
162634
162635
162636
162637
162638
162639
162640
162641
162642
162643
162644
162645
162646
162647
162648
162649
162650
162651
162652
162653
162654
162655
162656
162657
162658
162659
162660
162661
162662
162663
162664
162665
162666
162667
162668
162669
162670
162671
162672
162673
162674
162675
162676
162677
162678
162679
162680
162681
162682
162683
162684
162685
162686
162687
162688
162689
162690
162691
162692
162693
162694
162695
162696
162697
162698
162699
162700
162701
162702
162703
162704
162705
162706
162707
162708
162709
162710
162711
162712
162713
162714
162715
162716
162717
162718
162719
162720
162721
162722
162723
162724
162725
162726
162727
162728
162729
162730
162731
162732
162733
162734
162735
162736
162737
162738
162739
162740
162741
162742
162743
162744
162745
162746
162747
162748
162749
162750
162751
162752
162753
162754
162755
162756
162757
162758
162759
162760
162761
162762
162763
162764
162765
162766
162767
162768
162769
162770
162771
162772
162773
162774
162775
162776
162777
162778
162779
162780
162781
162782
162783
162784
162785
162786
162787
162788
162789
162790
162791
162792
162793
162794
162795
162796
162797
162798
162799
162800
162801
162802
162803
162804
162805
162806
162807
162808
162809
162810
162811
162812
162813
162814
162815
162816
162817
162818
162819
162820
162821
162822
162823
162824
162825
162826
162827
162828
162829
162830
162831
162832
162833
162834
162835
162836
162837
162838
162839
162840
162841
162842
162843
162844
162845
162846
162847
162848
162849
162850
162851
162852
162853
162854
162855
162856
162857
162858
162859
162860
162861
162862
162863
162864
162865
162866
162867
162868
162869
162870
162871
162872
162873
162874
162875
162876
162877
162878
162879
162880
162881
162882
162883
162884
162885
162886
162887
162888
162889
162890
162891
162892
162893
162894
162895
162896
162897
162898
162899
162900
162901
162902
162903
162904
162905
162906
162907
162908
162909
162910
162911
162912
162913
162914
162915
162916
162917
162918
162919
162920
162921
162922
162923
162924
162925
162926
162927
162928
162929
162930
162931
162932
162933
162934
162935
162936
162937
162938
162939
162940
162941
162942
162943
162944
162945
162946
162947
162948
162949
162950
162951
162952
162953
162954
162955
162956
162957
162958
162959
162960
162961
162962
162963
162964
162965
162966
162967
162968
162969
162970
162971
162972
162973
162974
162975
162976
162977
162978
162979
162980
162981
162982
162983
162984
162985
162986
162987
162988
162989
162990
162991
162992
162993
162994
162995
162996
162997
162998
162999
163000
163001
163002
163003
163004
163005
163006
163007
163008
163009
163010
163011
163012
163013
163014
163015
163016
163017
163018
163019
163020
163021
163022
163023
163024
163025
163026
163027
163028
163029
163030
163031
163032
163033
163034
163035
163036
163037
163038
163039
163040
163041
163042
163043
163044
163045
163046
163047
163048
163049
163050
163051
163052
163053
163054
163055
163056
163057
163058
163059
163060
163061
163062
163063
163064
163065
163066
163067
163068
163069
163070
163071
163072
163073
163074
163075
163076
163077
163078
163079
163080
163081
163082
163083
163084
163085
163086
163087
163088
163089
163090
163091
163092
163093
163094
163095
163096
163097
163098
163099
163100
163101
163102
163103
163104
163105
163106
163107
163108
163109
163110
163111
163112
163113
163114
163115
163116
163117
163118
163119
163120
163121
163122
163123
163124
163125
163126
163127
163128
163129
163130
163131
163132
163133
163134
163135
163136
163137
163138
163139
163140
163141
163142
163143
163144
163145
163146
163147
163148
163149
163150
163151
163152
163153
163154
163155
163156
163157
163158
163159
163160
163161
163162
163163
163164
163165
163166
163167
163168
163169
163170
163171
163172
163173
163174
163175
163176
163177
163178
163179
163180
163181
163182
163183
163184
163185
163186
163187
163188
163189
163190
163191
163192
163193
163194
163195
163196
163197
163198
163199
163200
163201
163202
163203
163204
163205
163206
163207
163208
163209
163210
163211
163212
163213
163214
163215
163216
163217
163218
163219
163220
163221
163222
163223
163224
163225
163226
163227
163228
163229
163230
163231
163232
163233
163234
163235
163236
163237
163238
163239
163240
163241
163242
163243
163244
163245
163246
163247
163248
163249
163250
163251
163252
163253
163254
163255
163256
163257
163258
163259
163260
163261
163262
163263
163264
163265
163266
163267
163268
163269
163270
163271
163272
163273
163274
163275
163276
163277
163278
163279
163280
163281
163282
163283
163284
163285
163286
163287
163288
163289
163290
163291
163292
163293
163294
163295
163296
163297
163298
163299
163300
163301
163302
163303
163304
163305
163306
163307
163308
163309
163310
163311
163312
163313
163314
163315
163316
163317
163318
163319
163320
163321
163322
163323
163324
163325
163326
163327
163328
163329
163330
163331
163332
163333
163334
163335
163336
163337
163338
163339
163340
163341
163342
163343
163344
163345
163346
163347
163348
163349
163350
163351
163352
163353
163354
163355
163356
163357
163358
163359
163360
163361
163362
163363
163364
163365
163366
163367
163368
163369
163370
163371
163372
163373
163374
163375
163376
163377
163378
163379
163380
163381
163382
163383
163384
163385
163386
163387
163388
163389
163390
163391
163392
163393
163394
163395
163396
163397
163398
163399
163400
163401
163402
163403
163404
163405
163406
163407
163408
163409
163410
163411
163412
163413
163414
163415
163416
163417
163418
163419
163420
163421
163422
163423
163424
163425
163426
163427
163428
163429
163430
163431
163432
163433
163434
163435
163436
163437
163438
163439
163440
163441
163442
163443
163444
163445
163446
163447
163448
163449
163450
163451
163452
163453
163454
163455
163456
163457
163458
163459
163460
163461
163462
163463
163464
163465
163466
163467
163468
163469
163470
163471
163472
163473
163474
163475
163476
163477
163478
163479
163480
163481
163482
163483
163484
163485
163486
163487
163488
163489
163490
163491
163492
163493
163494
163495
163496
163497
163498
163499
163500
163501
163502
163503
163504
163505
163506
163507
163508
163509
163510
163511
163512
163513
163514
163515
163516
163517
163518
163519
163520
163521
163522
163523
163524
163525
163526
163527
163528
163529
163530
163531
163532
163533
163534
163535
163536
163537
163538
163539
163540
163541
163542
163543
163544
163545
163546
163547
163548
163549
163550
163551
163552
163553
163554
163555
163556
163557
163558
163559
163560
163561
163562
163563
163564
163565
163566
163567
163568
163569
163570
163571
163572
163573
163574
163575
163576
163577
163578
163579
163580
163581
163582
163583
163584
163585
163586
163587
163588
163589
163590
163591
163592
163593
163594
163595
163596
163597
163598
163599
163600
163601
163602
163603
163604
163605
163606
163607
163608
163609
163610
163611
163612
163613
163614
163615
163616
163617
163618
163619
163620
163621
163622
163623
163624
163625
163626
163627
163628
163629
163630
163631
163632
163633
163634
163635
163636
163637
163638
163639
163640
163641
163642
163643
163644
163645
163646
163647
163648
163649
163650
163651
163652
163653
163654
163655
163656
163657
163658
163659
163660
163661
163662
163663
163664
163665
163666
163667
163668
163669
163670
163671
163672
163673
163674
163675
163676
163677
163678
163679
163680
163681
163682
163683
163684
163685
163686
163687
163688
163689
163690
163691
163692
163693
163694
163695
163696
163697
163698
163699
163700
163701
163702
163703
163704
163705
163706
163707
163708
163709
163710
163711
163712
163713
163714
163715
163716
163717
163718
163719
163720
163721
163722
163723
163724
163725
163726
163727
163728
163729
163730
163731
163732
163733
163734
163735
163736
163737
163738
163739
163740
163741
163742
163743
163744
163745
163746
163747
163748
163749
163750
163751
163752
163753
163754
163755
163756
163757
163758
163759
163760
163761
163762
163763
163764
163765
163766
163767
163768
163769
163770
163771
163772
163773
163774
163775
163776
163777
163778
163779
163780
163781
163782
163783
163784
163785
163786
163787
163788
163789
163790
163791
163792
163793
163794
163795
163796
163797
163798
163799
163800
163801
163802
163803
163804
163805
163806
163807
163808
163809
163810
163811
163812
163813
163814
163815
163816
163817
163818
163819
163820
163821
163822
163823
163824
163825
163826
163827
163828
163829
163830
163831
163832
163833
163834
163835
163836
163837
163838
163839
163840
163841
163842
163843
163844
163845
163846
163847
163848
163849
163850
163851
163852
163853
163854
163855
163856
163857
163858
163859
163860
163861
163862
163863
163864
163865
163866
163867
163868
163869
163870
163871
163872
163873
163874
163875
163876
163877
163878
163879
163880
163881
163882
163883
163884
163885
163886
163887
163888
163889
163890
163891
163892
163893
163894
163895
163896
163897
163898
163899
163900
163901
163902
163903
163904
163905
163906
163907
163908
163909
163910
163911
163912
163913
163914
163915
163916
163917
163918
163919
163920
163921
163922
163923
163924
163925
163926
163927
163928
163929
163930
163931
163932
163933
163934
163935
163936
163937
163938
163939
163940
163941
163942
163943
163944
163945
163946
163947
163948
163949
163950
163951
163952
163953
163954
163955
163956
163957
163958
163959
163960
163961
163962
163963
163964
163965
163966
163967
163968
163969
163970
163971
163972
163973
163974
163975
163976
163977
163978
163979
163980
163981
163982
163983
163984
163985
163986
163987
163988
163989
163990
163991
163992
163993
163994
163995
163996
163997
163998
163999
164000
164001
164002
164003
164004
164005
164006
164007
164008
164009
164010
164011
164012
164013
164014
164015
164016
164017
164018
164019
164020
164021
164022
164023
164024
164025
164026
164027
164028
164029
164030
164031
164032
164033
164034
164035
164036
164037
164038
164039
164040
164041
164042
164043
164044
164045
164046
164047
164048
164049
164050
164051
164052
164053
164054
164055
164056
164057
164058
164059
164060
164061
164062
164063
164064
164065
164066
164067
164068
164069
164070
164071
164072
164073
164074
164075
164076
164077
164078
164079
164080
164081
164082
164083
164084
164085
164086
164087
164088
164089
164090
164091
164092
164093
164094
164095
164096
164097
164098
164099
164100
164101
164102
164103
164104
164105
164106
164107
164108
164109
164110
164111
164112
164113
164114
164115
164116
164117
164118
164119
164120
164121
164122
164123
164124
164125
164126
164127
164128
164129
164130
164131
164132
164133
164134
164135
164136
164137
164138
164139
164140
164141
164142
164143
164144
164145
164146
164147
164148
164149
164150
164151
164152
164153
164154
164155
164156
164157
164158
164159
164160
164161
164162
164163
164164
164165
164166
164167
164168
164169
164170
164171
164172
164173
164174
164175
164176
164177
164178
164179
164180
164181
164182
164183
164184
164185
164186
164187
164188
164189
164190
164191
164192
164193
164194
164195
164196
164197
164198
164199
164200
164201
164202
164203
164204
164205
164206
164207
164208
164209
164210
164211
164212
164213
164214
164215
164216
164217
164218
164219
164220
164221
164222
164223
164224
164225
164226
164227
164228
164229
164230
164231
164232
164233
164234
164235
164236
164237
164238
164239
164240
164241
164242
164243
164244
164245
164246
164247
164248
164249
164250
164251
164252
164253
164254
164255
164256
164257
164258
164259
164260
164261
164262
164263
164264
164265
164266
164267
164268
164269
164270
164271
164272
164273
164274
164275
164276
164277
164278
164279
164280
164281
164282
164283
164284
164285
164286
164287
164288
164289
164290
164291
164292
164293
164294
164295
164296
164297
164298
164299
164300
164301
164302
164303
164304
164305
164306
164307
164308
164309
164310
164311
164312
164313
164314
164315
164316
164317
164318
164319
164320
164321
164322
164323
164324
164325
164326
164327
164328
164329
164330
164331
164332
164333
164334
164335
164336
164337
164338
164339
164340
164341
164342
164343
164344
164345
164346
164347
164348
164349
164350
164351
164352
164353
164354
164355
164356
164357
164358
164359
164360
164361
164362
164363
164364
164365
164366
164367
164368
164369
164370
164371
164372
164373
164374
164375
164376
164377
164378
164379
164380
164381
164382
164383
164384
164385
164386
164387
164388
164389
164390
164391
164392
164393
164394
164395
164396
164397
164398
164399
164400
164401
164402
164403
164404
164405
164406
164407
164408
164409
164410
164411
164412
164413
164414
164415
164416
164417
164418
164419
164420
164421
164422
164423
164424
164425
164426
164427
164428
164429
164430
164431
164432
164433
164434
164435
164436
164437
164438
164439
164440
164441
164442
164443
164444
164445
164446
164447
164448
164449
164450
164451
164452
164453
164454
164455
164456
164457
164458
164459
164460
164461
164462
164463
164464
164465
164466
164467
164468
164469
164470
164471
164472
164473
164474
164475
164476
164477
164478
164479
164480
164481
164482
164483
164484
164485
164486
164487
164488
164489
164490
164491
164492
164493
164494
164495
164496
164497
164498
164499
164500
164501
164502
164503
164504
164505
164506
164507
164508
164509
164510
164511
164512
164513
164514
164515
164516
164517
164518
164519
164520
164521
164522
164523
164524
164525
164526
164527
164528
164529
164530
164531
164532
164533
164534
164535
164536
164537
164538
164539
164540
164541
164542
164543
164544
164545
164546
164547
164548
164549
164550
164551
164552
164553
164554
164555
164556
164557
164558
164559
164560
164561
164562
164563
164564
164565
164566
164567
164568
164569
164570
164571
164572
164573
164574
164575
164576
164577
164578
164579
164580
164581
164582
164583
164584
164585
164586
164587
164588
164589
164590
164591
164592
164593
164594
164595
164596
164597
164598
164599
164600
164601
164602
164603
164604
164605
164606
164607
164608
164609
164610
164611
164612
164613
164614
164615
164616
164617
164618
164619
164620
164621
164622
164623
164624
164625
164626
164627
164628
164629
164630
164631
164632
164633
164634
164635
164636
164637
164638
164639
164640
164641
164642
164643
164644
164645
164646
164647
164648
164649
164650
164651
164652
164653
164654
164655
164656
164657
164658
164659
164660
164661
164662
164663
164664
164665
164666
164667
164668
164669
164670
164671
164672
164673
164674
164675
164676
164677
164678
164679
164680
164681
164682
164683
164684
164685
164686
164687
164688
164689
164690
164691
164692
164693
164694
164695
164696
164697
164698
164699
164700
164701
164702
164703
164704
164705
164706
164707
164708
164709
164710
164711
164712
164713
164714
164715
164716
164717
164718
164719
164720
164721
164722
164723
164724
164725
164726
164727
164728
164729
164730
164731
164732
164733
164734
164735
164736
164737
164738
164739
164740
164741
164742
164743
164744
164745
164746
164747
164748
164749
164750
164751
164752
164753
164754
164755
164756
164757
164758
164759
164760
164761
164762
164763
164764
164765
164766
164767
164768
164769
164770
164771
164772
164773
164774
164775
164776
164777
164778
164779
164780
164781
164782
164783
164784
164785
164786
164787
164788
164789
164790
164791
164792
164793
164794
164795
164796
164797
164798
164799
164800
164801
164802
164803
164804
164805
164806
164807
164808
164809
164810
164811
164812
164813
164814
164815
164816
164817
164818
164819
164820
164821
164822
164823
164824
164825
164826
164827
164828
164829
164830
164831
164832
164833
164834
164835
164836
164837
164838
164839
164840
164841
164842
164843
164844
164845
164846
164847
164848
164849
164850
164851
164852
164853
164854
164855
164856
164857
164858
164859
164860
164861
164862
164863
164864
164865
164866
164867
164868
164869
164870
164871
164872
164873
164874
164875
164876
164877
164878
164879
164880
164881
164882
164883
164884
164885
164886
164887
164888
164889
164890
164891
164892
164893
164894
164895
164896
164897
164898
164899
164900
164901
164902
164903
164904
164905
164906
164907
164908
164909
164910
164911
164912
164913
164914
164915
164916
164917
164918
164919
164920
164921
164922
164923
164924
164925
164926
164927
164928
164929
164930
164931
164932
164933
164934
164935
164936
164937
164938
164939
164940
164941
164942
164943
164944
164945
164946
164947
164948
164949
164950
164951
164952
164953
164954
164955
164956
164957
164958
164959
164960
164961
164962
164963
164964
164965
164966
164967
164968
164969
164970
164971
164972
164973
164974
164975
164976
164977
164978
164979
164980
164981
164982
164983
164984
164985
164986
164987
164988
164989
164990
164991
164992
164993
164994
164995
164996
164997
164998
164999
165000
165001
165002
165003
165004
165005
165006
165007
165008
165009
165010
165011
165012
165013
165014
165015
165016
165017
165018
165019
165020
165021
165022
165023
165024
165025
165026
165027
165028
165029
165030
165031
165032
165033
165034
165035
165036
165037
165038
165039
165040
165041
165042
165043
165044
165045
165046
165047
165048
165049
165050
165051
165052
165053
165054
165055
165056
165057
165058
165059
165060
165061
165062
165063
165064
165065
165066
165067
165068
165069
165070
165071
165072
165073
165074
165075
165076
165077
165078
165079
165080
165081
165082
165083
165084
165085
165086
165087
165088
165089
165090
165091
165092
165093
165094
165095
165096
165097
165098
165099
165100
165101
165102
165103
165104
165105
165106
165107
165108
165109
165110
165111
165112
165113
165114
165115
165116
165117
165118
165119
165120
165121
165122
165123
165124
165125
165126
165127
165128
165129
165130
165131
165132
165133
165134
165135
165136
165137
165138
165139
165140
165141
165142
165143
165144
165145
165146
165147
165148
165149
165150
165151
165152
165153
165154
165155
165156
165157
165158
165159
165160
165161
165162
165163
165164
165165
165166
165167
165168
165169
165170
165171
165172
165173
165174
165175
165176
165177
165178
165179
165180
165181
165182
165183
165184
165185
165186
165187
165188
165189
165190
165191
165192
165193
165194
165195
165196
165197
165198
165199
165200
165201
165202
165203
165204
165205
165206
165207
165208
165209
165210
165211
165212
165213
165214
165215
165216
165217
165218
165219
165220
165221
165222
165223
165224
165225
165226
165227
165228
165229
165230
165231
165232
165233
165234
165235
165236
165237
165238
165239
165240
165241
165242
165243
165244
165245
165246
165247
165248
165249
165250
165251
165252
165253
165254
165255
165256
165257
165258
165259
165260
165261
165262
165263
165264
165265
165266
165267
165268
165269
165270
165271
165272
165273
165274
165275
165276
165277
165278
165279
165280
165281
165282
165283
165284
165285
165286
165287
165288
165289
165290
165291
165292
165293
165294
165295
165296
165297
165298
165299
165300
165301
165302
165303
165304
165305
165306
165307
165308
165309
165310
165311
165312
165313
165314
165315
165316
165317
165318
165319
165320
165321
165322
165323
165324
165325
165326
165327
165328
165329
165330
165331
165332
165333
165334
165335
165336
165337
165338
165339
165340
165341
165342
165343
165344
165345
165346
165347
165348
165349
165350
165351
165352
165353
165354
165355
165356
165357
165358
165359
165360
165361
165362
165363
165364
165365
165366
165367
165368
165369
165370
165371
165372
165373
165374
165375
165376
165377
165378
165379
165380
165381
165382
165383
165384
165385
165386
165387
165388
165389
165390
165391
165392
165393
165394
165395
165396
165397
165398
165399
165400
165401
165402
165403
165404
165405
165406
165407
165408
165409
165410
165411
165412
165413
165414
165415
165416
165417
165418
165419
165420
165421
165422
165423
165424
165425
165426
165427
165428
165429
165430
165431
165432
165433
165434
165435
165436
165437
165438
165439
165440
165441
165442
165443
165444
165445
165446
165447
165448
165449
165450
165451
165452
165453
165454
165455
165456
165457
165458
165459
165460
165461
165462
165463
165464
165465
165466
165467
165468
165469
165470
165471
165472
165473
165474
165475
165476
165477
165478
165479
165480
165481
165482
165483
165484
165485
165486
165487
165488
165489
165490
165491
165492
165493
165494
165495
165496
165497
165498
165499
165500
165501
165502
165503
165504
165505
165506
165507
165508
165509
165510
165511
165512
165513
165514
165515
165516
165517
165518
165519
165520
165521
165522
165523
165524
165525
165526
165527
165528
165529
165530
165531
165532
165533
165534
165535
165536
165537
165538
165539
165540
165541
165542
165543
165544
165545
165546
165547
165548
165549
165550
165551
165552
165553
165554
165555
165556
165557
165558
165559
165560
165561
165562
165563
165564
165565
165566
165567
165568
165569
165570
165571
165572
165573
165574
165575
165576
165577
165578
165579
165580
165581
165582
165583
165584
165585
165586
165587
165588
165589
165590
165591
165592
165593
165594
165595
165596
165597
165598
165599
165600
165601
165602
165603
165604
165605
165606
165607
165608
165609
165610
165611
165612
165613
165614
165615
165616
165617
165618
165619
165620
165621
165622
165623
165624
165625
165626
165627
165628
165629
165630
165631
165632
165633
165634
165635
165636
165637
165638
165639
165640
165641
165642
165643
165644
165645
165646
165647
165648
165649
165650
165651
165652
165653
165654
165655
165656
165657
165658
165659
165660
165661
165662
165663
165664
165665
165666
165667
165668
165669
165670
165671
165672
165673
165674
165675
165676
165677
165678
165679
165680
165681
165682
165683
165684
165685
165686
165687
165688
165689
165690
165691
165692
165693
165694
165695
165696
165697
165698
165699
165700
165701
165702
165703
165704
165705
165706
165707
165708
165709
165710
165711
165712
165713
165714
165715
165716
165717
165718
165719
165720
165721
165722
165723
165724
165725
165726
165727
165728
165729
165730
165731
165732
165733
165734
165735
165736
165737
165738
165739
165740
165741
165742
165743
165744
165745
165746
165747
165748
165749
165750
165751
165752
165753
165754
165755
165756
165757
165758
165759
165760
165761
165762
165763
165764
165765
165766
165767
165768
165769
165770
165771
165772
165773
165774
165775
165776
165777
165778
165779
165780
165781
165782
165783
165784
165785
165786
165787
165788
165789
165790
165791
165792
165793
165794
165795
165796
165797
165798
165799
165800
165801
165802
165803
165804
165805
165806
165807
165808
165809
165810
165811
165812
165813
165814
165815
165816
165817
165818
165819
165820
165821
165822
165823
165824
165825
165826
165827
165828
165829
165830
165831
165832
165833
165834
165835
165836
165837
165838
165839
165840
165841
165842
165843
165844
165845
165846
165847
165848
165849
165850
165851
165852
165853
165854
165855
165856
165857
165858
165859
165860
165861
165862
165863
165864
165865
165866
165867
165868
165869
165870
165871
165872
165873
165874
165875
165876
165877
165878
165879
165880
165881
165882
165883
165884
165885
165886
165887
165888
165889
165890
165891
165892
165893
165894
165895
165896
165897
165898
165899
165900
165901
165902
165903
165904
165905
165906
165907
165908
165909
165910
165911
165912
165913
165914
165915
165916
165917
165918
165919
165920
165921
165922
165923
165924
165925
165926
165927
165928
165929
165930
165931
165932
165933
165934
165935
165936
165937
165938
165939
165940
165941
165942
165943
165944
165945
165946
165947
165948
165949
165950
165951
165952
165953
165954
165955
165956
165957
165958
165959
165960
165961
165962
165963
165964
165965
165966
165967
165968
165969
165970
165971
165972
165973
165974
165975
165976
165977
165978
165979
165980
165981
165982
165983
165984
165985
165986
165987
165988
165989
165990
165991
165992
165993
165994
165995
165996
165997
165998
165999
166000
166001
166002
166003
166004
166005
166006
166007
166008
166009
166010
166011
166012
166013
166014
166015
166016
166017
166018
166019
166020
166021
166022
166023
166024
166025
166026
166027
166028
166029
166030
166031
166032
166033
166034
166035
166036
166037
166038
166039
166040
166041
166042
166043
166044
166045
166046
166047
166048
166049
166050
166051
166052
166053
166054
166055
166056
166057
166058
166059
166060
166061
166062
166063
166064
166065
166066
166067
166068
166069
166070
166071
166072
166073
166074
166075
166076
166077
166078
166079
166080
166081
166082
166083
166084
166085
166086
166087
166088
166089
166090
166091
166092
166093
166094
166095
166096
166097
166098
166099
166100
166101
166102
166103
166104
166105
166106
166107
166108
166109
166110
166111
166112
166113
166114
166115
166116
166117
166118
166119
166120
166121
166122
166123
166124
166125
166126
166127
166128
166129
166130
166131
166132
166133
166134
166135
166136
166137
166138
166139
166140
166141
166142
166143
166144
166145
166146
166147
166148
166149
166150
166151
166152
166153
166154
166155
166156
166157
166158
166159
166160
166161
166162
166163
166164
166165
166166
166167
166168
166169
166170
166171
166172
166173
166174
166175
166176
166177
166178
166179
166180
166181
166182
166183
166184
166185
166186
166187
166188
166189
166190
166191
166192
166193
166194
166195
166196
166197
166198
166199
166200
166201
166202
166203
166204
166205
166206
166207
166208
166209
166210
166211
166212
166213
166214
166215
166216
166217
166218
166219
166220
166221
166222
166223
166224
166225
166226
166227
166228
166229
166230
166231
166232
166233
166234
166235
166236
166237
166238
166239
166240
166241
166242
166243
166244
166245
166246
166247
166248
166249
166250
166251
166252
166253
166254
166255
166256
166257
166258
166259
166260
166261
166262
166263
166264
166265
166266
166267
166268
166269
166270
166271
166272
166273
166274
166275
166276
166277
166278
166279
166280
166281
166282
166283
166284
166285
166286
166287
166288
166289
166290
166291
166292
166293
166294
166295
166296
166297
166298
166299
166300
166301
166302
166303
166304
166305
166306
166307
166308
166309
166310
166311
166312
166313
166314
166315
166316
166317
166318
166319
166320
166321
166322
166323
166324
166325
166326
166327
166328
166329
166330
166331
166332
166333
166334
166335
166336
166337
166338
166339
166340
166341
166342
166343
166344
166345
166346
166347
166348
166349
166350
166351
166352
166353
166354
166355
166356
166357
166358
166359
166360
166361
166362
166363
166364
166365
166366
166367
166368
166369
166370
166371
166372
166373
166374
166375
166376
166377
166378
166379
166380
166381
166382
166383
166384
166385
166386
166387
166388
166389
166390
166391
166392
166393
166394
166395
166396
166397
166398
166399
166400
166401
166402
166403
166404
166405
166406
166407
166408
166409
166410
166411
166412
166413
166414
166415
166416
166417
166418
166419
166420
166421
166422
166423
166424
166425
166426
166427
166428
166429
166430
166431
166432
166433
166434
166435
166436
166437
166438
166439
166440
166441
166442
166443
166444
166445
166446
166447
166448
166449
166450
166451
166452
166453
166454
166455
166456
166457
166458
166459
166460
166461
166462
166463
166464
166465
166466
166467
166468
166469
166470
166471
166472
166473
166474
166475
166476
166477
166478
166479
166480
166481
166482
166483
166484
166485
166486
166487
166488
166489
166490
166491
166492
166493
166494
166495
166496
166497
166498
166499
166500
166501
166502
166503
166504
166505
166506
166507
166508
166509
166510
166511
166512
166513
166514
166515
166516
166517
166518
166519
166520
166521
166522
166523
166524
166525
166526
166527
166528
166529
166530
166531
166532
166533
166534
166535
166536
166537
166538
166539
166540
166541
166542
166543
166544
166545
166546
166547
166548
166549
166550
166551
166552
166553
166554
166555
166556
166557
166558
166559
166560
166561
166562
166563
166564
166565
166566
166567
166568
166569
166570
166571
166572
166573
166574
166575
166576
166577
166578
166579
166580
166581
166582
166583
166584
166585
166586
166587
166588
166589
166590
166591
166592
166593
166594
166595
166596
166597
166598
166599
166600
166601
166602
166603
166604
166605
166606
166607
166608
166609
166610
166611
166612
166613
166614
166615
166616
166617
166618
166619
166620
166621
166622
166623
166624
166625
166626
166627
166628
166629
166630
166631
166632
166633
166634
166635
166636
166637
166638
166639
166640
166641
166642
166643
166644
166645
166646
166647
166648
166649
166650
166651
166652
166653
166654
166655
166656
166657
166658
166659
166660
166661
166662
166663
166664
166665
166666
166667
166668
166669
166670
166671
166672
166673
166674
166675
166676
166677
166678
166679
166680
166681
166682
166683
166684
166685
166686
166687
166688
166689
166690
166691
166692
166693
166694
166695
166696
166697
166698
166699
166700
166701
166702
166703
166704
166705
166706
166707
166708
166709
166710
166711
166712
166713
166714
166715
166716
166717
166718
166719
166720
166721
166722
166723
166724
166725
166726
166727
166728
166729
166730
166731
166732
166733
166734
166735
166736
166737
166738
166739
166740
166741
166742
166743
166744
166745
166746
166747
166748
166749
166750
166751
166752
166753
166754
166755
166756
166757
166758
166759
166760
166761
166762
166763
166764
166765
166766
166767
166768
166769
166770
166771
166772
166773
166774
166775
166776
166777
166778
166779
166780
166781
166782
166783
166784
166785
166786
166787
166788
166789
166790
166791
166792
166793
166794
166795
166796
166797
166798
166799
166800
166801
166802
166803
166804
166805
166806
166807
166808
166809
166810
166811
166812
166813
166814
166815
166816
166817
166818
166819
166820
166821
166822
166823
166824
166825
166826
166827
166828
166829
166830
166831
166832
166833
166834
166835
166836
166837
166838
166839
166840
166841
166842
166843
166844
166845
166846
166847
166848
166849
166850
166851
166852
166853
166854
166855
166856
166857
166858
166859
166860
166861
166862
166863
166864
166865
166866
166867
166868
166869
166870
166871
166872
166873
166874
166875
166876
166877
166878
166879
166880
166881
166882
166883
166884
166885
166886
166887
166888
166889
166890
166891
166892
166893
166894
166895
166896
166897
166898
166899
166900
166901
166902
166903
166904
166905
166906
166907
166908
166909
166910
166911
166912
166913
166914
166915
166916
166917
166918
166919
166920
166921
166922
166923
166924
166925
166926
166927
166928
166929
166930
166931
166932
166933
166934
166935
166936
166937
166938
166939
166940
166941
166942
166943
166944
166945
166946
166947
166948
166949
166950
166951
166952
166953
166954
166955
166956
166957
166958
166959
166960
166961
166962
166963
166964
166965
166966
166967
166968
166969
166970
166971
166972
166973
166974
166975
166976
166977
166978
166979
166980
166981
166982
166983
166984
166985
166986
166987
166988
166989
166990
166991
166992
166993
166994
166995
166996
166997
166998
166999
167000
167001
167002
167003
167004
167005
167006
167007
167008
167009
167010
167011
167012
167013
167014
167015
167016
167017
167018
167019
167020
167021
167022
167023
167024
167025
167026
167027
167028
167029
167030
167031
167032
167033
167034
167035
167036
167037
167038
167039
167040
167041
167042
167043
167044
167045
167046
167047
167048
167049
167050
167051
167052
167053
167054
167055
167056
167057
167058
167059
167060
167061
167062
167063
167064
167065
167066
167067
167068
167069
167070
167071
167072
167073
167074
167075
167076
167077
167078
167079
167080
167081
167082
167083
167084
167085
167086
167087
167088
167089
167090
167091
167092
167093
167094
167095
167096
167097
167098
167099
167100
167101
167102
167103
167104
167105
167106
167107
167108
167109
167110
167111
167112
167113
167114
167115
167116
167117
167118
167119
167120
167121
167122
167123
167124
167125
167126
167127
167128
167129
167130
167131
167132
167133
167134
167135
167136
167137
167138
167139
167140
167141
167142
167143
167144
167145
167146
167147
167148
167149
167150
167151
167152
167153
167154
167155
167156
167157
167158
167159
167160
167161
167162
167163
167164
167165
167166
167167
167168
167169
167170
167171
167172
167173
167174
167175
167176
167177
167178
167179
167180
167181
167182
167183
167184
167185
167186
167187
167188
167189
167190
167191
167192
167193
167194
167195
167196
167197
167198
167199
167200
167201
167202
167203
167204
167205
167206
167207
167208
167209
167210
167211
167212
167213
167214
167215
167216
167217
167218
167219
167220
167221
167222
167223
167224
167225
167226
167227
167228
167229
167230
167231
167232
167233
167234
167235
167236
167237
167238
167239
167240
167241
167242
167243
167244
167245
167246
167247
167248
167249
167250
167251
167252
167253
167254
167255
167256
167257
167258
167259
167260
167261
167262
167263
167264
167265
167266
167267
167268
167269
167270
167271
167272
167273
167274
167275
167276
167277
167278
167279
167280
167281
167282
167283
167284
167285
167286
167287
167288
167289
167290
167291
167292
167293
167294
167295
167296
167297
167298
167299
167300
167301
167302
167303
167304
167305
167306
167307
167308
167309
167310
167311
167312
167313
167314
167315
167316
167317
167318
167319
167320
167321
167322
167323
167324
167325
167326
167327
167328
167329
167330
167331
167332
167333
167334
167335
167336
167337
167338
167339
167340
167341
167342
167343
167344
167345
167346
167347
167348
167349
167350
167351
167352
167353
167354
167355
167356
167357
167358
167359
167360
167361
167362
167363
167364
167365
167366
167367
167368
167369
167370
167371
167372
167373
167374
167375
167376
167377
167378
167379
167380
167381
167382
167383
167384
167385
167386
167387
167388
167389
167390
167391
167392
167393
167394
167395
167396
167397
167398
167399
167400
167401
167402
167403
167404
167405
167406
167407
167408
167409
167410
167411
167412
167413
167414
167415
167416
167417
167418
167419
167420
167421
167422
167423
167424
167425
167426
167427
167428
167429
167430
167431
167432
167433
167434
167435
167436
167437
167438
167439
167440
167441
167442
167443
167444
167445
167446
167447
167448
167449
167450
167451
167452
167453
167454
167455
167456
167457
167458
167459
167460
167461
167462
167463
167464
167465
167466
167467
167468
167469
167470
167471
167472
167473
167474
167475
167476
167477
167478
167479
167480
167481
167482
167483
167484
167485
167486
167487
167488
167489
167490
167491
167492
167493
167494
167495
167496
167497
167498
167499
167500
167501
167502
167503
167504
167505
167506
167507
167508
167509
167510
167511
167512
167513
167514
167515
167516
167517
167518
167519
167520
167521
167522
167523
167524
167525
167526
167527
167528
167529
167530
167531
167532
167533
167534
167535
167536
167537
167538
167539
167540
167541
167542
167543
167544
167545
167546
167547
167548
167549
167550
167551
167552
167553
167554
167555
167556
167557
167558
167559
167560
167561
167562
167563
167564
167565
167566
167567
167568
167569
167570
167571
167572
167573
167574
167575
167576
167577
167578
167579
167580
167581
167582
167583
167584
167585
167586
167587
167588
167589
167590
167591
167592
167593
167594
167595
167596
167597
167598
167599
167600
167601
167602
167603
167604
167605
167606
167607
167608
167609
167610
167611
167612
167613
167614
167615
167616
167617
167618
167619
167620
167621
167622
167623
167624
167625
167626
167627
167628
167629
167630
167631
167632
167633
167634
167635
167636
167637
167638
167639
167640
167641
167642
167643
167644
167645
167646
167647
167648
167649
167650
167651
167652
167653
167654
167655
167656
167657
167658
167659
167660
167661
167662
167663
167664
167665
167666
167667
167668
167669
167670
167671
167672
167673
167674
167675
167676
167677
167678
167679
167680
167681
167682
167683
167684
167685
167686
167687
167688
167689
167690
167691
167692
167693
167694
167695
167696
167697
167698
167699
167700
167701
167702
167703
167704
167705
167706
167707
167708
167709
167710
167711
167712
167713
167714
167715
167716
167717
167718
167719
167720
167721
167722
167723
167724
167725
167726
167727
167728
167729
167730
167731
167732
167733
167734
167735
167736
167737
167738
167739
167740
167741
167742
167743
167744
167745
167746
167747
167748
167749
167750
167751
167752
167753
167754
167755
167756
167757
167758
167759
167760
167761
167762
167763
167764
167765
167766
167767
167768
167769
167770
167771
167772
167773
167774
167775
167776
167777
167778
167779
167780
167781
167782
167783
167784
167785
167786
167787
167788
167789
167790
167791
167792
167793
167794
167795
167796
167797
167798
167799
167800
167801
167802
167803
167804
167805
167806
167807
167808
167809
167810
167811
167812
167813
167814
167815
167816
167817
167818
167819
167820
167821
167822
167823
167824
167825
167826
167827
167828
167829
167830
167831
167832
167833
167834
167835
167836
167837
167838
167839
167840
167841
167842
167843
167844
167845
167846
167847
167848
167849
167850
167851
167852
167853
167854
167855
167856
167857
167858
167859
167860
167861
167862
167863
167864
167865
167866
167867
167868
167869
167870
167871
167872
167873
167874
167875
167876
167877
167878
167879
167880
167881
167882
167883
167884
167885
167886
167887
167888
167889
167890
167891
167892
167893
167894
167895
167896
167897
167898
167899
167900
167901
167902
167903
167904
167905
167906
167907
167908
167909
167910
167911
167912
167913
167914
167915
167916
167917
167918
167919
167920
167921
167922
167923
167924
167925
167926
167927
167928
167929
167930
167931
167932
167933
167934
167935
167936
167937
167938
167939
167940
167941
167942
167943
167944
167945
167946
167947
167948
167949
167950
167951
167952
167953
167954
167955
167956
167957
167958
167959
167960
167961
167962
167963
167964
167965
167966
167967
167968
167969
167970
167971
167972
167973
167974
167975
167976
167977
167978
167979
167980
167981
167982
167983
167984
167985
167986
167987
167988
167989
167990
167991
167992
167993
167994
167995
167996
167997
167998
167999
168000
168001
168002
168003
168004
168005
168006
168007
168008
168009
168010
168011
168012
168013
168014
168015
168016
168017
168018
168019
168020
168021
168022
168023
168024
168025
168026
168027
168028
168029
168030
168031
168032
168033
168034
168035
168036
168037
168038
168039
168040
168041
168042
168043
168044
168045
168046
168047
168048
168049
168050
168051
168052
168053
168054
168055
168056
168057
168058
168059
168060
168061
168062
168063
168064
168065
168066
168067
168068
168069
168070
168071
168072
168073
168074
168075
168076
168077
168078
168079
168080
168081
168082
168083
168084
168085
168086
168087
168088
168089
168090
168091
168092
168093
168094
168095
168096
168097
168098
168099
168100
168101
168102
168103
168104
168105
168106
168107
168108
168109
168110
168111
168112
168113
168114
168115
168116
168117
168118
168119
168120
168121
168122
168123
168124
168125
168126
168127
168128
168129
168130
168131
168132
168133
168134
168135
168136
168137
168138
168139
168140
168141
168142
168143
168144
168145
168146
168147
168148
168149
168150
168151
168152
168153
168154
168155
168156
168157
168158
168159
168160
168161
168162
168163
168164
168165
168166
168167
168168
168169
168170
168171
168172
168173
168174
168175
168176
168177
168178
168179
168180
168181
168182
168183
168184
168185
168186
168187
168188
168189
168190
168191
168192
168193
168194
168195
168196
168197
168198
168199
168200
168201
168202
168203
168204
168205
168206
168207
168208
168209
168210
168211
168212
168213
168214
168215
168216
168217
168218
168219
168220
168221
168222
168223
168224
168225
168226
168227
168228
168229
168230
168231
168232
168233
168234
168235
168236
168237
168238
168239
168240
168241
168242
168243
168244
168245
168246
168247
168248
168249
168250
168251
168252
168253
168254
168255
168256
168257
168258
168259
168260
168261
168262
168263
168264
168265
168266
168267
168268
168269
168270
168271
168272
168273
168274
168275
168276
168277
168278
168279
168280
168281
168282
168283
168284
168285
168286
168287
168288
168289
168290
168291
168292
168293
168294
168295
168296
168297
168298
168299
168300
168301
168302
168303
168304
168305
168306
168307
168308
168309
168310
168311
168312
168313
168314
168315
168316
168317
168318
168319
168320
168321
168322
168323
168324
168325
168326
168327
168328
168329
168330
168331
168332
168333
168334
168335
168336
168337
168338
168339
168340
168341
168342
168343
168344
168345
168346
168347
168348
168349
168350
168351
168352
168353
168354
168355
168356
168357
168358
168359
168360
168361
168362
168363
168364
168365
168366
168367
168368
168369
168370
168371
168372
168373
168374
168375
168376
168377
168378
168379
168380
168381
168382
168383
168384
168385
168386
168387
168388
168389
168390
168391
168392
168393
168394
168395
168396
168397
168398
168399
168400
168401
168402
168403
168404
168405
168406
168407
168408
168409
168410
168411
168412
168413
168414
168415
168416
168417
168418
168419
168420
168421
168422
168423
168424
168425
168426
168427
168428
168429
168430
168431
168432
168433
168434
168435
168436
168437
168438
168439
168440
168441
168442
168443
168444
168445
168446
168447
168448
168449
168450
168451
168452
168453
168454
168455
168456
168457
168458
168459
168460
168461
168462
168463
168464
168465
168466
168467
168468
168469
168470
168471
168472
168473
168474
168475
168476
168477
168478
168479
168480
168481
168482
168483
168484
168485
168486
168487
168488
168489
168490
168491
168492
168493
168494
168495
168496
168497
168498
168499
168500
168501
168502
168503
168504
168505
168506
168507
168508
168509
168510
168511
168512
168513
168514
168515
168516
168517
168518
168519
168520
168521
168522
168523
168524
168525
168526
168527
168528
168529
168530
168531
168532
168533
168534
168535
168536
168537
168538
168539
168540
168541
168542
168543
168544
168545
168546
168547
168548
168549
168550
168551
168552
168553
168554
168555
168556
168557
168558
168559
168560
168561
168562
168563
168564
168565
168566
168567
168568
168569
168570
168571
168572
168573
168574
168575
168576
168577
168578
168579
168580
168581
168582
168583
168584
168585
168586
168587
168588
168589
168590
168591
168592
168593
168594
168595
168596
168597
168598
168599
168600
168601
168602
168603
168604
168605
168606
168607
168608
168609
168610
168611
168612
168613
168614
168615
168616
168617
168618
168619
168620
168621
168622
168623
168624
168625
168626
168627
168628
168629
168630
168631
168632
168633
168634
168635
168636
168637
168638
168639
168640
168641
168642
168643
168644
168645
168646
168647
168648
168649
168650
168651
168652
168653
168654
168655
168656
168657
168658
168659
168660
168661
168662
168663
168664
168665
168666
168667
168668
168669
168670
168671
168672
168673
168674
168675
168676
168677
168678
168679
168680
168681
168682
168683
168684
168685
168686
168687
168688
168689
168690
168691
168692
168693
168694
168695
168696
168697
168698
168699
168700
168701
168702
168703
168704
168705
168706
168707
168708
168709
168710
168711
168712
168713
168714
168715
168716
168717
168718
168719
168720
168721
168722
168723
168724
168725
168726
168727
168728
168729
168730
168731
168732
168733
168734
168735
168736
168737
168738
168739
168740
168741
168742
168743
168744
168745
168746
168747
168748
168749
168750
168751
168752
168753
168754
168755
168756
168757
168758
168759
168760
168761
168762
168763
168764
168765
168766
168767
168768
168769
168770
168771
168772
168773
168774
168775
168776
168777
168778
168779
168780
168781
168782
168783
168784
168785
168786
168787
168788
168789
168790
168791
168792
168793
168794
168795
168796
168797
168798
168799
168800
168801
168802
168803
168804
168805
168806
168807
168808
168809
168810
168811
168812
168813
168814
168815
168816
168817
168818
168819
168820
168821
168822
168823
168824
168825
168826
168827
168828
168829
168830
168831
168832
168833
168834
168835
168836
168837
168838
168839
168840
168841
168842
168843
168844
168845
168846
168847
168848
168849
168850
168851
168852
168853
168854
168855
168856
168857
168858
168859
168860
168861
168862
168863
168864
168865
168866
168867
168868
168869
168870
168871
168872
168873
168874
168875
168876
168877
168878
168879
168880
168881
168882
168883
168884
168885
168886
168887
168888
168889
168890
168891
168892
168893
168894
168895
168896
168897
168898
168899
168900
168901
168902
168903
168904
168905
168906
168907
168908
168909
168910
168911
168912
168913
168914
168915
168916
168917
168918
168919
168920
168921
168922
168923
168924
168925
168926
168927
168928
168929
168930
168931
168932
168933
168934
168935
168936
168937
168938
168939
168940
168941
168942
168943
168944
168945
168946
168947
168948
168949
168950
168951
168952
168953
168954
168955
168956
168957
168958
168959
168960
168961
168962
168963
168964
168965
168966
168967
168968
168969
168970
168971
168972
168973
168974
168975
168976
168977
168978
168979
168980
168981
168982
168983
168984
168985
168986
168987
168988
168989
168990
168991
168992
168993
168994
168995
168996
168997
168998
168999
169000
169001
169002
169003
169004
169005
169006
169007
169008
169009
169010
169011
169012
169013
169014
169015
169016
169017
169018
169019
169020
169021
169022
169023
169024
169025
169026
169027
169028
169029
169030
169031
169032
169033
169034
169035
169036
169037
169038
169039
169040
169041
169042
169043
169044
169045
169046
169047
169048
169049
169050
169051
169052
169053
169054
169055
169056
169057
169058
169059
169060
169061
169062
169063
169064
169065
169066
169067
169068
169069
169070
169071
169072
169073
169074
169075
169076
169077
169078
169079
169080
169081
169082
169083
169084
169085
169086
169087
169088
169089
169090
169091
169092
169093
169094
169095
169096
169097
169098
169099
169100
169101
169102
169103
169104
169105
169106
169107
169108
169109
169110
169111
169112
169113
169114
169115
169116
169117
169118
169119
169120
169121
169122
169123
169124
169125
169126
169127
169128
169129
169130
169131
169132
169133
169134
169135
169136
169137
169138
169139
169140
169141
169142
169143
169144
169145
169146
169147
169148
169149
169150
169151
169152
169153
169154
169155
169156
169157
169158
169159
169160
169161
169162
169163
169164
169165
169166
169167
169168
169169
169170
169171
169172
169173
169174
169175
169176
169177
169178
169179
169180
169181
169182
169183
169184
169185
169186
169187
169188
169189
169190
169191
169192
169193
169194
169195
169196
169197
169198
169199
169200
169201
169202
169203
169204
169205
169206
169207
169208
169209
169210
169211
169212
169213
169214
169215
169216
169217
169218
169219
169220
169221
169222
169223
169224
169225
169226
169227
169228
169229
169230
169231
169232
169233
169234
169235
169236
169237
169238
169239
169240
169241
169242
169243
169244
169245
169246
169247
169248
169249
169250
169251
169252
169253
169254
169255
169256
169257
169258
169259
169260
169261
169262
169263
169264
169265
169266
169267
169268
169269
169270
169271
169272
169273
169274
169275
169276
169277
169278
169279
169280
169281
169282
169283
169284
169285
169286
169287
169288
169289
169290
169291
169292
169293
169294
169295
169296
169297
169298
169299
169300
169301
169302
169303
169304
169305
169306
169307
169308
169309
169310
169311
169312
169313
169314
169315
169316
169317
169318
169319
169320
169321
169322
169323
169324
169325
169326
169327
169328
169329
169330
169331
169332
169333
169334
169335
169336
169337
169338
169339
169340
169341
169342
169343
169344
169345
169346
169347
169348
169349
169350
169351
169352
169353
169354
169355
169356
169357
169358
169359
169360
169361
169362
169363
169364
169365
169366
169367
169368
169369
169370
169371
169372
169373
169374
169375
169376
169377
169378
169379
169380
169381
169382
169383
169384
169385
169386
169387
169388
169389
169390
169391
169392
169393
169394
169395
169396
169397
169398
169399
169400
169401
169402
169403
169404
169405
169406
169407
169408
169409
169410
169411
169412
169413
169414
169415
169416
169417
169418
169419
169420
169421
169422
169423
169424
169425
169426
169427
169428
169429
169430
169431
169432
169433
169434
169435
169436
169437
169438
169439
169440
169441
169442
169443
169444
169445
169446
169447
169448
169449
169450
169451
169452
169453
169454
169455
169456
169457
169458
169459
169460
169461
169462
169463
169464
169465
169466
169467
169468
169469
169470
169471
169472
169473
169474
169475
169476
169477
169478
169479
169480
169481
169482
169483
169484
169485
169486
169487
169488
169489
169490
169491
169492
169493
169494
169495
169496
169497
169498
169499
169500
169501
169502
169503
169504
169505
169506
169507
169508
169509
169510
169511
169512
169513
169514
169515
169516
169517
169518
169519
169520
169521
169522
169523
169524
169525
169526
169527
169528
169529
169530
169531
169532
169533
169534
169535
169536
169537
169538
169539
169540
169541
169542
169543
169544
169545
169546
169547
169548
169549
169550
169551
169552
169553
169554
169555
169556
169557
169558
169559
169560
169561
169562
169563
169564
169565
169566
169567
169568
169569
169570
169571
169572
169573
169574
169575
169576
169577
169578
169579
169580
169581
169582
169583
169584
169585
169586
169587
169588
169589
169590
169591
169592
169593
169594
169595
169596
169597
169598
169599
169600
169601
169602
169603
169604
169605
169606
169607
169608
169609
169610
169611
169612
169613
169614
169615
169616
169617
169618
169619
169620
169621
169622
169623
169624
169625
169626
169627
169628
169629
169630
169631
169632
169633
169634
169635
169636
169637
169638
169639
169640
169641
169642
169643
169644
169645
169646
169647
169648
169649
169650
169651
169652
169653
169654
169655
169656
169657
169658
169659
169660
169661
169662
169663
169664
169665
169666
169667
169668
169669
169670
169671
169672
169673
169674
169675
169676
169677
169678
169679
169680
169681
169682
169683
169684
169685
169686
169687
169688
169689
169690
169691
169692
169693
169694
169695
169696
169697
169698
169699
169700
169701
169702
169703
169704
169705
169706
169707
169708
169709
169710
169711
169712
169713
169714
169715
169716
169717
169718
169719
169720
169721
169722
169723
169724
169725
169726
169727
169728
169729
169730
169731
169732
169733
169734
169735
169736
169737
169738
169739
169740
169741
169742
169743
169744
169745
169746
169747
169748
169749
169750
169751
169752
169753
169754
169755
169756
169757
169758
169759
169760
169761
169762
169763
169764
169765
169766
169767
169768
169769
169770
169771
169772
169773
169774
169775
169776
169777
169778
169779
169780
169781
169782
169783
169784
169785
169786
169787
169788
169789
169790
169791
169792
169793
169794
169795
169796
169797
169798
169799
169800
169801
169802
169803
169804
169805
169806
169807
169808
169809
169810
169811
169812
169813
169814
169815
169816
169817
169818
169819
169820
169821
169822
169823
169824
169825
169826
169827
169828
169829
169830
169831
169832
169833
169834
169835
169836
169837
169838
169839
169840
169841
169842
169843
169844
169845
169846
169847
169848
169849
169850
169851
169852
169853
169854
169855
169856
169857
169858
169859
169860
169861
169862
169863
169864
169865
169866
169867
169868
169869
169870
169871
169872
169873
169874
169875
169876
169877
169878
169879
169880
169881
169882
169883
169884
169885
169886
169887
169888
169889
169890
169891
169892
169893
169894
169895
169896
169897
169898
169899
169900
169901
169902
169903
169904
169905
169906
169907
169908
169909
169910
169911
169912
169913
169914
169915
169916
169917
169918
169919
169920
169921
169922
169923
169924
169925
169926
169927
169928
169929
169930
169931
169932
169933
169934
169935
169936
169937
169938
169939
169940
169941
169942
169943
169944
169945
169946
169947
169948
169949
169950
169951
169952
169953
169954
169955
169956
169957
169958
169959
169960
169961
169962
169963
169964
169965
169966
169967
169968
169969
169970
169971
169972
169973
169974
169975
169976
169977
169978
169979
169980
169981
169982
169983
169984
169985
169986
169987
169988
169989
169990
169991
169992
169993
169994
169995
169996
169997
169998
169999
170000
170001
170002
170003
170004
170005
170006
170007
170008
170009
170010
170011
170012
170013
170014
170015
170016
170017
170018
170019
170020
170021
170022
170023
170024
170025
170026
170027
170028
170029
170030
170031
170032
170033
170034
170035
170036
170037
170038
170039
170040
170041
170042
170043
170044
170045
170046
170047
170048
170049
170050
170051
170052
170053
170054
170055
170056
170057
170058
170059
170060
170061
170062
170063
170064
170065
170066
170067
170068
170069
170070
170071
170072
170073
170074
170075
170076
170077
170078
170079
170080
170081
170082
170083
170084
170085
170086
170087
170088
170089
170090
170091
170092
170093
170094
170095
170096
170097
170098
170099
170100
170101
170102
170103
170104
170105
170106
170107
170108
170109
170110
170111
170112
170113
170114
170115
170116
170117
170118
170119
170120
170121
170122
170123
170124
170125
170126
170127
170128
170129
170130
170131
170132
170133
170134
170135
170136
170137
170138
170139
170140
170141
170142
170143
170144
170145
170146
170147
170148
170149
170150
170151
170152
170153
170154
170155
170156
170157
170158
170159
170160
170161
170162
170163
170164
170165
170166
170167
170168
170169
170170
170171
170172
170173
170174
170175
170176
170177
170178
170179
170180
170181
170182
170183
170184
170185
170186
170187
170188
170189
170190
170191
170192
170193
170194
170195
170196
170197
170198
170199
170200
170201
170202
170203
170204
170205
170206
170207
170208
170209
170210
170211
170212
170213
170214
170215
170216
170217
170218
170219
170220
170221
170222
170223
170224
170225
170226
170227
170228
170229
170230
170231
170232
170233
170234
170235
170236
170237
170238
170239
170240
170241
170242
170243
170244
170245
170246
170247
170248
170249
170250
170251
170252
170253
170254
170255
170256
170257
170258
170259
170260
170261
170262
170263
170264
170265
170266
170267
170268
170269
170270
170271
170272
170273
170274
170275
170276
170277
170278
170279
170280
170281
170282
170283
170284
170285
170286
170287
170288
170289
170290
170291
170292
170293
170294
170295
170296
170297
170298
170299
170300
170301
170302
170303
170304
170305
170306
170307
170308
170309
170310
170311
170312
170313
170314
170315
170316
170317
170318
170319
170320
170321
170322
170323
170324
170325
170326
170327
170328
170329
170330
170331
170332
170333
170334
170335
170336
170337
170338
170339
170340
170341
170342
170343
170344
170345
170346
170347
170348
170349
170350
170351
170352
170353
170354
170355
170356
170357
170358
170359
170360
170361
170362
170363
170364
170365
170366
170367
170368
170369
170370
170371
170372
170373
170374
170375
170376
170377
170378
170379
170380
170381
170382
170383
170384
170385
170386
170387
170388
170389
170390
170391
170392
170393
170394
170395
170396
170397
170398
170399
170400
170401
170402
170403
170404
170405
170406
170407
170408
170409
170410
170411
170412
170413
170414
170415
170416
170417
170418
170419
170420
170421
170422
170423
170424
170425
170426
170427
170428
170429
170430
170431
170432
170433
170434
170435
170436
170437
170438
170439
170440
170441
170442
170443
170444
170445
170446
170447
170448
170449
170450
170451
170452
170453
170454
170455
170456
170457
170458
170459
170460
170461
170462
170463
170464
170465
170466
170467
170468
170469
170470
170471
170472
170473
170474
170475
170476
170477
170478
170479
170480
170481
170482
170483
170484
170485
170486
170487
170488
170489
170490
170491
170492
170493
170494
170495
170496
170497
170498
170499
170500
170501
170502
170503
170504
170505
170506
170507
170508
170509
170510
170511
170512
170513
170514
170515
170516
170517
170518
170519
170520
170521
170522
170523
170524
170525
170526
170527
170528
170529
170530
170531
170532
170533
170534
170535
170536
170537
170538
170539
170540
170541
170542
170543
170544
170545
170546
170547
170548
170549
170550
170551
170552
170553
170554
170555
170556
170557
170558
170559
170560
170561
170562
170563
170564
170565
170566
170567
170568
170569
170570
170571
170572
170573
170574
170575
170576
170577
170578
170579
170580
170581
170582
170583
170584
170585
170586
170587
170588
170589
170590
170591
170592
170593
170594
170595
170596
170597
170598
170599
170600
170601
170602
170603
170604
170605
170606
170607
170608
170609
170610
170611
170612
170613
170614
170615
170616
170617
170618
170619
170620
170621
170622
170623
170624
170625
170626
170627
170628
170629
170630
170631
170632
170633
170634
170635
170636
170637
170638
170639
170640
170641
170642
170646
170653
170728
170785
170795
170800
170834
170859
170890
170905
170971
171069
171073
171076
171148
171171
171204
171227
171237
171270
171274
171318
171328
171329
171381
171386
171407
171446
171449
171454
171460
171544
171573
171579
171588
171657
171665
171728
171753
171789
171803
171812
171824
171827
171837
171841
171908
171968
171970
171973
171997
172011
172023
172044
172064
172065
172113
172153
172178
172185
172188
172214
172219
172243
172251
172306
172308
172361
172373
172388
172456
172499
172503
172527
172547
172561
172566
172621
172646
172659
172735
172767
172800
172857
172894
172909
172941
172981
172988
173016
173068
173124
173137
173171
173206
173279
173300
173348
173352
173392
173398
173448
173493
173633
173655
173741
173825
173832
173840
173976
173985
174010
174018
174050
174054
174094
174100
174112
174168
174183
174195
174213
174274
174277
174282
174338
174344
174347
174367
174426
174442
174504
174521
174548
174562
174564
174574
174582
174640
174648
174677
174795
174806
174818
174843
174862
174890
174937
174938
174945
175031
175085
175128
175130
175152
175197
175206
175263
175267
175294
175435
175473
175543
175565
175566
175607
175613
175632
175660
175671
175694
175722
175749
175762
175806
175834
175862
175880
175941
175967
175970
175975
176010
176013
176028
176120
176133
176179
176206
176217
176241
176499
176547
176549
176585
176586
176595
176605
176647
176689
176700
176703
176792
176793
176892
176904
176906
176916
176935
176950
177016
177025
177026
177029
177096
177099
177156
177171
177211
177218
177241
177251
177289
177306
177355
177376
177407
177437
177442
177478
177483
177485
177556
177578
177628
177647
177724
177751
177754
177763
177779
177804
177884
177899
177932
177955
177982
177995
178013
178091
178104
178121
178189
178195
178256
178264
178326
178350
178358
178393
178404
178490
178590
178599
178612
178617
178642
178691
178697
178709
178814
178816
178817
178831
178837
178838
178848
178889
178895
178907
178954
178988
179063
179126
179182
179258
179285
179313
179314
179340
179463
179465
179470
179508
179513
179587
179620
179624
179675
179743
179779
179842
179871
179896
179921
179986
179999
180037
180131
180133
180225
180227
180228
180357
180389
180459
180473
180476
180481
180520
180522
180547
180548
180560
180664
180675
180700
180708
180758
180774
180784
180785
180798
180803
180872
180875
180876
181059
181067
181110
181111
181112
181122
181132
181141
181159
181245
181286
181352
181368
181376
181404
181410
181427
181432
181444
181452
181463
181474
181476
181479
181488
181493
181540
181546
181548
181583
181609
181610
181627
181632
181662
181675
181729
181751
181759
181796
181842
181843
181911
181933
181939
182029
182102
182111
182131
182141
182181
182188
182200
182213
182228
182239
182248
182262
182264
182287
182301
182308
182309
182323
182334
182374
182402
182424
182475
182499
182501
182563
182594
182605
182612
182616
182643
182745
182756
182779
182826
182848
182874
182923
182924
183012
183094
183114
183119
183163
183197
183231
183261
183346
183372
183397
183438
183485
183515
183580
183609
183640
183641
183662
183681
183714
183724
183792
183915
183934
183941
184006
184085
184131
184140
184148
184196
184203
184229
184245
184254
184274
184284
184423
184431
184450
184536
184595
184607
184612
184621
184645
184676
184698
184739
184845
184849
184853
184854
184883
184889
185058
185075
185090
185105
185113
185117
185150
185168
185176
185301
185327
185357
185362
185364
185406
185440
185451
185496
185589
185604
185624
185640
185671
185677
185757
185763
185766
185792
185816
185836
185861
185936
185953
186043
186055
186060
186095
186110
186121
186135
186162
186167
186202
186204
186260
186285
186292
186301
186314
186423
186427
186458
186530
186642
186662
186669
186691
186696
186721
186761
186769
186779
186831
186846
186879
186886
186903
186964
186980
186988
187051
187060
187090
187099
187164
187171
187183
187221
187310
187343
187350
187375
187423
187431
187525
187531
187551
187569
187585
187616
187637
187652
187690
187746
187771
187796
187860
187889
187931
187937
187979
187982
188051
188062
188123
188144
188180
188187
188237
188252
188253
188256
188292
188294
188335
188362
188369
188391
188444
188471
188498
188539
188553
188554
188585
188586
188612
188621
188770
188773
188775
188800
188801
188822
188848
188912
188926
188928
188941
188999
189030
189034
189067
189069
189103
189108
189114
189147
189200
189223
189246
189259
189313
189347
189402
189439
189451
189459
189468
189516
189526
189551
189552
189565
189583
189625
189638
189643
189666
189694
189703
189743
189773
189800
189804
189817
189852
189860
189863
189948
189958
190000
190048
190053
190110
190111
190149
190161
190183
190217
190223
190240
190288
190341
190405
190411
190441
190451
190469
190505
190509
190526
190608
190651
190657
190683
190694
190731
190777
190857
190899
190948
190995
191027
191056
191087
191107
191119
191145
191161
191162
191229
191241
191259
191263
191280
191281
191355
191518
191549
191584
191615
191628
191643
191663
191688
191693
191707
191737
191788
191833
191839
191911
191961
192021
192042
192071
192125
192129
192225
192325
192369
192405
192406
192433
192465
192479
192582
192608
192638
192653
192660
192673
192699
192709
192754
192811
192863
192917
192963
193032
193047
193063
193065
193084
193100
193112
193131
193137
193148
193149
193267
193269
193312
193316
193335
193380
193387
193400
193420
193465
193467
193495
193511
193526
193553
193556
193591
193699
193706
193739
193753
193755
193773
193798
193817
193874
193879
193930
193940
193946
193955
193964
194040
194066
194100
194108
194120
194156
194175
194217
194253
194290
194320
194356
194434
194437
194454
194460
194463
194512
194549
194551
194582
194612
194618
194658
194666
194679
194686
194695
194706
194709
194817
194820
194821
194827
194864
194870
194907
194911
194941
194956
194958
194984
195057
195080
195117
195132
195146
195177
195190
195247
195297
195327
195338
195342
195396
195397
195482
195508
195545
195568
195613
195622
195628
195695
195721
195750
195753
195774
195793
195847
195870
195885
195921
195931
195936
195961
195978
196100
196118
196233
196260
196286
196306
196349
196380
196451
196457
196510
196511
196521
196564
196588
196638
196639
196646
196669
196712
196745
196798
196829
196856
196864
196872
196911
196932
196940
197012
197019
197062
197069
197076
197108
197110
197201
197219
197245
197249
197271
197289
197389
197390
197410
197465
197477
197593
197603
197616
197634
197682
197683
197737
197792
197812
197819
197854
197927
197935
197982
198000
198002
198039
198075
198102
198120
198127
198138
198206
198227
198241
198267
198280
198294
198296
198359
198372
198380
198421
198437
198485
198500
198504
198525
198541
198565
198611
198673
198690
198691
198698
198701
198742
198759
198798
198825
198838
198839
198842
198873
198883
198917
198941
198980
199046
199072
199088
199090
199119
199126
199139
199189
199209
199231
199288
199296
199304
199342
199348
199404
199501
199534
199538
199545
199546
199551
199564
199586
199587
199633
199639
199662
199671
199683
199687
199724
199758
199769
199775
199807
199830
199844
199860
199874
199888
199919
199921
199943
199956
199982
199987
200025
200061
200210
200217
200231
200305
200337
200377
200421
200545
200558
200560
200637
200669
200696
200702
200709
200717
200785
200826
200894
200904
200911
200941
200967
200979
200983
200985
201036
201080
201082
201092
201105
201127
201128
201129
201143
201166
201175
201239
201252
201293
201294
201304
201343
201364
201368
201388
201395
201457
201475
201497
201503
201540
201545
201736
201773
201811
201823
201825
201837
201854
201860
201863
201949
202028
202051
202117
202162
202168
202177
202187
202189
202225
202230
202242
202295
202335
202344
202357
202368
202378
202405
202429
202468
202527
202537
202565
202570
202589
202643
202679
202699
202787
202790
202847
202892
202906
202950
202986
203062
203065
203072
203073
203076
203094
203099
203127
203142
203195
203204
203213
203241
203311
203326
203340
203408
203436
203481
203568
203602
203612
203667
203684
203709
203742
203748
203778
203792
203849
203857
203872
203939
203947
203956
203972
203991
204014
204023
204042
204084
204138
204155
204175
204205
204233
204245
204248
204252
204320
204366
204369
204422
204444
204462
204472
204498
204504
204522
204543
204560
204595
204628
204701
204778
204781
204804
204811
204874
204910
204993
205012
205036
205129
205154
205166
205198
205204
205228
205243
205300
205316
205338
205369
205384
205386
205394
205419
205428
205449
205453
205498
205519
205626
205630
205637
205650
205709
205788
205822
205838
205846
205848
205890
205898
205969
206096
206103
206104
206122
206129
206198
206203
206252
206253
206347
206357
206364
206366
206449
206470
206516
206525
206565
206595
206602
206619
206625
206671
206714
206718
206722
206750
206780
206813
206851
206882
206933
206939
207031
207085
207088
207176
207180
207182
207233
207254
207270
207299
207404
207411
207433
207434
207447
207461
207516
207555
207622
207655
207716
207775
207784
207798
207815
207829
207839
207853
207860
207862
207892
207940
207944
207989
207997
208061
208080
208089
208127
208142
208159
208162
208207
208268
208270
208322
208323
208387
208395
208472
208489
208496
208498
208525
208543
208583
208632
208649
208656
208665
208673
208688
208709
208711
208739
208811
208826
208861
208882
208890
208912
208974
208975
209010
209011
209017
209037
209039
209062
209137
209188
209218
209260
209312
209366
209370
209380
209384
209403
209409
209442
209453
209490
209514
209570
209596
209619
209681
209682
209683
209702
209713
209754
209813
209833
209834
209885
209904
209926
209935
209940
209981
209985
210058
210083
210088
210113
210119
210220
210266
210314
210338
210339
210344
210367
210400
210487
210505
210529
210554
210565
210584
210623
210628
210659
210660
210670
210673
210687
210722
210734
210811
210821
210905
210909
210933
210977
210979
210981
211085
211117
211120
211173
211271
211334
211342
211425
211503
211505
211536
211614
211627
211635
211648
211666
211680
211856
211906
211952
211961
211986
212066
212094
212114
212120
212165
212167
212169
212174
212193
212200
212217
212221
212236
212243
212306
212318
212358
212388
212414
212430
212440
212499
212518
212552
212553
212582
212631
212635
212636
212654
212685
212691
212747
212790
212818
212846
212851
212862
212866
212879
212893
212917
212925
212930
213053
213056
213081
213112
213145
213202
213261
213294
213338
213346
213390
213402
213414
213441
213499
213606
213662
213663
213672
213675
213688
213810
213837
213867
213879
213889
213903
213906
213937
213950
213951
213963
213982
214010
214017
214019
214060
214080
214103
214142
214162
214192
214222
214243
214303
214324
214340
214351
214405
214439
214440
214447
214531
214544
214557
214586
214613
214715
214719
214744
214769
214775
214780
214818
214893
214917
214929
214981
215020
215023
215050
215068
215100
215113
215135
215139
215159
215231
215233
215260
215261
215326
215329
215331
215332
215360
215361
215386
215413
215417
215435
215464
215476
215615
215642
215680
215718
215762
215949
215976
216009
216041
216059
216102
216108
216136
216140
216184
216211
216213
216276
216277
216292
216314
216315
216320
216374
216395
216448
216471
216495
216504
216609
216618
216619
216623
216642
216706
216712
216754
216780
216781
216841
216863
216892
216893
216896
216931
216935
216946
216996
217035
217090
217112
217115
217252
217302
217331
217342
217367
217369
217385
217402
217415
217421
217422
217449
217453
217457
217525
217538
217595
217632
217634
217741
217775
217790
217796
217837
217875
217879
217915
217918
217951
217986
218021
218029
218048
218052
218093
218095
218119
218167
218189
218210
218218
218229
218235
218246
218295
218329
218338
218400
218401
218404
218451
218514
218604
218644
218681
218703
218751
218784
218787
218800
218854
218881
218890
218894
218940
218952
219001
219069
219085
219177
219203
219205
219229
219244
219248
219269
219331
219333
219345
219373
219381
219426
219606
219620
219621
219689
219755
219760
219805
219808
219816
219820
219959
219970
219974
219991
220007
220014
220031
220043
220057
220066
220105
220186
220303
220311
220348
220421
220431
220457
220469
220492
220493
220497
220500
220554
220582
220597
220637
220677
220725
220775
220838
220850
220921
220939
220961
220974
221010
221013
221080
221111
221152
221233
221236
221306
221308
221369
221411
221446
221496
221502
221525
221543
221544
221590
221595
221601
221603
221646
221653
221684
221715
221731
221737
221738
221758
221760
221768
221798
221880
221949
221955
221991
221993
222023
222026
222033
222034
222048
222064
222091
222107
222108
222168
222185
222220
222229
222235
222244
222252
222254
222266
222276
222302
222329
222339
222416
222436
222446
222453
222493
222534
222542
222568
222636
222641
222669
222693
222701
222716
222761
222839
222865
222868
222908
222934
222962
222967
222973
223006
223089
223206
223208
223213
223219
223246
223252
223261
223263
223271
223302
223303
223341
223390
223441
223443
223487
223568
223569
223573
223582
223599
223606
223607
223614
223624
223653
223660
223672
223693
223731
223884
223909
223915
223957
223978
224006
224007
224008
224188
224234
224277
224291
224308
224323
224324
224365
224452
224465
224470
224511
224529
224535
224604
224611
224612
224662
224667
224716
224726
224800
224837
224888
224923
224956
224957
225003
225013
225035
225059
225217
225237
225246
225292
225293
225322
225336
225352
225353
225389
225432
225476
225487
225495
225505
225511
225549
225588
225600
225661
225732
225733
225762
225763
225775
225779
225823
225848
225882
225943
225948
225950
225977
226038
226098
226138
226185
226215
226224
226230
226276
226319
226369
226394
226453
226622
226658
226669
226699
226706
226760
226776
226777
226796
226817
226922
226958
226997
227015
227016
227074
227075
227146
227156
227164
227180
227202
227220
227254
227276
227332
227333
227342
227363
227395
227404
227444
227475
227489
227512
227518
227524
227611
227613
227628
227629
227635
227680
227698
227717
227743
227761
227797
227798
227805
227885
227920
227953
227978
228011
228116
228173
228271
228273
228326
228332
228390
228393
228427
228428
228439
228440
228472
228473
228474
228521
228581
228594
228625
228726
228734
228744
228753
228767
228786
228820
228824
228897
228899
228906
228955
228962
229000
229006
229021
229056
229073
229077
229116
229145
229169
229215
229222
229225
229337
229339
229346
229436
229464
229528
229570
229575
229577
229615
229617
229632
229660
229676
229703
229704
229748
229780
229844
229888
229901
229943
229975
229989
229993
230083
230123
230196
230198
230206
230219
230237
230239
230242
230284
230331
230389
230435
230448
230461
230467
230501
230604
230614
230669
230694
230697
230725
230737
230740
230746
230797
230803
230805
230843
230856
230904
230908
230910
230938
230943
230944
230947
230952
231010
231064
231139
231153
231158
231166
231193
231194
231247
231292
231306
231351
231442
231513
231523
231601
231715
231723
231786
231787
231799
231807
231830
231832
231865
231867
231873
231875
231982
232007
232045
232046
232077
232082
232170
232273
232353
232364
232371
232378
232393
232430
232436
232514
232539
232550
232590
232644
232647
232694
232711
232791
232827
232857
232940
232995
232996
233005
233181
233187
233194
233263
233267
233275
233276
233300
233323
233326
233390
233396
233474
233522
233547
233571
233593
233594
233677
233685
233694
233700
233738
233856
233913
233914
233963
233971
234043
234078
234105
234145
234149
234218
234254
234268
234292
234300
234313
234390
234393
234458
234504
234570
234590
234599
234716
234800
234816
234872
234880
235016
235082
235120
235132
235154
235181
235190
235192
235193
235212
235304
235306
235377
235423
235429
235441
235476
235481
235489
235524
235593
235660
235668
235777
235778
235779
235838
235889
235900
235911
235920
235941
235948
235969
236022
236056
236063
236074
236084
236145
236158
236182
236200
236201
236218
236270
236294
236296
236351
236370
236450
236497
236511
236633
236699
236706
236791
236801
236813
236914
236917
236927
236934
236942
236952
236985
237084
237124
237128
237182
237187
237254
237270
237311
237321
237396
237419
237438
237459
237476
237491
237494
237533
237536
237593
237596
237616
237626
237650
237652
237696
237700
237719
237764
237766
237830
237833
237892
237895
238011
238025
238031
238165
238180
238190
238248
238255
238256
238298
238310
238341
238360
238369
238376
238381
238390
238423
238439
238469
238473
238484
238549
238616
238630
238692
238694
238713
238809
238813
238814
238816
238830
238844
238872
238876
238877
238904
238913
238940
238941
238945
238968
238969
238972
239005
239020
239094
239134
239153
239175
239196
239218
239243
239342
239350
239354
239356
239361
239469
239475
239513
239575
239583
239646
239684
239705
239724
239748
239768
239783
239811
239843
239863
239897
239899
239958
240005
240010
240011
240016
240030
240031
240134
240151
240169
240193
240197
240199
240245
240259
240265
240266
240333
240497
240524
240535
240559
240574
240607
240613
240622
240627
240647
240650
240656
240675
240694
240695
240705
240709
240752
240806
240857
240872
240976
240980
240991
241029
241030
241066
241093
241122
241182
241199
241212
241213
241228
241234
241249
241272
241308
241316
241323
241326
241435
241448
241474
241475
241488
241521
241549
241568
241591
241674
241686
241774
241819
241821
241834
241853
241923
241936
241941
241980
242027
242044
242059
242063
242074
242077
242113
242125
242126
242128
242144
242210
242261
242269
242287
242292
242331
242332
242343
242401
242402
242406
242418
242430
242440
242470
242471
242501
242512
242541
242545
242546
242557
242574
242609
242680
242685
242692
242700
242703
242796
242819
242850
242861
242907
242927
242941
243010
243024
243157
243219
243220
243230
243246
243298
243308
243332
243343
243351
243357
243380
243394
243444
243571
243668
243693
243707
243728
243741
243798
243816
243819
243844
243902
243935
243941
244014
244022
244040
244068
244101
244107
244124
244146
244147
244148
244158
244191
244205
244249
244310
244315
244411
244451
244462
244464
244476
244532
244628
244636
244637
244719
244729
244738
244845
244853
244854
244866
244927
244928
244941
244958
244999
245002
245083
245129
245207
245287
245302
245313
245335
245357
245360
245373
245376
245402
245449
245457
245514
245580
245586
245587
245588
245610
245658
245682
245720
245721
245727
245826
245875
245971
246024
246136
246137
246147
246166
246241
246259
246283
246389
246391
246464
246525
246561
246586
246591
246610
246713
246719
246746
246753
246803
246811
247059
248044
248045
248046
248047
248048
248049
248050
248051
248052
248053
248054
248055
248056
248057
248058
248059
248060
248061
248062
248063
248064
248065
248066
248067
248068
248069
248070
248071
248072
248073
248074
248075
248076
